/* GENERATED by tools/gen_field_gfx.py (asset viewer maps). Do not edit. */
static const u16 VIEW_TOWN_1_CELLS[1200] = {
    0x0000, 0x0000, 0x0000, 0x0000, 0x0001, 0x0001, 0x0001, 0x0001,
    0x0002, 0x0002, 0x0002, 0x0002, 0x0000, 0x0000, 0x0000, 0x0000,
    0x0001, 0x0001, 0x0001, 0x0001, 0x0002, 0x0002, 0x0002, 0x0002,
    0x0000, 0x0000, 0x0000, 0x0000, 0x0001, 0x0001, 0x0001, 0x0001,
    0x0002, 0x0002, 0x0002, 0x0002, 0x0000, 0x0000, 0x0000, 0x0000,
    0x0000, 0x0000, 0x0000, 0x0001, 0x0001, 0x0002, 0x0001, 0x0003,
    0x0002, 0x0004, 0x0002, 0x0005, 0x0000, 0x0006, 0x0000, 0x0009,
    0x0001, 0x000A, 0x0001, 0x000B, 0x0002, 0x000C, 0x0002, 0x000D,
    0x0000, 0x000E, 0x0000, 0x000F, 0x0001, 0x0010, 0x0001, 0x0011,
    0x0002, 0x0007, 0x0002, 0x0007, 0x0000, 0x0007, 0x0000, 0x0000,
    0x0000, 0x0000, 0x0000, 0x0000, 0x0001, 0x0001, 0x0001, 0x0001,
    0x0002, 0x0002, 0x0002, 0x0002, 0x0000, 0x0000, 0x0000, 0x0000,
    0x0001, 0x0001, 0x0001, 0x0001, 0x0002, 0x0002, 0x0002, 0x0002,
    0x0000, 0x0000, 0x0000, 0x0000, 0x0001, 0x0001, 0x0001, 0x0001,
    0x0002, 0x0008, 0x0002, 0x0008, 0x0000, 0x0008, 0x0000, 0x0000,
    0x0000, 0x0000, 0x0000, 0x0000, 0x0001, 0x0001, 0x0001, 0x0001,
    0x0002, 0x0002, 0x0002, 0x0002, 0x0000, 0x0000, 0x0000, 0x0000,
    0x0001, 0x0001, 0x0001, 0x0001, 0x0002, 0x0002, 0x0002, 0x0002,
    0x0000, 0x0000, 0x0000, 0x0000, 0x0001, 0x0001, 0x0001, 0x0001,
    0x0002, 0x0002, 0x0002, 0x0002, 0x0000, 0x0000, 0x0000, 0x0000,
    0x0001, 0x0012, 0x0013, 0x0014, 0x0015, 0x0016, 0x0002, 0x0026,
    0x0027, 0x0028, 0x0029, 0x002A, 0x0001, 0x003A, 0x003B, 0x003C,
    0x003D, 0x003E, 0x003F, 0x0040, 0x0000, 0x005D, 0x005E, 0x005F,
    0x0060, 0x0061, 0x0001, 0x0071, 0x0072, 0x0073, 0x0074, 0x0075,
    0x0000, 0x0085, 0x0086, 0x0000, 0x0001, 0x0001, 0x0001, 0x0001,
    0x0001, 0x0017, 0x0018, 0x0019, 0x001A, 0x001B, 0x0002, 0x002B,
    0x002C, 0x002D, 0x002E, 0x002F, 0x0001, 0x0041, 0x0042, 0x0043,
    0x0044, 0x0045, 0x0046, 0x0047, 0x0000, 0x0062, 0x0063, 0x0064,
    0x0065, 0x0066, 0x0001, 0x0076, 0x0077, 0x0078, 0x0079, 0x007A,
    0x0000, 0x0087, 0x0088, 0x0000, 0x0001, 0x0001, 0x0001, 0x0001,
    0x0001, 0x001C, 0x001D, 0x001E, 0x001F, 0x0020, 0x0002, 0x0030,
    0x0031, 0x0032, 0x0033, 0x0034, 0x0001, 0x0048, 0x0049, 0x004A,
    0x004B, 0x004C, 0x004D, 0x004E, 0x0000, 0x0067, 0x0068, 0x0069,
    0x006A, 0x006B, 0x0001, 0x007B, 0x007C, 0x007D, 0x007E, 0x007F,
    0x0000, 0x0000, 0x0000, 0x0000, 0x0001, 0x0001, 0x0001, 0x0001,
    0x0001, 0x0021, 0x0022, 0x0023, 0x0024, 0x0025, 0x0002, 0x0035,
    0x0036, 0x0037, 0x0038, 0x0039, 0x0001, 0x004F, 0x0050, 0x0051,
    0x0052, 0x0053, 0x0054, 0x0055, 0x0000, 0x006C, 0x006D, 0x006E,
    0x006F, 0x0070, 0x0001, 0x0080, 0x0081, 0x0082, 0x0083, 0x0084,
    0x0000, 0x0000, 0x0000, 0x0000, 0x0001, 0x0001, 0x0001, 0x0001,
    0x0002, 0x0002, 0x0002, 0x0002, 0x0000, 0x0000, 0x0000, 0x0000,
    0x0001, 0x0001, 0x0001, 0x0001, 0x0002, 0x0056, 0x0057, 0x0058,
    0x0059, 0x005A, 0x005B, 0x005C, 0x0001, 0x0001, 0x0001, 0x0001,
    0x0002, 0x0002, 0x0002, 0x0002, 0x0000, 0x0000, 0x0000, 0x0000,
    0x0001, 0x0001, 0x0001, 0x0001, 0x0002, 0x0002, 0x0002, 0x0002,
    0x0002, 0x0002, 0x0002, 0x0002, 0x0000, 0x0000, 0x0000, 0x0000,
    0x0001, 0x0001, 0x0001, 0x0001, 0x0002, 0x0002, 0x0002, 0x0002,
    0x0000, 0x0000, 0x0000, 0x0000, 0x0001, 0x0001, 0x0001, 0x0001,
    0x0002, 0x0002, 0x0002, 0x0002, 0x0000, 0x0000, 0x0000, 0x0000,
    0x0001, 0x0001, 0x0001, 0x0001, 0x0002, 0x0002, 0x0002, 0x0002,
    0x0002, 0x0002, 0x0002, 0x0002, 0x0000, 0x0000, 0xFFF1, 0xFFF1,
    0xFFF1, 0xFFF1, 0x0001, 0x0001, 0x0002, 0x0002, 0x0002, 0x0002,
    0x0000, 0x0000, 0x0000, 0x0000, 0x0001, 0x0001, 0x0001, 0x0001,
    0x0002, 0x0002, 0x0002, 0x0002, 0x0000, 0x0000, 0x0000, 0x0000,
    0x0001, 0x0001, 0x0001, 0x0001, 0x0002, 0x0002, 0x0002, 0x0002,
    0x0002, 0xFFF0, 0xFFF0, 0xFFF0, 0xFFF0, 0x0000, 0xFFF1, 0xFFF1,
    0xFFF1, 0xFFF1, 0x0001, 0x0001, 0x0002, 0x0002, 0x0002, 0x0002,
    0x0000, 0x0000, 0x0000, 0x0000, 0x0001, 0x0001, 0x0001, 0x0001,
    0x0002, 0x0002, 0x0002, 0x0002, 0x0000, 0x0000, 0x0000, 0x0000,
    0x0001, 0x0001, 0x0001, 0x0001, 0x0002, 0x0002, 0x0002, 0x0002,
    0x0000, 0x0000, 0x0000, 0x0000, 0x0001, 0x0001, 0xFFF1, 0xFFF1,
    0xFFF1, 0xFFF1, 0x0002, 0x0002, 0x0000, 0x0000, 0x0000, 0x0000,
    0x0001, 0x0001, 0x0001, 0x0001, 0x0002, 0x0002, 0x0002, 0x0002,
    0x0000, 0x0000, 0x0000, 0x0000, 0x0001, 0x0001, 0x0001, 0x0001,
    0x0002, 0x0002, 0x0002, 0x0002, 0x0000, 0x0000, 0x0000, 0x0000,
    0x0000, 0x0000, 0x0000, 0x0000, 0x0001, 0x0001, 0x0001, 0x0001,
    0x0002, 0x0002, 0x0002, 0x0002, 0x0000, 0x0000, 0x0000, 0x0000,
    0x0001, 0x0001, 0x0001, 0x0001, 0x0002, 0x0002, 0x0002, 0x0002,
    0x0000, 0x0000, 0x0000, 0x0000, 0x0001, 0x0001, 0x0001, 0x0001,
    0x0002, 0x0002, 0x0002, 0x0002, 0x0000, 0x0000, 0x0000, 0x0000,
    0x0000, 0x0000, 0x0000, 0x0000, 0x0001, 0x0001, 0x0001, 0x0001,
    0x0002, 0x0002, 0x0002, 0x0002, 0x0000, 0x0000, 0x0000, 0x0000,
    0x0001, 0x0001, 0x0001, 0x0001, 0x0002, 0x0002, 0x0002, 0x0002,
    0x0000, 0x0000, 0x0000, 0x0000, 0x0001, 0x0001, 0x0001, 0x0001,
    0x0002, 0x0002, 0x0002, 0x0002, 0x0000, 0x0000, 0x0000, 0x0000,
    0x0000, 0x0000, 0x0000, 0x0000, 0x0001, 0x0001, 0x0001, 0x0001,
    0x0002, 0x0002, 0x0002, 0x0002, 0x0000, 0x0000, 0x0000, 0x0000,
    0x0001, 0x0001, 0x0001, 0x0001, 0x0002, 0x0002, 0x0002, 0x0002,
    0x0000, 0x0000, 0x0000, 0x0000, 0x0001, 0x0001, 0x0001, 0x0001,
    0x0002, 0x0002, 0x0002, 0x0002, 0x0000, 0x0000, 0x0000, 0x0000,
    0x0001, 0x0001, 0x0001, 0x0001, 0x0002, 0x0002, 0x0002, 0x0002,
    0x0000, 0x0000, 0x0000, 0x0000, 0x0001, 0x0001, 0x0001, 0x0001,
    0x0002, 0x0002, 0x0002, 0x0002, 0x0000, 0x0000, 0x0000, 0x0000,
    0x0001, 0x0001, 0x0001, 0x0001, 0x0002, 0x0002, 0x0002, 0x0002,
    0x0000, 0x0000, 0x0000, 0x0000, 0x0001, 0x0001, 0x0001, 0x0001,
    0x0001, 0x0001, 0x0001, 0x0001, 0x0002, 0x0002, 0x0002, 0x0002,
    0x0000, 0x0000, 0x0000, 0x0000, 0x0001, 0x0001, 0x0001, 0x0001,
    0x0002, 0x0002, 0x0002, 0x0002, 0x0000, 0x0000, 0x0000, 0x0000,
    0x0001, 0x0001, 0x0001, 0x0001, 0x0002, 0x0002, 0x0002, 0x0002,
    0x0000, 0x0000, 0x0000, 0x0000, 0x0001, 0x0001, 0x0001, 0x0001,
    0x0001, 0x0001, 0x0001, 0x0001, 0x0002, 0x0002, 0x0002, 0x0002,
    0x0000, 0x0000, 0x0000, 0x0000, 0x0001, 0x0001, 0x0001, 0x0001,
    0x0002, 0x0002, 0x0002, 0x0002, 0x0000, 0x0000, 0x0000, 0x0000,
    0x0001, 0x0001, 0x0001, 0x0001, 0x0002, 0x0002, 0x0002, 0x0002,
    0x0000, 0x0000, 0x0000, 0x0000, 0x0001, 0x0001, 0x0001, 0x0001,
    0x0001, 0x0001, 0x0001, 0x0001, 0x0002, 0x0002, 0x0002, 0x0002,
    0x0000, 0x0000, 0x0000, 0x0000, 0x0001, 0x0001, 0x0001, 0x0001,
    0x0002, 0x0002, 0x0002, 0x0002, 0x0000, 0x0000, 0x0000, 0x0000,
    0x0001, 0x0001, 0x0001, 0x0001, 0x0002, 0x0002, 0x0002, 0x0002,
    0x0000, 0x0000, 0x0000, 0x0000, 0x0001, 0x0001, 0x0001, 0x0001,
    0x0002, 0x0002, 0x0002, 0x0002, 0x0000, 0x0000, 0x0000, 0x0000,
    0x0001, 0x0001, 0x0001, 0x0001, 0x0002, 0x0002, 0x0002, 0x0002,
    0x0000, 0x0000, 0x0000, 0x0000, 0x0001, 0x0001, 0x0001, 0x0001,
    0x0002, 0x0002, 0x0002, 0x0002, 0x0000, 0x0000, 0x0000, 0x0000,
    0x0001, 0x0001, 0x0001, 0x0001, 0x0002, 0x0002, 0x0002, 0x0002,
    0x0002, 0x0002, 0x0002, 0x0002, 0x0000, 0x0000, 0x0000, 0x0000,
    0x0001, 0x0001, 0x0001, 0x0001, 0x0002, 0x0002, 0x0002, 0x0002,
    0x0000, 0x0000, 0x0000, 0x0000, 0x0001, 0x0001, 0x0001, 0x0001,
    0x0002, 0x0002, 0x0002, 0x0002, 0x0000, 0x0000, 0x0000, 0x0000,
    0x0001, 0x0001, 0x0001, 0x0001, 0x0002, 0x0002, 0x0002, 0x0002,
    0x0002, 0x0002, 0x0002, 0x0002, 0x0000, 0x0000, 0x0000, 0x0000,
    0x0001, 0x0001, 0x0001, 0x0001, 0x0002, 0x0002, 0x0002, 0x0002,
    0x0000, 0x0000, 0x0000, 0x0000, 0x0001, 0x0001, 0x0001, 0x0001,
    0x0002, 0x0002, 0x0002, 0x0002, 0x0000, 0x0000, 0x0000, 0x0000,
    0x0001, 0x0001, 0x0001, 0x0001, 0x0002, 0x0002, 0x0002, 0x0002,
    0x0002, 0x0002, 0x0002, 0x0002, 0x0000, 0x0000, 0x0000, 0x0000,
    0x0001, 0x0001, 0x0001, 0x0001, 0x0002, 0x0002, 0x0002, 0x0002,
    0x0000, 0x0000, 0x0000, 0x0000, 0x0001, 0x0001, 0x0001, 0x0001,
    0x0002, 0x0002, 0x0002, 0x0002, 0x0000, 0x0000, 0x0000, 0x0000,
    0x0001, 0x0001, 0x0001, 0x0001, 0x0002, 0x0002, 0x0002, 0x0002,
    0x0000, 0x0000, 0x0000, 0x0000, 0x0001, 0x0001, 0x0001, 0x0001,
    0x0002, 0x0002, 0x0002, 0x0002, 0x0000, 0x0000, 0x0000, 0x0000,
    0x0001, 0x0001, 0x0001, 0x0001, 0x0002, 0x0002, 0x0002, 0x0002,
    0x0000, 0x0000, 0x0000, 0x0000, 0x0001, 0x0001, 0x0001, 0x0001,
    0x0002, 0x0002, 0x0002, 0x0002, 0x0000, 0x0000, 0x0000, 0x0000,
    0x0000, 0x0000, 0x0000, 0x0000, 0x0001, 0x0001, 0x0001, 0x0001,
    0x0002, 0x0002, 0x0002, 0x0002, 0x0000, 0x0000, 0x0000, 0x0000,
    0x0001, 0x0001, 0x0001, 0x0001, 0x0002, 0x0002, 0x0002, 0x0002,
    0x0000, 0x0000, 0x0000, 0x0000, 0x0001, 0x0001, 0x0001, 0x0001,
    0x0002, 0x0002, 0x0002, 0x0002, 0x0000, 0x0000, 0x0000, 0x0000,
    0x0000, 0x0000, 0x0000, 0x0000, 0x0001, 0x0001, 0x0001, 0x0001,
    0x0002, 0x0002, 0x0002, 0x0002, 0x0000, 0x0000, 0x0000, 0x0000,
    0x0001, 0x0001, 0x0001, 0x0001, 0x0002, 0x0002, 0x0002, 0x0002,
    0x0000, 0x0000, 0x0000, 0x0000, 0x0001, 0x0001, 0x0001, 0x0001,
    0x0002, 0x0002, 0x0002, 0x0002, 0x0000, 0x0000, 0x0000, 0x0000,
    0x0000, 0x0000, 0x0000, 0x0000, 0x0001, 0x0001, 0x0001, 0x0001,
    0x0002, 0x0002, 0x0002, 0x0002, 0x0000, 0x0000, 0x0000, 0x0000,
    0x0001, 0x0001, 0x0001, 0x0001, 0x0002, 0x0002, 0x0002, 0x0002,
    0x0000, 0x0000, 0x0000, 0x0000, 0x0001, 0x0001, 0x0001, 0x0001,
    0x0002, 0x0002, 0x0002, 0x0002, 0x0000, 0x0000, 0x0000, 0x0000,
    0x0001, 0x0001, 0x0001, 0x0001, 0x0002, 0x0002, 0x0002, 0x0002,
    0x0000, 0x0000, 0x0000, 0x0000, 0x0001, 0x0001, 0x0001, 0x0001,
    0x0002, 0x0002, 0x0002, 0x0002, 0x0000, 0x0000, 0x0000, 0x0000,
    0x0001, 0x0001, 0x0001, 0x0001, 0x0002, 0x0002, 0x0002, 0x0002,
    0x0000, 0x0000, 0x0000, 0x0000, 0x0001, 0x0001, 0x0001, 0x0001,
    0x0001, 0x0001, 0x0001, 0x0001, 0x0002, 0x0002, 0x0002, 0x0002,
    0x0000, 0x0000, 0x0000, 0x0000, 0x0001, 0x0001, 0x0001, 0x0001,
    0x0002, 0x0002, 0x0002, 0x0002, 0x0000, 0x0000, 0x0000, 0x0000,
    0x0001, 0x0001, 0x0001, 0x0001, 0x0002, 0x0002, 0x0002, 0x0002,
    0x0000, 0x0000, 0x0000, 0x0000, 0x0001, 0x0001, 0x0001, 0x0001,
};

static const u16 VIEW_TOWN_1_GROUND[1200] = {
    0x0000, 0x0000, 0x0000, 0x0000, 0x0000, 0x0000, 0x0000, 0x0000,
    0x0000, 0x0000, 0x0000, 0x0000, 0x0000, 0x0000, 0x0000, 0x0000,
    0x0000, 0x0000, 0x0000, 0x0000, 0x0000, 0x0000, 0x0000, 0x0000,
    0x0000, 0x0000, 0x0000, 0x0000, 0x0000, 0x0000, 0x0000, 0x0000,
    0x0000, 0x0000, 0x0000, 0x0000, 0x0000, 0x0000, 0x0000, 0x0000,
    0x0000, 0x0000, 0x0000, 0x0000, 0x0000, 0x0000, 0x0000, 0x0000,
    0x0000, 0x0000, 0x0000, 0x0000, 0x0000, 0x0000, 0x0000, 0x0000,
    0x0000, 0x0000, 0x0000, 0x0000, 0x0000, 0x0000, 0x0000, 0x0000,
    0x0000, 0x0000, 0x0000, 0x0000, 0x0000, 0x0000, 0x0000, 0x0000,
    0x0000, 0x0000, 0x0000, 0x0001, 0x0000, 0x0002, 0x0000, 0x0000,
    0x0000, 0x0000, 0x0000, 0x0000, 0x0000, 0x0000, 0x0000, 0x0000,
    0x0000, 0x0000, 0x0000, 0x0000, 0x0000, 0x0000, 0x0000, 0x0000,
    0x0000, 0x0000, 0x0000, 0x0000, 0x0000, 0x0000, 0x0000, 0x0000,
    0x0000, 0x0000, 0x0000, 0x0000, 0x0000, 0x0000, 0x0000, 0x0000,
    0x0000, 0x0000, 0x0000, 0x0001, 0x0000, 0x0002, 0x0000, 0x0000,
    0x0000, 0x0000, 0x0000, 0x0000, 0x0000, 0x0000, 0x0000, 0x0000,
    0x0000, 0x0000, 0x0000, 0x0000, 0x0000, 0x0000, 0x0000, 0x0000,
    0x0000, 0x0000, 0x0000, 0x0000, 0x0000, 0x0000, 0x0000, 0x0000,
    0x0000, 0x0000, 0x0000, 0x0000, 0x0000, 0x0000, 0x0000, 0x0000,
    0x0000, 0x0000, 0x0000, 0x0000, 0x0000, 0x0000, 0x0000, 0x0000,
    0x0000, 0x0000, 0x0000, 0x0000, 0x0000, 0x0000, 0x0000, 0x0000,
    0x0000, 0x0000, 0x0000, 0x0000, 0x0000, 0x0000, 0x0000, 0x0000,
    0x0000, 0x0000, 0x0000, 0x0000, 0x0000, 0x0000, 0x0000, 0x0000,
    0x0000, 0x0000, 0x0000, 0x0000, 0x0000, 0x0000, 0x0000, 0x0000,
    0x0000, 0x0000, 0x0000, 0x0000, 0x0000, 0x0000, 0x0000, 0x0000,
    0x0000, 0x0000, 0x0000, 0x0000, 0x0000, 0x0000, 0x0000, 0x0000,
    0x0000, 0x0000, 0x0000, 0x0000, 0x0000, 0x0000, 0x0000, 0x0000,
    0x0000, 0x0000, 0x0000, 0x0000, 0x0000, 0x0000, 0x0000, 0x0000,
    0x0000, 0x0000, 0x0000, 0x0000, 0x0000, 0x0000, 0x0000, 0x0000,
    0x0000, 0x0000, 0x0000, 0x0000, 0x0000, 0x0000, 0x0000, 0x0000,
    0x0000, 0x0000, 0x0000, 0x0000, 0x0000, 0x0000, 0x0000, 0x0000,
    0x0000, 0x0000, 0x0000, 0x0000, 0x0000, 0x0000, 0x0000, 0x0000,
    0x0000, 0x0000, 0x0000, 0x0000, 0x0000, 0x0000, 0x0000, 0x0000,
    0x0000, 0x0000, 0x0000, 0x0000, 0x0000, 0x0000, 0x0000, 0x0000,
    0x0000, 0x0000, 0x0000, 0x0000, 0x0000, 0x0000, 0x0000, 0x0000,
    0x0000, 0x0000, 0x0000, 0x0000, 0x0000, 0x0000, 0x0000, 0x0000,
    0x0000, 0x0000, 0x0000, 0x0000, 0x0000, 0x0000, 0x0000, 0x0000,
    0x0000, 0x0000, 0x0000, 0x0000, 0x0000, 0x0000, 0x0000, 0x0000,
    0x0000, 0x0000, 0x0000, 0x0000, 0x0000, 0x0000, 0x0000, 0x0000,
    0x0000, 0x0000, 0x0000, 0x0000, 0x0000, 0x0000, 0x0000, 0x0000,
    0x0000, 0x0000, 0x0000, 0x0000, 0x0000, 0x0000, 0x0000, 0x0000,
    0x0000, 0x0000, 0x0000, 0x0000, 0x0000, 0x0000, 0x0000, 0x0000,
    0x0000, 0x0000, 0x0000, 0x0000, 0x0000, 0x0000, 0x0000, 0x0000,
    0x0000, 0x0000, 0x0000, 0x0000, 0x0000, 0x0000, 0x0000, 0x0000,
    0x0000, 0x0000, 0x0000, 0x0000, 0x0000, 0x0000, 0x0000, 0x0000,
    0x0000, 0x0000, 0x0000, 0x0000, 0x0000, 0x0000, 0x0000, 0x0000,
    0x0000, 0x0000, 0x0000, 0x0000, 0x0000, 0x0000, 0x0000, 0x0000,
    0x0000, 0x0000, 0x0000, 0x0000, 0x0000, 0x0000, 0x0000, 0x0000,
    0x0000, 0x0000, 0x0000, 0x0000, 0x0000, 0x0000, 0x0000, 0x0000,
    0x0000, 0x0000, 0x0000, 0x0000, 0x0000, 0x0000, 0x0000, 0x0000,
    0x0000, 0x0000, 0x0000, 0x0000, 0x0000, 0x0000, 0x0000, 0x0000,
    0x0000, 0x0000, 0x0000, 0x0000, 0x0000, 0x0000, 0x0000, 0x0000,
    0x0000, 0x0000, 0x0000, 0x0000, 0x0000, 0x0000, 0x0000, 0x0000,
    0x0000, 0x0000, 0x0000, 0x0000, 0x0000, 0x0000, 0x0000, 0x0000,
    0x0000, 0x0000, 0x0000, 0x0000, 0x0000, 0x0000, 0x0000, 0x0000,
    0x0000, 0x0000, 0x0000, 0x0000, 0x0000, 0x0000, 0x0000, 0x0000,
    0x0000, 0x0000, 0x0000, 0x0000, 0x0000, 0x0000, 0x0000, 0x0000,
    0x0000, 0x0000, 0x0000, 0x0000, 0x0000, 0x0000, 0x0000, 0x0000,
    0x0000, 0x0000, 0x0000, 0x0000, 0x0000, 0x0000, 0x0000, 0x0000,
    0x0000, 0x0000, 0x0000, 0x0000, 0x0000, 0x0000, 0x0000, 0x0000,
    0x0000, 0x0000, 0x0000, 0x0000, 0x0000, 0x0000, 0x0000, 0x0000,
    0x0000, 0x0000, 0x0000, 0x0000, 0x0000, 0x0000, 0x0000, 0x0000,
    0x0000, 0x0000, 0x0000, 0x0000, 0x0000, 0x0000, 0x0000, 0x0000,
    0x0000, 0x0000, 0x0000, 0x0000, 0x0000, 0x0000, 0x0000, 0x0000,
    0x0000, 0x0000, 0x0000, 0x0000, 0x0000, 0x0000, 0x0000, 0x0000,
    0x0000, 0x0000, 0x0000, 0x0000, 0x0000, 0x0000, 0x0000, 0x0000,
    0x0000, 0x0000, 0x0000, 0x0000, 0x0000, 0x0000, 0x0000, 0x0000,
    0x0000, 0x0000, 0x0000, 0x0000, 0x0000, 0x0000, 0x0000, 0x0000,
    0x0000, 0x0000, 0x0000, 0x0000, 0x0000, 0x0000, 0x0000, 0x0000,
    0x0000, 0x0000, 0x0000, 0x0000, 0x0000, 0x0000, 0x0000, 0x0000,
    0x0000, 0x0000, 0x0000, 0x0000, 0x0000, 0x0000, 0x0000, 0x0000,
    0x0000, 0x0000, 0x0000, 0x0000, 0x0000, 0x0000, 0x0000, 0x0000,
    0x0000, 0x0000, 0x0000, 0x0000, 0x0000, 0x0000, 0x0000, 0x0000,
    0x0000, 0x0000, 0x0000, 0x0000, 0x0000, 0x0000, 0x0000, 0x0000,
    0x0000, 0x0000, 0x0000, 0x0000, 0x0000, 0x0000, 0x0000, 0x0000,
    0x0000, 0x0000, 0x0000, 0x0000, 0x0000, 0x0000, 0x0000, 0x0000,
    0x0000, 0x0000, 0x0000, 0x0000, 0x0000, 0x0000, 0x0000, 0x0000,
    0x0000, 0x0000, 0x0000, 0x0000, 0x0000, 0x0000, 0x0000, 0x0000,
    0x0000, 0x0000, 0x0000, 0x0000, 0x0000, 0x0000, 0x0000, 0x0000,
    0x0000, 0x0000, 0x0000, 0x0000, 0x0000, 0x0000, 0x0000, 0x0000,
    0x0000, 0x0000, 0x0000, 0x0000, 0x0000, 0x0000, 0x0000, 0x0000,
    0x0000, 0x0000, 0x0000, 0x0000, 0x0000, 0x0000, 0x0000, 0x0000,
    0x0000, 0x0000, 0x0000, 0x0000, 0x0000, 0x0000, 0x0000, 0x0000,
    0x0000, 0x0000, 0x0000, 0x0000, 0x0000, 0x0000, 0x0000, 0x0000,
    0x0000, 0x0000, 0x0000, 0x0000, 0x0000, 0x0000, 0x0000, 0x0000,
    0x0000, 0x0000, 0x0000, 0x0000, 0x0000, 0x0000, 0x0000, 0x0000,
    0x0000, 0x0000, 0x0000, 0x0000, 0x0000, 0x0000, 0x0000, 0x0000,
    0x0000, 0x0000, 0x0000, 0x0000, 0x0000, 0x0000, 0x0000, 0x0000,
    0x0000, 0x0000, 0x0000, 0x0000, 0x0000, 0x0000, 0x0000, 0x0000,
    0x0000, 0x0000, 0x0000, 0x0000, 0x0000, 0x0000, 0x0000, 0x0000,
    0x0000, 0x0000, 0x0000, 0x0000, 0x0000, 0x0000, 0x0000, 0x0000,
    0x0000, 0x0000, 0x0000, 0x0000, 0x0000, 0x0000, 0x0000, 0x0000,
    0x0000, 0x0000, 0x0000, 0x0000, 0x0000, 0x0000, 0x0000, 0x0000,
    0x0000, 0x0000, 0x0000, 0x0000, 0x0000, 0x0000, 0x0000, 0x0000,
    0x0000, 0x0000, 0x0000, 0x0000, 0x0000, 0x0000, 0x0000, 0x0000,
    0x0000, 0x0000, 0x0000, 0x0000, 0x0000, 0x0000, 0x0000, 0x0000,
    0x0000, 0x0000, 0x0000, 0x0000, 0x0000, 0x0000, 0x0000, 0x0000,
    0x0000, 0x0000, 0x0000, 0x0000, 0x0000, 0x0000, 0x0000, 0x0000,
    0x0000, 0x0000, 0x0000, 0x0000, 0x0000, 0x0000, 0x0000, 0x0000,
    0x0000, 0x0000, 0x0000, 0x0000, 0x0000, 0x0000, 0x0000, 0x0000,
    0x0000, 0x0000, 0x0000, 0x0000, 0x0000, 0x0000, 0x0000, 0x0000,
    0x0000, 0x0000, 0x0000, 0x0000, 0x0000, 0x0000, 0x0000, 0x0000,
    0x0000, 0x0000, 0x0000, 0x0000, 0x0000, 0x0000, 0x0000, 0x0000,
    0x0000, 0x0000, 0x0000, 0x0000, 0x0000, 0x0000, 0x0000, 0x0000,
    0x0000, 0x0000, 0x0000, 0x0000, 0x0000, 0x0000, 0x0000, 0x0000,
    0x0000, 0x0000, 0x0000, 0x0000, 0x0000, 0x0000, 0x0000, 0x0000,
    0x0000, 0x0000, 0x0000, 0x0000, 0x0000, 0x0000, 0x0000, 0x0000,
    0x0000, 0x0000, 0x0000, 0x0000, 0x0000, 0x0000, 0x0000, 0x0000,
    0x0000, 0x0000, 0x0000, 0x0000, 0x0000, 0x0000, 0x0000, 0x0000,
    0x0000, 0x0000, 0x0000, 0x0000, 0x0000, 0x0000, 0x0000, 0x0000,
    0x0000, 0x0000, 0x0000, 0x0000, 0x0000, 0x0000, 0x0000, 0x0000,
    0x0000, 0x0000, 0x0000, 0x0000, 0x0000, 0x0000, 0x0000, 0x0000,
    0x0000, 0x0000, 0x0000, 0x0000, 0x0000, 0x0000, 0x0000, 0x0000,
    0x0000, 0x0000, 0x0000, 0x0000, 0x0000, 0x0000, 0x0000, 0x0000,
    0x0000, 0x0000, 0x0000, 0x0000, 0x0000, 0x0000, 0x0000, 0x0000,
    0x0000, 0x0000, 0x0000, 0x0000, 0x0000, 0x0000, 0x0000, 0x0000,
    0x0000, 0x0000, 0x0000, 0x0000, 0x0000, 0x0000, 0x0000, 0x0000,
    0x0000, 0x0000, 0x0000, 0x0000, 0x0000, 0x0000, 0x0000, 0x0000,
    0x0000, 0x0000, 0x0000, 0x0000, 0x0000, 0x0000, 0x0000, 0x0000,
    0x0000, 0x0000, 0x0000, 0x0000, 0x0000, 0x0000, 0x0000, 0x0000,
    0x0000, 0x0000, 0x0000, 0x0000, 0x0000, 0x0000, 0x0000, 0x0000,
    0x0000, 0x0000, 0x0000, 0x0000, 0x0000, 0x0000, 0x0000, 0x0000,
    0x0000, 0x0000, 0x0000, 0x0000, 0x0000, 0x0000, 0x0000, 0x0000,
    0x0000, 0x0000, 0x0000, 0x0000, 0x0000, 0x0000, 0x0000, 0x0000,
    0x0000, 0x0000, 0x0000, 0x0000, 0x0000, 0x0000, 0x0000, 0x0000,
    0x0000, 0x0000, 0x0000, 0x0000, 0x0000, 0x0000, 0x0000, 0x0000,
    0x0000, 0x0000, 0x0000, 0x0000, 0x0000, 0x0000, 0x0000, 0x0000,
    0x0000, 0x0000, 0x0000, 0x0000, 0x0000, 0x0000, 0x0000, 0x0000,
    0x0000, 0x0000, 0x0000, 0x0000, 0x0000, 0x0000, 0x0000, 0x0000,
    0x0000, 0x0000, 0x0000, 0x0000, 0x0000, 0x0000, 0x0000, 0x0000,
    0x0000, 0x0000, 0x0000, 0x0000, 0x0000, 0x0000, 0x0000, 0x0000,
    0x0000, 0x0000, 0x0000, 0x0000, 0x0000, 0x0000, 0x0000, 0x0000,
    0x0000, 0x0000, 0x0000, 0x0000, 0x0000, 0x0000, 0x0000, 0x0000,
    0x0000, 0x0000, 0x0000, 0x0000, 0x0000, 0x0000, 0x0000, 0x0000,
    0x0000, 0x0000, 0x0000, 0x0000, 0x0000, 0x0000, 0x0000, 0x0000,
    0x0000, 0x0000, 0x0000, 0x0000, 0x0000, 0x0000, 0x0000, 0x0000,
    0x0000, 0x0000, 0x0000, 0x0000, 0x0000, 0x0000, 0x0000, 0x0000,
    0x0000, 0x0000, 0x0000, 0x0000, 0x0000, 0x0000, 0x0000, 0x0000,
    0x0000, 0x0000, 0x0000, 0x0000, 0x0000, 0x0000, 0x0000, 0x0000,
    0x0000, 0x0000, 0x0000, 0x0000, 0x0000, 0x0000, 0x0000, 0x0000,
    0x0000, 0x0000, 0x0000, 0x0000, 0x0000, 0x0000, 0x0000, 0x0000,
    0x0000, 0x0000, 0x0000, 0x0000, 0x0000, 0x0000, 0x0000, 0x0000,
    0x0000, 0x0000, 0x0000, 0x0000, 0x0000, 0x0000, 0x0000, 0x0000,
    0x0000, 0x0000, 0x0000, 0x0000, 0x0000, 0x0000, 0x0000, 0x0000,
    0x0000, 0x0000, 0x0000, 0x0000, 0x0000, 0x0000, 0x0000, 0x0000,
    0x0000, 0x0000, 0x0000, 0x0000, 0x0000, 0x0000, 0x0000, 0x0000,
    0x0000, 0x0000, 0x0000, 0x0000, 0x0000, 0x0000, 0x0000, 0x0000,
    0x0000, 0x0000, 0x0000, 0x0000, 0x0000, 0x0000, 0x0000, 0x0000,
    0x0000, 0x0000, 0x0000, 0x0000, 0x0000, 0x0000, 0x0000, 0x0000,
    0x0000, 0x0000, 0x0000, 0x0000, 0x0000, 0x0000, 0x0000, 0x0000,
};

static const DecorPlace VIEW_TOWN_1_DECOR[] = {
    DP(SIGNPOST, 11, 10),
    DP(MAILBOX, 13, 10),
    DP(FENCE, 15, 10),
    DP(FENCE_END, 17, 10),
    DP(LAMP, 19, 10),
    DP(ROCK, 21, 10),
    DP(BUSH, 23, 10),
    DP(BENCH, 25, 10),
    DP(BARREL, 28, 10),
    DP(CRATE, 30, 10),
    DP(CRATE_STACK, 32, 10),
    DP(SACKS, 34, 10),
    DP(FLOWER_POT, 36, 10),
    DP(PLANTER, 1, 14),
    DP(WELL, 4, 14),
    DP(HAY_BALE, 7, 14),
    DP(WATER_TROUGH, 9, 14),
    DP(MARKET_STALL, 12, 14),
    DP(OLD_HEARTH, 16, 14),
    DP(LANTERN_POST, 19, 14),
    DP(STONE_LANTERN, 21, 14),
    DP(CAMPFIRE, 23, 14),
    DP(FLAG, 25, 14),
    DP(TENT, 27, 14),
    DP(WOODPILE, 30, 14),
    DP(STUMP, 33, 14),
    DP(LOG, 35, 14),
    DP(BIG_TREE, 1, 17),
    DP(HEDGE, 4, 17),
    DP(HEDGE_END, 6, 17),
    DP(BOULDER, 8, 17),
    DP(PEBBLES, 11, 17),
    DP(FALLEN_LEAVES, 13, 17),
    DP(SMALL_FLOWERS, 15, 17),
    DP(LILY_PADS, 17, 17),
    DP(BRIDGE_H, 19, 17),
    DP(BRIDGE_V, 21, 17),
    DP(FOUNTAIN, 23, 17),
    DP(PICNIC_TABLE, 26, 17),
    DP(NOTICE_BOARD, 29, 17),
    DP(CART, 32, 17),
    DP(WHEELBARROW, 35, 17),
    DP(SCARECROW, 37, 17),
    DP(KIN_STATUE, 1, 20),
    DP(SHRINE, 3, 20),
    DP(SIGN_ARROW, 5, 20),
    DP(GATE, 7, 20),
    DP(CLOTHESLINE, 9, 20),
    DP(BEEHIVE, 12, 20),
};

static const u16 VIEW_TOWN_2_CELLS[480] = {
    0x0000, 0x0000, 0x0000, 0x0000, 0x0001, 0x0001, 0x0001, 0x0001,
    0x0002, 0x0002, 0x0002, 0x0002, 0x0000, 0x0000, 0x0000, 0x0000,
    0x0001, 0x0001, 0x0001, 0x0001, 0x0002, 0x0002, 0x0002, 0x0002,
    0x0000, 0x0000, 0x0000, 0x0000, 0x0001, 0x0001, 0x0001, 0x0001,
    0x0002, 0x0002, 0x0002, 0x0002, 0x0000, 0x0000, 0x0000, 0x0000,
    0x0000, 0x0000, 0x0000, 0x0000, 0x0001, 0x0001, 0x0001, 0x0001,
    0x0002, 0x0002, 0x0002, 0x0002, 0x0000, 0x0000, 0x0000, 0x0000,
    0x0001, 0x0001, 0x0001, 0x0001, 0x0002, 0x0002, 0x0002, 0x0002,
    0x0000, 0x0000, 0x0000, 0x0000, 0x0001, 0x0001, 0x0001, 0x0001,
    0x0002, 0x0002, 0x0002, 0x0002, 0x0000, 0x0000, 0x0000, 0x0000,
    0x0000, 0x0000, 0x0000, 0x0000, 0x0001, 0x0001, 0x0001, 0x0001,
    0x0002, 0x0002, 0x0002, 0x0002, 0x0000, 0x0000, 0x0000, 0x0000,
    0x0001, 0x0001, 0x0001, 0x0001, 0x0002, 0x0002, 0x0002, 0x0002,
    0x0000, 0x0000, 0x0000, 0x0000, 0x0001, 0x0001, 0x0001, 0x0001,
    0x0002, 0x0002, 0x0002, 0x0002, 0x0000, 0x0000, 0x0000, 0x0000,
    0x0000, 0x0000, 0x0000, 0x0000, 0x0001, 0x0001, 0x0001, 0x0001,
    0x0002, 0x0002, 0x0002, 0x0002, 0x0000, 0x0000, 0x0000, 0x0000,
    0x0001, 0x0001, 0x0001, 0x0001, 0x0002, 0x0002, 0x0002, 0x0002,
    0x0000, 0x0000, 0x0000, 0x0000, 0x0001, 0x0001, 0x0001, 0x0001,
    0x0002, 0x0002, 0x0002, 0x0002, 0x0000, 0x0000, 0x0000, 0x0000,
    0x0001, 0x0001, 0x0001, 0x0001, 0x0002, 0x0002, 0x0002, 0x0002,
    0x0000, 0x0000, 0x0000, 0x0000, 0x0001, 0x0001, 0x0001, 0x0001,
    0x0002, 0x0002, 0x0002, 0x0002, 0x0000, 0x0000, 0x0000, 0x0000,
    0x0001, 0x0001, 0x0001, 0x0001, 0x0002, 0x0002, 0x0002, 0x0002,
    0x0000, 0x0000, 0x0000, 0x0000, 0x0001, 0x0001, 0x0001, 0x0001,
    0x0001, 0x0001, 0x0001, 0x0001, 0x0002, 0x0002, 0x0002, 0x0002,
    0x0000, 0x0000, 0x0000, 0x0000, 0x0001, 0x0001, 0x0001, 0x0001,
    0x0002, 0x0002, 0x0002, 0x0002, 0x0000, 0x0000, 0x0000, 0x0000,
    0x0001, 0x0001, 0x0001, 0x0001, 0x0002, 0x0002, 0x0002, 0x0002,
    0x0000, 0x0000, 0x0000, 0x0000, 0x0001, 0x0001, 0x0001, 0x0001,
    0x0001, 0x0001, 0x0001, 0x0001, 0x0002, 0x0002, 0x0002, 0x0002,
    0x0000, 0x0000, 0x0000, 0x0000, 0x0001, 0x0001, 0x0001, 0x0001,
    0x0002, 0x0002, 0x0002, 0x0002, 0x0000, 0x0000, 0x0000, 0x0000,
    0x0001, 0x0001, 0x0001, 0x0001, 0x0002, 0x0002, 0x0002, 0x0002,
    0x0000, 0x0000, 0x0000, 0x0000, 0x0001, 0x0001, 0x0001, 0x0001,
    0x0001, 0x0001, 0x0001, 0x0001, 0x0002, 0x0002, 0x0002, 0x0002,
    0x0000, 0x0000, 0x0000, 0x0000, 0x0001, 0x0001, 0x0001, 0x0001,
    0x0002, 0x0002, 0x0002, 0x0002, 0x0000, 0x0000, 0x0000, 0x0000,
    0x0001, 0x0001, 0x0001, 0x0001, 0x0002, 0x0002, 0x0002, 0x0002,
    0x0000, 0x0000, 0x0000, 0x0000, 0x0001, 0x0001, 0x0001, 0x0001,
    0x0002, 0x0002, 0x0002, 0x0002, 0x0000, 0x0000, 0x0000, 0x0000,
    0x0001, 0x0001, 0x0001, 0x0001, 0x0002, 0x0002, 0x0002, 0x0002,
    0x0000, 0x0000, 0x0000, 0x0000, 0x0001, 0x0001, 0x0001, 0x0001,
    0x0002, 0x0002, 0x0002, 0x0002, 0x0000, 0x0000, 0x0000, 0x0000,
    0x0001, 0x0001, 0x0001, 0x0001, 0x0002, 0x0002, 0x0002, 0x0002,
    0x0002, 0x0002, 0x0002, 0x0002, 0x0000, 0x0000, 0x0000, 0x0000,
    0x0001, 0x0001, 0x0001, 0x0001, 0x0002, 0x0002, 0x0002, 0x0002,
    0x0000, 0x0000, 0x0000, 0x0000, 0x0001, 0x0001, 0x0001, 0x0001,
    0x0002, 0x0002, 0x0002, 0x0002, 0x0000, 0x0000, 0x0000, 0x0000,
    0x0001, 0x0001, 0x0001, 0x0001, 0x0002, 0x0002, 0x0002, 0x0002,
    0x0002, 0x0002, 0x0002, 0x0002, 0x0000, 0x0000, 0x0000, 0x0000,
    0x0001, 0x0001, 0x0001, 0x0001, 0x0002, 0x0002, 0x0002, 0x0002,
    0x0000, 0x0000, 0x0000, 0x0000, 0x0001, 0x0001, 0x0001, 0x0001,
    0x0002, 0x0002, 0x0002, 0x0002, 0x0000, 0x0000, 0x0000, 0x0000,
    0x0001, 0x0001, 0x0001, 0x0001, 0x0002, 0x0002, 0x0002, 0x0002,
    0x0002, 0x0002, 0x0002, 0x0002, 0x0000, 0x0000, 0x0000, 0x0000,
    0x0001, 0x0001, 0x0001, 0x0001, 0x0002, 0x0002, 0x0002, 0x0002,
    0x0000, 0x0000, 0x0000, 0x0000, 0x0001, 0x0001, 0x0001, 0x0001,
    0x0002, 0x0002, 0x0002, 0x0002, 0x0000, 0x0000, 0x0000, 0x0000,
    0x0001, 0x0001, 0x0001, 0x0001, 0x0002, 0x0002, 0x0002, 0x0002,
};

static const u16 VIEW_TOWN_2_GROUND[480] = {
    0x0000, 0x0000, 0x0000, 0x0000, 0x0000, 0x0000, 0x0000, 0x0000,
    0x0000, 0x0000, 0x0000, 0x0000, 0x0000, 0x0000, 0x0000, 0x0000,
    0x0000, 0x0000, 0x0000, 0x0000, 0x0000, 0x0000, 0x0000, 0x0000,
    0x0000, 0x0000, 0x0000, 0x0000, 0x0000, 0x0000, 0x0000, 0x0000,
    0x0000, 0x0000, 0x0000, 0x0000, 0x0000, 0x0000, 0x0000, 0x0000,
    0x0000, 0x0000, 0x0000, 0x0000, 0x0000, 0x0000, 0x0000, 0x0000,
    0x0000, 0x0000, 0x0000, 0x0000, 0x0000, 0x0000, 0x0000, 0x0000,
    0x0000, 0x0000, 0x0000, 0x0000, 0x0000, 0x0000, 0x0000, 0x0000,
    0x0000, 0x0000, 0x0000, 0x0000, 0x0000, 0x0000, 0x0000, 0x0000,
    0x0000, 0x0000, 0x0000, 0x0000, 0x0000, 0x0000, 0x0000, 0x0000,
    0x0000, 0x0000, 0x0000, 0x0000, 0x0000, 0x0000, 0x0000, 0x0000,
    0x0000, 0x0000, 0x0000, 0x0000, 0x0000, 0x0000, 0x0000, 0x0000,
    0x0000, 0x0000, 0x0000, 0x0000, 0x0000, 0x0000, 0x0000, 0x0000,
    0x0000, 0x0000, 0x0000, 0x0000, 0x0000, 0x0000, 0x0000, 0x0000,
    0x0000, 0x0000, 0x0000, 0x0000, 0x0000, 0x0000, 0x0000, 0x0000,
    0x0000, 0x0000, 0x0000, 0x0000, 0x0000, 0x0000, 0x0000, 0x0000,
    0x0000, 0x0000, 0x0000, 0x0000, 0x0000, 0x0000, 0x0000, 0x0000,
    0x0000, 0x0000, 0x0000, 0x0000, 0x0000, 0x0000, 0x0000, 0x0000,
    0x0000, 0x0000, 0x0000, 0x0000, 0x0000, 0x0000, 0x0000, 0x0000,
    0x0000, 0x0000, 0x0000, 0x0000, 0x0000, 0x0000, 0x0000, 0x0000,
    0x0000, 0x0000, 0x0000, 0x0000, 0x0000, 0x0000, 0x0000, 0x0000,
    0x0000, 0x0000, 0x0000, 0x0000, 0x0000, 0x0000, 0x0000, 0x0000,
    0x0000, 0x0000, 0x0000, 0x0000, 0x0000, 0x0000, 0x0000, 0x0000,
    0x0000, 0x0000, 0x0000, 0x0000, 0x0000, 0x0000, 0x0000, 0x0000,
    0x0000, 0x0000, 0x0000, 0x0000, 0x0000, 0x0000, 0x0000, 0x0000,
    0x0000, 0x0000, 0x0000, 0x0000, 0x0000, 0x0000, 0x0000, 0x0000,
    0x0000, 0x0000, 0x0000, 0x0000, 0x0000, 0x0000, 0x0000, 0x0000,
    0x0000, 0x0000, 0x0000, 0x0000, 0x0000, 0x0000, 0x0000, 0x0000,
    0x0000, 0x0000, 0x0000, 0x0000, 0x0000, 0x0000, 0x0000, 0x0000,
    0x0000, 0x0000, 0x0000, 0x0000, 0x0000, 0x0000, 0x0000, 0x0000,
    0x0000, 0x0000, 0x0000, 0x0000, 0x0000, 0x0000, 0x0000, 0x0000,
    0x0000, 0x0000, 0x0000, 0x0000, 0x0000, 0x0000, 0x0000, 0x0000,
    0x0000, 0x0000, 0x0000, 0x0000, 0x0000, 0x0000, 0x0000, 0x0000,
    0x0000, 0x0000, 0x0000, 0x0000, 0x0000, 0x0000, 0x0000, 0x0000,
    0x0000, 0x0000, 0x0000, 0x0000, 0x0000, 0x0000, 0x0000, 0x0000,
    0x0000, 0x0000, 0x0000, 0x0000, 0x0000, 0x0000, 0x0000, 0x0000,
    0x0000, 0x0000, 0x0000, 0x0000, 0x0000, 0x0000, 0x0000, 0x0000,
    0x0000, 0x0000, 0x0000, 0x0000, 0x0000, 0x0000, 0x0000, 0x0000,
    0x0000, 0x0000, 0x0000, 0x0000, 0x0000, 0x0000, 0x0000, 0x0000,
    0x0000, 0x0000, 0x0000, 0x0000, 0x0000, 0x0000, 0x0000, 0x0000,
    0x0000, 0x0000, 0x0000, 0x0000, 0x0000, 0x0000, 0x0000, 0x0000,
    0x0000, 0x0000, 0x0000, 0x0000, 0x0000, 0x0000, 0x0000, 0x0000,
    0x0000, 0x0000, 0x0000, 0x0000, 0x0000, 0x0000, 0x0000, 0x0000,
    0x0000, 0x0000, 0x0000, 0x0000, 0x0000, 0x0000, 0x0000, 0x0000,
    0x0000, 0x0000, 0x0000, 0x0000, 0x0000, 0x0000, 0x0000, 0x0000,
    0x0000, 0x0000, 0x0000, 0x0000, 0x0000, 0x0000, 0x0000, 0x0000,
    0x0000, 0x0000, 0x0000, 0x0000, 0x0000, 0x0000, 0x0000, 0x0000,
    0x0000, 0x0000, 0x0000, 0x0000, 0x0000, 0x0000, 0x0000, 0x0000,
    0x0000, 0x0000, 0x0000, 0x0000, 0x0000, 0x0000, 0x0000, 0x0000,
    0x0000, 0x0000, 0x0000, 0x0000, 0x0000, 0x0000, 0x0000, 0x0000,
    0x0000, 0x0000, 0x0000, 0x0000, 0x0000, 0x0000, 0x0000, 0x0000,
    0x0000, 0x0000, 0x0000, 0x0000, 0x0000, 0x0000, 0x0000, 0x0000,
    0x0000, 0x0000, 0x0000, 0x0000, 0x0000, 0x0000, 0x0000, 0x0000,
    0x0000, 0x0000, 0x0000, 0x0000, 0x0000, 0x0000, 0x0000, 0x0000,
    0x0000, 0x0000, 0x0000, 0x0000, 0x0000, 0x0000, 0x0000, 0x0000,
    0x0000, 0x0000, 0x0000, 0x0000, 0x0000, 0x0000, 0x0000, 0x0000,
    0x0000, 0x0000, 0x0000, 0x0000, 0x0000, 0x0000, 0x0000, 0x0000,
    0x0000, 0x0000, 0x0000, 0x0000, 0x0000, 0x0000, 0x0000, 0x0000,
    0x0000, 0x0000, 0x0000, 0x0000, 0x0000, 0x0000, 0x0000, 0x0000,
    0x0000, 0x0000, 0x0000, 0x0000, 0x0000, 0x0000, 0x0000, 0x0000,
};

static const DecorPlace VIEW_TOWN_2_DECOR[] = {
    DP(WEATHER_VANE, 1, 1),
    DP(RAIN_GAUGE, 3, 1),
    DP(PUMPKINS, 5, 1),
    DP(SUNFLOWERS, 7, 1),
    DP(BUNTING, 9, 1),
    DP(CROPS, 11, 1),
    DP(WATERWHEEL, 13, 1),
    DP(TOWN_CLIFF_HUT, 15, 1),
    DP(TOWN_SIGNAL_BELL, 19, 1),
};

static const u16 VIEW_WILD_1_CELLS[1240] = {
    0x0000, 0x0000, 0x0000, 0x0000, 0x0001, 0x0001, 0x0001, 0x0001,
    0x0002, 0x0002, 0x0002, 0x0002, 0x0000, 0x0000, 0x0000, 0x0000,
    0x0001, 0x0001, 0x0001, 0x0001, 0x0002, 0x0002, 0x0002, 0x0002,
    0x0000, 0x0000, 0x0000, 0x0000, 0x0001, 0x0001, 0x0001, 0x0001,
    0x0002, 0x0002, 0x0002, 0x0002, 0x0000, 0x0000, 0x0000, 0x0000,
    0x0000, 0x0000, 0x0000, 0x0001, 0x0001, 0x0002, 0x0001, 0x0003,
    0x0002, 0x0004, 0x0002, 0x0005, 0x0000, 0x000A, 0x0000, 0x000B,
    0x0001, 0x000C, 0x0001, 0x000D, 0x0002, 0x000E, 0x0002, 0x000F,
    0x0000, 0x0010, 0x0000, 0x0011, 0x0001, 0x0012, 0x0001, 0x0013,
    0x0002, 0x0014, 0x0002, 0x0015, 0x0000, 0x0016, 0x0000, 0x0000,
    0x0000, 0x0000, 0x0000, 0x0000, 0x0001, 0x0001, 0x0001, 0x0001,
    0x0002, 0x0002, 0x0002, 0x0002, 0x0000, 0x0000, 0x0000, 0x0000,
    0x0001, 0x0001, 0x0001, 0x0001, 0x0002, 0x0002, 0x0002, 0x0002,
    0x0000, 0x0000, 0x0000, 0x0000, 0x0001, 0x0001, 0x0001, 0x0001,
    0x0002, 0x0002, 0x0002, 0x0002, 0x0000, 0x0000, 0x0000, 0x0000,
    0x0000, 0x0017, 0x0000, 0x0018, 0x0001, 0x0019, 0x0001, 0x001A,
    0x0002, 0x001B, 0x0002, 0x001C, 0x0000, 0x001D, 0x0000, 0x001E,
    0x0001, 0x001F, 0x0001, 0x0020, 0x0002, 0x0021, 0x0002, 0x0022,
    0x0000, 0x0023, 0x0000, 0x0024, 0x0001, 0x0025, 0x0001, 0x0026,
    0x0002, 0x0006, 0x0002, 0x0006, 0x0000, 0x0006, 0x0000, 0x0000,
    0x0001, 0x0001, 0x0001, 0x0001, 0x0002, 0x0002, 0x0002, 0x0002,
    0x0000, 0x0000, 0x0000, 0x0000, 0x0001, 0x0001, 0x0001, 0x0001,
    0x0002, 0x0002, 0x0002, 0x0002, 0x0000, 0x0000, 0x0000, 0x0000,
    0x0001, 0x0001, 0x0001, 0x0001, 0x0002, 0x0002, 0x0002, 0x0002,
    0x0000, 0x0007, 0x0000, 0x0007, 0x0001, 0x0007, 0x0001, 0x0001,
    0x0001, 0x0001, 0x0001, 0x0001, 0x0002, 0x0002, 0x0002, 0x0002,
    0x0000, 0x0000, 0x0000, 0x0000, 0x0001, 0x0001, 0x0001, 0x0001,
    0x0002, 0x0002, 0x0002, 0x0002, 0x0000, 0x0000, 0x0000, 0x0000,
    0x0001, 0x0001, 0x0001, 0x0001, 0x0002, 0x0002, 0x0002, 0x0002,
    0x0000, 0x0000, 0x0000, 0x0000, 0x0001, 0x0001, 0x0001, 0x0001,
    0x0001, 0x0008, 0x0001, 0x0008, 0x0002, 0x0008, 0x0002, 0x0027,
    0x0028, 0x0029, 0x002A, 0x002B, 0x0001, 0x003B, 0x003C, 0x003D,
    0x003E, 0x003F, 0x0002, 0x0002, 0x0000, 0x0000, 0x0000, 0x0000,
    0xFFF1, 0xFFF1, 0xFFF1, 0xFFF1, 0x0002, 0x0002, 0x0002, 0x0002,
    0x0000, 0x0000, 0x0000, 0x0000, 0x0001, 0x0001, 0x0001, 0x0001,
    0x0001, 0x0009, 0x0001, 0x0009, 0x0002, 0x0009, 0x0002, 0x002C,
    0x002D, 0x002E, 0x002F, 0x0030, 0x0001, 0x0040, 0x0041, 0x0042,
    0x0043, 0x0044, 0x0002, 0xFFF0, 0xFFF0, 0xFFF0, 0xFFF0, 0x0000,
    0xFFF1, 0xFFF1, 0xFFF1, 0xFFF1, 0x0002, 0x0002, 0x0002, 0x0002,
    0x0000, 0x0000, 0x0000, 0x0000, 0x0001, 0x0001, 0x0001, 0x0001,
    0x0002, 0x0002, 0x0002, 0x0002, 0x0000, 0x0000, 0x0000, 0x0031,
    0x0032, 0x0033, 0x0034, 0x0035, 0x0002, 0x0045, 0x0046, 0x0047,
    0x0048, 0x0049, 0x0000, 0x0000, 0x0001, 0x0001, 0x0001, 0x0001,
    0xFFF1, 0xFFF1, 0xFFF1, 0xFFF1, 0x0000, 0x0000, 0x0000, 0x0000,
    0x0001, 0x0001, 0x0001, 0x0001, 0x0002, 0x0002, 0x0002, 0x0002,
    0x0002, 0x0002, 0x0002, 0x0002, 0x0000, 0x0000, 0x0000, 0x0036,
    0x0037, 0x0038, 0x0039, 0x003A, 0x0002, 0x004A, 0x004B, 0x004C,
    0x004D, 0x004E, 0x0000, 0x0000, 0x0001, 0x0001, 0x0001, 0x0001,
    0x0002, 0x0002, 0x0002, 0x0002, 0x0000, 0x0000, 0x0000, 0x0000,
    0x0001, 0x0001, 0x0001, 0x0001, 0x0002, 0x0002, 0x0002, 0x0002,
    0x0002, 0x0002, 0x0002, 0x0002, 0x0000, 0x0000, 0x0000, 0x0000,
    0x0001, 0x0001, 0x0001, 0x0001, 0x0002, 0x0002, 0x0002, 0x0002,
    0x0000, 0x0000, 0x0000, 0x0000, 0x0001, 0x0001, 0x0001, 0x0001,
    0x0002, 0x0002, 0x0002, 0x0002, 0x0000, 0x0000, 0x0000, 0x0000,
    0x0001, 0x0001, 0x0001, 0x0001, 0x0002, 0x0002, 0x0002, 0x0002,
    0x0002, 0x0002, 0x0002, 0x0002, 0x0000, 0x0000, 0x0000, 0x0000,
    0x0001, 0x0001, 0x0001, 0x0001, 0x0002, 0x0002, 0x0002, 0x0002,
    0x0000, 0x0000, 0x0000, 0x0000, 0x0001, 0x0001, 0x0001, 0x0001,
    0x0002, 0x0002, 0x0002, 0x0002, 0x0000, 0x0000, 0x0000, 0x0000,
    0x0001, 0x0001, 0x0001, 0x0001, 0x0002, 0x0002, 0x0002, 0x0002,
    0x0000, 0x0000, 0x0000, 0x0000, 0x0001, 0x0001, 0x0001, 0x0001,
    0x0002, 0x0002, 0x0002, 0x0002, 0x0000, 0x0000, 0x0000, 0x0000,
    0x0001, 0x0001, 0x0001, 0x0001, 0x0002, 0x0002, 0x0002, 0x0002,
    0x0000, 0x0000, 0x0000, 0x0000, 0x0001, 0x0001, 0x0001, 0x0001,
    0x0002, 0x0002, 0x0002, 0x0002, 0x0000, 0x0000, 0x0000, 0x0000,
    0x0000, 0x0000, 0x0000, 0x0000, 0x0001, 0x0001, 0x0001, 0x0001,
    0x0002, 0x0002, 0x0002, 0x0002, 0x0000, 0x0000, 0x0000, 0x0000,
    0x0001, 0x0001, 0x0001, 0x0001, 0x0002, 0x0002, 0x0002, 0x0002,
    0x0000, 0x0000, 0x0000, 0x0000, 0x0001, 0x0001, 0x0001, 0x0001,
    0x0002, 0x0002, 0x0002, 0x0002, 0x0000, 0x0000, 0x0000, 0x0000,
    0x0000, 0x0000, 0x0000, 0x0000, 0x0001, 0x0001, 0x0001, 0x0001,
    0x0002, 0x0002, 0x0002, 0x0002, 0x0000, 0x0000, 0x0000, 0x0000,
    0x0001, 0x0001, 0x0001, 0x0001, 0x0002, 0x0002, 0x0002, 0x0002,
    0x0000, 0x0000, 0x0000, 0x0000, 0x0001, 0x0001, 0x0001, 0x0001,
    0x0002, 0x0002, 0x0002, 0x0002, 0x0000, 0x0000, 0x0000, 0x0000,
    0x0000, 0x0000, 0x0000, 0x0000, 0x0001, 0x0001, 0x0001, 0x0001,
    0x0002, 0x0002, 0x0002, 0x0002, 0x0000, 0x0000, 0x0000, 0x0000,
    0x0001, 0x0001, 0x0001, 0x0001, 0x0002, 0x0002, 0x0002, 0x0002,
    0x0000, 0x0000, 0x0000, 0x0000, 0x0001, 0x0001, 0x0001, 0x0001,
    0x0002, 0x0002, 0x0002, 0x0002, 0x0000, 0x0000, 0x0000, 0x0000,
    0x0001, 0x0001, 0x0001, 0x0001, 0x0002, 0x0002, 0x0002, 0x0002,
    0x0000, 0x0000, 0x0000, 0x0000, 0x0001, 0x0001, 0x0001, 0x0001,
    0x0002, 0x0002, 0x0002, 0x0002, 0x0000, 0x0000, 0x0000, 0x0000,
    0x0001, 0x0001, 0x0001, 0x0001, 0x0002, 0x0002, 0x0002, 0x0002,
    0x0000, 0x0000, 0x0000, 0x0000, 0x0001, 0x0001, 0x0001, 0x0001,
    0x0001, 0x0001, 0x0001, 0x0001, 0x0002, 0x0002, 0x0002, 0x0002,
    0x0000, 0x0000, 0x0000, 0x0000, 0x0001, 0x0001, 0x0001, 0x0001,
    0x0002, 0x0002, 0x0002, 0x0002, 0x0000, 0x0000, 0x0000, 0x0000,
    0x0001, 0x0001, 0x0001, 0x0001, 0x0002, 0x0002, 0x0002, 0x0002,
    0x0000, 0x0000, 0x0000, 0x0000, 0x0001, 0x0001, 0x0001, 0x0001,
    0x0001, 0x0001, 0x0001, 0x0001, 0x0002, 0x0002, 0x0002, 0x0002,
    0x0000, 0x0000, 0x0000, 0x0000, 0x0001, 0x0001, 0x0001, 0x0001,
    0x0002, 0x0002, 0x0002, 0x0002, 0x0000, 0x0000, 0x0000, 0x0000,
    0x0001, 0x0001, 0x0001, 0x0001, 0x0002, 0x0002, 0x0002, 0x0002,
    0x0000, 0x0000, 0x0000, 0x0000, 0x0001, 0x0001, 0x0001, 0x0001,
    0x0001, 0x0001, 0x0001, 0x0001, 0x0002, 0x0002, 0x0002, 0x0002,
    0x0000, 0x0000, 0x0000, 0x0000, 0x0001, 0x0001, 0x0001, 0x0001,
    0x0002, 0x0002, 0x0002, 0x0002, 0x0000, 0x0000, 0x0000, 0x0000,
    0x0001, 0x0001, 0x0001, 0x0001, 0x0002, 0x0002, 0x0002, 0x0002,
    0x0000, 0x0000, 0x0000, 0x0000, 0x0001, 0x0001, 0x0001, 0x0001,
    0x0002, 0x0002, 0x0002, 0x0002, 0x0000, 0x0000, 0x0000, 0x0000,
    0x0001, 0x0001, 0x0001, 0x0001, 0x0002, 0x0002, 0x0002, 0x0002,
    0x0000, 0x0000, 0x0000, 0x0000, 0x0001, 0x0001, 0x0001, 0x0001,
    0x0002, 0x0002, 0x0002, 0x0002, 0x0000, 0x0000, 0x0000, 0x0000,
    0x0001, 0x0001, 0x0001, 0x0001, 0x0002, 0x0002, 0x0002, 0x0002,
    0x0002, 0x0002, 0x0002, 0x0002, 0x0000, 0x0000, 0x0000, 0x0000,
    0x0001, 0x0001, 0x0001, 0x0001, 0x0002, 0x0002, 0x0002, 0x0002,
    0x0000, 0x0000, 0x0000, 0x0000, 0x0001, 0x0001, 0x0001, 0x0001,
    0x0002, 0x0002, 0x0002, 0x0002, 0x0000, 0x0000, 0x0000, 0x0000,
    0x0001, 0x0001, 0x0001, 0x0001, 0x0002, 0x0002, 0x0002, 0x0002,
    0x0002, 0x0002, 0x0002, 0x0002, 0x0000, 0x0000, 0x0000, 0x0000,
    0x0001, 0x0001, 0x0001, 0x0001, 0x0002, 0x0002, 0x0002, 0x0002,
    0x0000, 0x0000, 0x0000, 0x0000, 0x0001, 0x0001, 0x0001, 0x0001,
    0x0002, 0x0002, 0x0002, 0x0002, 0x0000, 0x0000, 0x0000, 0x0000,
    0x0001, 0x0001, 0x0001, 0x0001, 0x0002, 0x0002, 0x0002, 0x0002,
    0x0002, 0x0002, 0x0002, 0x0002, 0x0000, 0x0000, 0x0000, 0x0000,
    0x0001, 0x0001, 0x0001, 0x0001, 0x0002, 0x0002, 0x0002, 0x0002,
    0x0000, 0x0000, 0x0000, 0x0000, 0x0001, 0x0001, 0x0001, 0x0001,
    0x0002, 0x0002, 0x0002, 0x0002, 0x0000, 0x0000, 0x0000, 0x0000,
    0x0001, 0x0001, 0x0001, 0x0001, 0x0002, 0x0002, 0x0002, 0x0002,
    0x0000, 0x0000, 0x0000, 0x0000, 0x0001, 0x0001, 0x0001, 0x0001,
    0x0002, 0x0002, 0x0002, 0x0002, 0x0000, 0x0000, 0x0000, 0x0000,
    0x0001, 0x0001, 0x0001, 0x0001, 0x0002, 0x0002, 0x0002, 0x0002,
    0x0000, 0x0000, 0x0000, 0x0000, 0x0001, 0x0001, 0x0001, 0x0001,
    0x0002, 0x0002, 0x0002, 0x0002, 0x0000, 0x0000, 0x0000, 0x0000,
    0x0000, 0x0000, 0x0000, 0x0000, 0x0001, 0x0001, 0x0001, 0x0001,
    0x0002, 0x0002, 0x0002, 0x0002, 0x0000, 0x0000, 0x0000, 0x0000,
    0x0001, 0x0001, 0x0001, 0x0001, 0x0002, 0x0002, 0x0002, 0x0002,
    0x0000, 0x0000, 0x0000, 0x0000, 0x0001, 0x0001, 0x0001, 0x0001,
    0x0002, 0x0002, 0x0002, 0x0002, 0x0000, 0x0000, 0x0000, 0x0000,
    0x0000, 0x0000, 0x0000, 0x0000, 0x0001, 0x0001, 0x0001, 0x0001,
    0x0002, 0x0002, 0x0002, 0x0002, 0x0000, 0x0000, 0x0000, 0x0000,
    0x0001, 0x0001, 0x0001, 0x0001, 0x0002, 0x0002, 0x0002, 0x0002,
    0x0000, 0x0000, 0x0000, 0x0000, 0x0001, 0x0001, 0x0001, 0x0001,
    0x0002, 0x0002, 0x0002, 0x0002, 0x0000, 0x0000, 0x0000, 0x0000,
    0x0000, 0x0000, 0x0000, 0x0000, 0x0001, 0x0001, 0x0001, 0x0001,
    0x0002, 0x0002, 0x0002, 0x0002, 0x0000, 0x0000, 0x0000, 0x0000,
    0x0001, 0x0001, 0x0001, 0x0001, 0x0002, 0x0002, 0x0002, 0x0002,
    0x0000, 0x0000, 0x0000, 0x0000, 0x0001, 0x0001, 0x0001, 0x0001,
    0x0002, 0x0002, 0x0002, 0x0002, 0x0000, 0x0000, 0x0000, 0x0000,
    0x0001, 0x0001, 0x0001, 0x0001, 0x0002, 0x0002, 0x0002, 0x0002,
    0x0000, 0x0000, 0x0000, 0x0000, 0x0001, 0x0001, 0x0001, 0x0001,
    0x0002, 0x0002, 0x0002, 0x0002, 0x0000, 0x0000, 0x0000, 0x0000,
    0x0001, 0x0001, 0x0001, 0x0001, 0x0002, 0x0002, 0x0002, 0x0002,
    0x0000, 0x0000, 0x0000, 0x0000, 0x0001, 0x0001, 0x0001, 0x0001,
    0x0001, 0x0001, 0x0001, 0x0001, 0x0002, 0x0002, 0x0002, 0x0002,
    0x0000, 0x0000, 0x0000, 0x0000, 0x0001, 0x0001, 0x0001, 0x0001,
    0x0002, 0x0002, 0x0002, 0x0002, 0x0000, 0x0000, 0x0000, 0x0000,
    0x0001, 0x0001, 0x0001, 0x0001, 0x0002, 0x0002, 0x0002, 0x0002,
    0x0000, 0x0000, 0x0000, 0x0000, 0x0001, 0x0001, 0x0001, 0x0001,
    0x0001, 0x0001, 0x0001, 0x0001, 0x0002, 0x0002, 0x0002, 0x0002,
    0x0000, 0x0000, 0x0000, 0x0000, 0x0001, 0x0001, 0x0001, 0x0001,
    0x0002, 0x0002, 0x0002, 0x0002, 0x0000, 0x0000, 0x0000, 0x0000,
    0x0001, 0x0001, 0x0001, 0x0001, 0x0002, 0x0002, 0x0002, 0x0002,
    0x0000, 0x0000, 0x0000, 0x0000, 0x0001, 0x0001, 0x0001, 0x0001,
};

static const u16 VIEW_WILD_1_GROUND[1240] = {
    0x0000, 0x0000, 0x0000, 0x0000, 0x0000, 0x0000, 0x0000, 0x0000,
    0x0000, 0x0000, 0x0000, 0x0000, 0x0000, 0x0000, 0x0000, 0x0000,
    0x0000, 0x0000, 0x0000, 0x0000, 0x0000, 0x0000, 0x0000, 0x0000,
    0x0000, 0x0000, 0x0000, 0x0000, 0x0000, 0x0000, 0x0000, 0x0000,
    0x0000, 0x0000, 0x0000, 0x0000, 0x0000, 0x0000, 0x0000, 0x0000,
    0x0000, 0x0000, 0x0000, 0x0000, 0x0000, 0x0000, 0x0000, 0x0000,
    0x0000, 0x0000, 0x0000, 0x0000, 0x0000, 0x0000, 0x0000, 0x0000,
    0x0000, 0x0000, 0x0000, 0x0000, 0x0000, 0x0000, 0x0000, 0x0000,
    0x0000, 0x0000, 0x0000, 0x0000, 0x0000, 0x0000, 0x0000, 0x0000,
    0x0000, 0x0000, 0x0000, 0x0000, 0x0000, 0x0000, 0x0000, 0x0000,
    0x0000, 0x0000, 0x0000, 0x0000, 0x0000, 0x0000, 0x0000, 0x0000,
    0x0000, 0x0000, 0x0000, 0x0000, 0x0000, 0x0000, 0x0000, 0x0000,
    0x0000, 0x0000, 0x0000, 0x0000, 0x0000, 0x0000, 0x0000, 0x0000,
    0x0000, 0x0000, 0x0000, 0x0000, 0x0000, 0x0000, 0x0000, 0x0000,
    0x0000, 0x0000, 0x0000, 0x0000, 0x0000, 0x0000, 0x0000, 0x0000,
    0x0000, 0x0000, 0x0000, 0x0000, 0x0000, 0x0000, 0x0000, 0x0000,
    0x0000, 0x0000, 0x0000, 0x0000, 0x0000, 0x0000, 0x0000, 0x0000,
    0x0000, 0x0000, 0x0000, 0x0000, 0x0000, 0x0000, 0x0000, 0x0000,
    0x0000, 0x0000, 0x0000, 0x0000, 0x0000, 0x0000, 0x0000, 0x0000,
    0x0000, 0x0000, 0x0000, 0x0001, 0x0000, 0x0002, 0x0000, 0x0000,
    0x0000, 0x0000, 0x0000, 0x0000, 0x0000, 0x0000, 0x0000, 0x0000,
    0x0000, 0x0000, 0x0000, 0x0000, 0x0000, 0x0000, 0x0000, 0x0000,
    0x0000, 0x0000, 0x0000, 0x0000, 0x0000, 0x0000, 0x0000, 0x0000,
    0x0000, 0x0000, 0x0000, 0x0000, 0x0000, 0x0000, 0x0000, 0x0000,
    0x0000, 0x0000, 0x0000, 0x0001, 0x0000, 0x0002, 0x0000, 0x0000,
    0x0000, 0x0000, 0x0000, 0x0000, 0x0000, 0x0000, 0x0000, 0x0000,
    0x0000, 0x0000, 0x0000, 0x0000, 0x0000, 0x0000, 0x0000, 0x0000,
    0x0000, 0x0000, 0x0000, 0x0000, 0x0000, 0x0000, 0x0000, 0x0000,
    0x0000, 0x0000, 0x0000, 0x0000, 0x0000, 0x0000, 0x0000, 0x0000,
    0x0000, 0x0000, 0x0000, 0x0000, 0x0000, 0x0000, 0x0000, 0x0000,
    0x0000, 0x0000, 0x0000, 0x0001, 0x0000, 0x0002, 0x0000, 0x0000,
    0x0000, 0x0000, 0x0000, 0x0000, 0x0000, 0x0000, 0x0000, 0x0000,
    0x0000, 0x0000, 0x0000, 0x0000, 0x0000, 0x0000, 0x0000, 0x0000,
    0x0000, 0x0000, 0x0000, 0x0000, 0x0000, 0x0000, 0x0000, 0x0000,
    0x0000, 0x0000, 0x0000, 0x0000, 0x0000, 0x0000, 0x0000, 0x0000,
    0x0000, 0x0000, 0x0000, 0x0001, 0x0000, 0x0002, 0x0000, 0x0000,
    0x0000, 0x0000, 0x0000, 0x0000, 0x0000, 0x0000, 0x0000, 0x0000,
    0x0000, 0x0000, 0x0000, 0x0000, 0x0000, 0x0000, 0x0000, 0x0000,
    0x0000, 0x0000, 0x0000, 0x0000, 0x0000, 0x0000, 0x0000, 0x0000,
    0x0000, 0x0000, 0x0000, 0x0000, 0x0000, 0x0000, 0x0000, 0x0000,
    0x0000, 0x0000, 0x0000, 0x0000, 0x0000, 0x0000, 0x0000, 0x0000,
    0x0000, 0x0000, 0x0000, 0x0000, 0x0000, 0x0000, 0x0000, 0x0000,
    0x0000, 0x0000, 0x0000, 0x0000, 0x0000, 0x0000, 0x0000, 0x0000,
    0x0000, 0x0000, 0x0000, 0x0000, 0x0000, 0x0000, 0x0000, 0x0000,
    0x0000, 0x0000, 0x0000, 0x0000, 0x0000, 0x0000, 0x0000, 0x0000,
    0x0000, 0x0000, 0x0000, 0x0000, 0x0000, 0x0000, 0x0000, 0x0000,
    0x0000, 0x0000, 0x0000, 0x0000, 0x0000, 0x0000, 0x0000, 0x0000,
    0x0000, 0x0000, 0x0000, 0x0000, 0x0000, 0x0000, 0x0000, 0x0000,
    0x0000, 0x0000, 0x0000, 0x0000, 0x0000, 0x0000, 0x0000, 0x0000,
    0x0000, 0x0000, 0x0000, 0x0000, 0x0000, 0x0000, 0x0000, 0x0000,
    0x0000, 0x0000, 0x0000, 0x0000, 0x0000, 0x0000, 0x0000, 0x0000,
    0x0000, 0x0000, 0x0000, 0x0000, 0x0000, 0x0000, 0x0000, 0x0000,
    0x0000, 0x0000, 0x0000, 0x0000, 0x0000, 0x0000, 0x0000, 0x0000,
    0x0000, 0x0000, 0x0000, 0x0000, 0x0000, 0x0000, 0x0000, 0x0000,
    0x0000, 0x0000, 0x0000, 0x0000, 0x0000, 0x0000, 0x0000, 0x0000,
    0x0000, 0x0000, 0x0000, 0x0000, 0x0000, 0x0000, 0x0000, 0x0000,
    0x0000, 0x0000, 0x0000, 0x0000, 0x0000, 0x0000, 0x0000, 0x0000,
    0x0000, 0x0000, 0x0000, 0x0000, 0x0000, 0x0000, 0x0000, 0x0000,
    0x0000, 0x0000, 0x0000, 0x0000, 0x0000, 0x0000, 0x0000, 0x0000,
    0x0000, 0x0000, 0x0000, 0x0000, 0x0000, 0x0000, 0x0000, 0x0000,
    0x0000, 0x0000, 0x0000, 0x0000, 0x0000, 0x0000, 0x0000, 0x0000,
    0x0000, 0x0000, 0x0000, 0x0000, 0x0000, 0x0000, 0x0000, 0x0000,
    0x0000, 0x0000, 0x0000, 0x0000, 0x0000, 0x0000, 0x0000, 0x0000,
    0x0000, 0x0000, 0x0000, 0x0000, 0x0000, 0x0000, 0x0000, 0x0000,
    0x0000, 0x0000, 0x0000, 0x0000, 0x0000, 0x0000, 0x0000, 0x0000,
    0x0000, 0x0000, 0x0000, 0x0000, 0x0000, 0x0000, 0x0000, 0x0000,
    0x0000, 0x0000, 0x0000, 0x0000, 0x0000, 0x0000, 0x0000, 0x0000,
    0x0000, 0x0000, 0x0000, 0x0000, 0x0000, 0x0000, 0x0000, 0x0000,
    0x0000, 0x0000, 0x0000, 0x0000, 0x0000, 0x0000, 0x0000, 0x0000,
    0x0000, 0x0000, 0x0000, 0x0000, 0x0000, 0x0000, 0x0000, 0x0000,
    0x0000, 0x0000, 0x0000, 0x0000, 0x0000, 0x0000, 0x0000, 0x0000,
    0x0000, 0x0000, 0x0000, 0x0000, 0x0000, 0x0000, 0x0000, 0x0000,
    0x0000, 0x0000, 0x0000, 0x0000, 0x0000, 0x0000, 0x0000, 0x0000,
    0x0000, 0x0000, 0x0000, 0x0000, 0x0000, 0x0000, 0x0000, 0x0000,
    0x0000, 0x0000, 0x0000, 0x0000, 0x0000, 0x0000, 0x0000, 0x0000,
    0x0000, 0x0000, 0x0000, 0x0000, 0x0000, 0x0000, 0x0000, 0x0000,
    0x0000, 0x0000, 0x0000, 0x0000, 0x0000, 0x0000, 0x0000, 0x0000,
    0x0000, 0x0000, 0x0000, 0x0000, 0x0000, 0x0000, 0x0000, 0x0000,
    0x0000, 0x0000, 0x0000, 0x0000, 0x0000, 0x0000, 0x0000, 0x0000,
    0x0000, 0x0000, 0x0000, 0x0000, 0x0000, 0x0000, 0x0000, 0x0000,
    0x0000, 0x0000, 0x0000, 0x0000, 0x0000, 0x0000, 0x0000, 0x0000,
    0x0000, 0x0000, 0x0000, 0x0000, 0x0000, 0x0000, 0x0000, 0x0000,
    0x0000, 0x0000, 0x0000, 0x0000, 0x0000, 0x0000, 0x0000, 0x0000,
    0x0000, 0x0000, 0x0000, 0x0000, 0x0000, 0x0000, 0x0000, 0x0000,
    0x0000, 0x0000, 0x0000, 0x0000, 0x0000, 0x0000, 0x0000, 0x0000,
    0x0000, 0x0000, 0x0000, 0x0000, 0x0000, 0x0000, 0x0000, 0x0000,
    0x0000, 0x0000, 0x0000, 0x0000, 0x0000, 0x0000, 0x0000, 0x0000,
    0x0000, 0x0000, 0x0000, 0x0000, 0x0000, 0x0000, 0x0000, 0x0000,
    0x0000, 0x0000, 0x0000, 0x0000, 0x0000, 0x0000, 0x0000, 0x0000,
    0x0000, 0x0000, 0x0000, 0x0000, 0x0000, 0x0000, 0x0000, 0x0000,
    0x0000, 0x0000, 0x0000, 0x0000, 0x0000, 0x0000, 0x0000, 0x0000,
    0x0000, 0x0000, 0x0000, 0x0000, 0x0000, 0x0000, 0x0000, 0x0000,
    0x0000, 0x0000, 0x0000, 0x0000, 0x0000, 0x0000, 0x0000, 0x0000,
    0x0000, 0x0000, 0x0000, 0x0000, 0x0000, 0x0000, 0x0000, 0x0000,
    0x0000, 0x0000, 0x0000, 0x0000, 0x0000, 0x0000, 0x0000, 0x0000,
    0x0000, 0x0000, 0x0000, 0x0000, 0x0000, 0x0000, 0x0000, 0x0000,
    0x0000, 0x0000, 0x0000, 0x0000, 0x0000, 0x0000, 0x0000, 0x0000,
    0x0000, 0x0000, 0x0000, 0x0000, 0x0000, 0x0000, 0x0000, 0x0000,
    0x0000, 0x0000, 0x0000, 0x0000, 0x0000, 0x0000, 0x0000, 0x0000,
    0x0000, 0x0000, 0x0000, 0x0000, 0x0000, 0x0000, 0x0000, 0x0000,
    0x0000, 0x0000, 0x0000, 0x0000, 0x0000, 0x0000, 0x0000, 0x0000,
    0x0000, 0x0000, 0x0000, 0x0000, 0x0000, 0x0000, 0x0000, 0x0000,
    0x0000, 0x0000, 0x0000, 0x0000, 0x0000, 0x0000, 0x0000, 0x0000,
    0x0000, 0x0000, 0x0000, 0x0000, 0x0000, 0x0000, 0x0000, 0x0000,
    0x0000, 0x0000, 0x0000, 0x0000, 0x0000, 0x0000, 0x0000, 0x0000,
    0x0000, 0x0000, 0x0000, 0x0000, 0x0000, 0x0000, 0x0000, 0x0000,
    0x0000, 0x0000, 0x0000, 0x0000, 0x0000, 0x0000, 0x0000, 0x0000,
    0x0000, 0x0000, 0x0000, 0x0000, 0x0000, 0x0000, 0x0000, 0x0000,
    0x0000, 0x0000, 0x0000, 0x0000, 0x0000, 0x0000, 0x0000, 0x0000,
    0x0000, 0x0000, 0x0000, 0x0000, 0x0000, 0x0000, 0x0000, 0x0000,
    0x0000, 0x0000, 0x0000, 0x0000, 0x0000, 0x0000, 0x0000, 0x0000,
    0x0000, 0x0000, 0x0000, 0x0000, 0x0000, 0x0000, 0x0000, 0x0000,
    0x0000, 0x0000, 0x0000, 0x0000, 0x0000, 0x0000, 0x0000, 0x0000,
    0x0000, 0x0000, 0x0000, 0x0000, 0x0000, 0x0000, 0x0000, 0x0000,
    0x0000, 0x0000, 0x0000, 0x0000, 0x0000, 0x0000, 0x0000, 0x0000,
    0x0000, 0x0000, 0x0000, 0x0000, 0x0000, 0x0000, 0x0000, 0x0000,
    0x0000, 0x0000, 0x0000, 0x0000, 0x0000, 0x0000, 0x0000, 0x0000,
    0x0000, 0x0000, 0x0000, 0x0000, 0x0000, 0x0000, 0x0000, 0x0000,
    0x0000, 0x0000, 0x0000, 0x0000, 0x0000, 0x0000, 0x0000, 0x0000,
    0x0000, 0x0000, 0x0000, 0x0000, 0x0000, 0x0000, 0x0000, 0x0000,
    0x0000, 0x0000, 0x0000, 0x0000, 0x0000, 0x0000, 0x0000, 0x0000,
    0x0000, 0x0000, 0x0000, 0x0000, 0x0000, 0x0000, 0x0000, 0x0000,
    0x0000, 0x0000, 0x0000, 0x0000, 0x0000, 0x0000, 0x0000, 0x0000,
    0x0000, 0x0000, 0x0000, 0x0000, 0x0000, 0x0000, 0x0000, 0x0000,
    0x0000, 0x0000, 0x0000, 0x0000, 0x0000, 0x0000, 0x0000, 0x0000,
    0x0000, 0x0000, 0x0000, 0x0000, 0x0000, 0x0000, 0x0000, 0x0000,
    0x0000, 0x0000, 0x0000, 0x0000, 0x0000, 0x0000, 0x0000, 0x0000,
    0x0000, 0x0000, 0x0000, 0x0000, 0x0000, 0x0000, 0x0000, 0x0000,
    0x0000, 0x0000, 0x0000, 0x0000, 0x0000, 0x0000, 0x0000, 0x0000,
    0x0000, 0x0000, 0x0000, 0x0000, 0x0000, 0x0000, 0x0000, 0x0000,
    0x0000, 0x0000, 0x0000, 0x0000, 0x0000, 0x0000, 0x0000, 0x0000,
    0x0000, 0x0000, 0x0000, 0x0000, 0x0000, 0x0000, 0x0000, 0x0000,
    0x0000, 0x0000, 0x0000, 0x0000, 0x0000, 0x0000, 0x0000, 0x0000,
    0x0000, 0x0000, 0x0000, 0x0000, 0x0000, 0x0000, 0x0000, 0x0000,
    0x0000, 0x0000, 0x0000, 0x0000, 0x0000, 0x0000, 0x0000, 0x0000,
    0x0000, 0x0000, 0x0000, 0x0000, 0x0000, 0x0000, 0x0000, 0x0000,
    0x0000, 0x0000, 0x0000, 0x0000, 0x0000, 0x0000, 0x0000, 0x0000,
    0x0000, 0x0000, 0x0000, 0x0000, 0x0000, 0x0000, 0x0000, 0x0000,
    0x0000, 0x0000, 0x0000, 0x0000, 0x0000, 0x0000, 0x0000, 0x0000,
    0x0000, 0x0000, 0x0000, 0x0000, 0x0000, 0x0000, 0x0000, 0x0000,
    0x0000, 0x0000, 0x0000, 0x0000, 0x0000, 0x0000, 0x0000, 0x0000,
    0x0000, 0x0000, 0x0000, 0x0000, 0x0000, 0x0000, 0x0000, 0x0000,
    0x0000, 0x0000, 0x0000, 0x0000, 0x0000, 0x0000, 0x0000, 0x0000,
    0x0000, 0x0000, 0x0000, 0x0000, 0x0000, 0x0000, 0x0000, 0x0000,
    0x0000, 0x0000, 0x0000, 0x0000, 0x0000, 0x0000, 0x0000, 0x0000,
    0x0000, 0x0000, 0x0000, 0x0000, 0x0000, 0x0000, 0x0000, 0x0000,
    0x0000, 0x0000, 0x0000, 0x0000, 0x0000, 0x0000, 0x0000, 0x0000,
    0x0000, 0x0000, 0x0000, 0x0000, 0x0000, 0x0000, 0x0000, 0x0000,
    0x0000, 0x0000, 0x0000, 0x0000, 0x0000, 0x0000, 0x0000, 0x0000,
    0x0000, 0x0000, 0x0000, 0x0000, 0x0000, 0x0000, 0x0000, 0x0000,
    0x0000, 0x0000, 0x0000, 0x0000, 0x0000, 0x0000, 0x0000, 0x0000,
    0x0000, 0x0000, 0x0000, 0x0000, 0x0000, 0x0000, 0x0000, 0x0000,
    0x0000, 0x0000, 0x0000, 0x0000, 0x0000, 0x0000, 0x0000, 0x0000,
    0x0000, 0x0000, 0x0000, 0x0000, 0x0000, 0x0000, 0x0000, 0x0000,
    0x0000, 0x0000, 0x0000, 0x0000, 0x0000, 0x0000, 0x0000, 0x0000,
};

static const DecorPlace VIEW_WILD_1_DECOR[] = {
    DP(SIGNPOST, 29, 6),
    DP(FENCE, 31, 6),
    DP(FENCE_END, 33, 6),
    DP(ROCK, 35, 6),
    DP(BUSH, 37, 6),
    DP(BENCH, 1, 11),
    DP(BARREL, 4, 11),
    DP(CRATE, 6, 11),
    DP(CRATE_STACK, 8, 11),
    DP(SACKS, 10, 11),
    DP(WELL, 12, 11),
    DP(HAY_BALE, 15, 11),
    DP(WATER_TROUGH, 17, 11),
    DP(LANTERN_POST, 20, 11),
    DP(STONE_LANTERN, 22, 11),
    DP(CAMPFIRE, 24, 11),
    DP(FLAG, 26, 11),
    DP(TENT, 28, 11),
    DP(WOODPILE, 31, 11),
    DP(STUMP, 34, 11),
    DP(LOG, 36, 11),
    DP(BIG_TREE, 1, 14),
    DP(HEDGE, 4, 14),
    DP(HEDGE_END, 6, 14),
    DP(BOULDER, 8, 14),
    DP(PEBBLES, 11, 14),
    DP(FALLEN_LEAVES, 13, 14),
    DP(SMALL_FLOWERS, 15, 14),
    DP(LILY_PADS, 17, 14),
    DP(DOCK, 19, 14),
    DP(DOCK_EDGE, 21, 14),
    DP(DOCK_POST, 23, 14),
    DP(BRIDGE_H, 25, 14),
    DP(BRIDGE_V, 27, 14),
    DP(ROWBOAT, 29, 14),
    DP(STANDING_STONE, 32, 14),
    DP(STORMSTONE, 34, 14),
    DP(CRYSTAL_CLUSTER, 37, 14),
    DP(MUSHROOMS, 1, 18),
    DP(BERRY_BUSH, 3, 18),
    DP(PICNIC_TABLE, 5, 18),
    DP(NOTICE_BOARD, 8, 18),
    DP(CART, 11, 18),
    DP(WHEELBARROW, 14, 18),
    DP(SCARECROW, 16, 18),
    DP(SHRINE, 18, 18),
    DP(SIGN_ARROW, 20, 18),
    DP(GATE, 22, 18),
    DP(BEEHIVE, 24, 18),
    DP(WEATHER_VANE, 26, 18),
    DP(TELESCOPE, 28, 18),
    DP(RAIN_GAUGE, 30, 18),
    DP(PUMPKINS, 32, 18),
    DP(SUNFLOWERS, 34, 18),
    DP(BUOY, 36, 18),
    DP(CROPS, 38, 18),
    DP(MINE_MOUTH, 1, 21),
    DP(RAILS_H, 5, 21),
    DP(RAILS_V, 7, 21),
};

static const u16 VIEW_WILD_2_CELLS[480] = {
    0x0000, 0x0000, 0x0000, 0x0000, 0x0001, 0x0001, 0x0001, 0x0001,
    0x0002, 0x0002, 0x0002, 0x0002, 0x0000, 0x0000, 0x0000, 0x0000,
    0x0001, 0x0001, 0x0001, 0x0001, 0x0002, 0x0002, 0x0002, 0x0002,
    0x0000, 0x0000, 0x0000, 0x0000, 0x0001, 0x0001, 0x0001, 0x0001,
    0x0002, 0x0002, 0x0002, 0x0002, 0x0000, 0x0000, 0x0000, 0x0000,
    0x0000, 0x0000, 0x0000, 0x0000, 0x0001, 0x0001, 0x0001, 0x0001,
    0x0002, 0x0002, 0x0002, 0x0002, 0x0000, 0x0000, 0x0000, 0x0000,
    0x0001, 0x0001, 0x0001, 0x0001, 0x0002, 0x0002, 0x0002, 0x0002,
    0x0000, 0x0000, 0x0000, 0x0000, 0x0001, 0x0001, 0x0001, 0x0001,
    0x0002, 0x0002, 0x0002, 0x0002, 0x0000, 0x0000, 0x0000, 0x0000,
    0x0000, 0x0000, 0x0000, 0x0000, 0x0001, 0x0001, 0x0001, 0x0001,
    0x0002, 0x0002, 0x0002, 0x0002, 0x0000, 0x0000, 0x0000, 0x0000,
    0x0001, 0x0001, 0x0001, 0x0001, 0x0002, 0x0002, 0x0002, 0x0002,
    0x0000, 0x0000, 0x0000, 0x0000, 0x0001, 0x0001, 0x0001, 0x0001,
    0x0002, 0x0002, 0x0002, 0x0002, 0x0000, 0x0000, 0x0000, 0x0000,
    0x0000, 0x0000, 0x0000, 0x0000, 0x0001, 0x0001, 0x0001, 0x0001,
    0x0002, 0x0002, 0x0002, 0x0002, 0x0000, 0x0000, 0x0000, 0x0000,
    0x0001, 0x0001, 0x0001, 0x0001, 0x0002, 0x0002, 0x0002, 0x0002,
    0x0000, 0x0000, 0x0000, 0x0000, 0x0001, 0x0001, 0x0001, 0x0001,
    0x0002, 0x0002, 0x0002, 0x0002, 0x0000, 0x0000, 0x0000, 0x0000,
    0x0001, 0x0001, 0x0001, 0x0001, 0x0002, 0x0002, 0x0002, 0x0002,
    0x0000, 0x0000, 0x0000, 0x0000, 0x0001, 0x0001, 0x0001, 0x0001,
    0x0002, 0x0002, 0x0002, 0x0002, 0x0000, 0x0000, 0x0000, 0x0000,
    0x0001, 0x0001, 0x0001, 0x0001, 0x0002, 0x0002, 0x0002, 0x0002,
    0x0000, 0x0000, 0x0000, 0x0000, 0x0001, 0x0001, 0x0001, 0x0001,
    0x0001, 0x0001, 0x0001, 0x0001, 0x0002, 0x0002, 0x0002, 0x0002,
    0x0000, 0x0000, 0x0000, 0x0000, 0x0001, 0x0001, 0x0001, 0x0001,
    0x0002, 0x0002, 0x0002, 0x0002, 0x0000, 0x0000, 0x0000, 0x0000,
    0x0001, 0x0001, 0x0001, 0x0001, 0x0002, 0x0002, 0x0002, 0x0002,
    0x0000, 0x0000, 0x0000, 0x0000, 0x0001, 0x0001, 0x0001, 0x0001,
    0x0001, 0x0001, 0x0001, 0x0001, 0x0002, 0x0002, 0x0002, 0x0002,
    0x0000, 0x0000, 0x0000, 0x0000, 0x0001, 0x0001, 0x0001, 0x0001,
    0x0002, 0x0002, 0x0002, 0x0002, 0x0000, 0x0000, 0x0000, 0x0000,
    0x0001, 0x0001, 0x0001, 0x0001, 0x0002, 0x0002, 0x0002, 0x0002,
    0x0000, 0x0000, 0x0000, 0x0000, 0x0001, 0x0001, 0x0001, 0x0001,
    0x0001, 0x0001, 0x0001, 0x0001, 0x0002, 0x0002, 0x0002, 0x0002,
    0x0000, 0x0000, 0x0000, 0x0000, 0x0001, 0x0001, 0x0001, 0x0001,
    0x0002, 0x0002, 0x0002, 0x0002, 0x0000, 0x0000, 0x0000, 0x0000,
    0x0001, 0x0001, 0x0001, 0x0001, 0x0002, 0x0002, 0x0002, 0x0002,
    0x0000, 0x0000, 0x0000, 0x0000, 0x0001, 0x0001, 0x0001, 0x0001,
    0x0002, 0x0002, 0x0002, 0x0002, 0x0000, 0x0000, 0x0000, 0x0000,
    0x0001, 0x0001, 0x0001, 0x0001, 0x0002, 0x0002, 0x0002, 0x0002,
    0x0000, 0x0000, 0x0000, 0x0000, 0x0001, 0x0001, 0x0001, 0x0001,
    0x0002, 0x0002, 0x0002, 0x0002, 0x0000, 0x0000, 0x0000, 0x0000,
    0x0001, 0x0001, 0x0001, 0x0001, 0x0002, 0x0002, 0x0002, 0x0002,
    0x0002, 0x0002, 0x0002, 0x0002, 0x0000, 0x0000, 0x0000, 0x0000,
    0x0001, 0x0001, 0x0001, 0x0001, 0x0002, 0x0002, 0x0002, 0x0002,
    0x0000, 0x0000, 0x0000, 0x0000, 0x0001, 0x0001, 0x0001, 0x0001,
    0x0002, 0x0002, 0x0002, 0x0002, 0x0000, 0x0000, 0x0000, 0x0000,
    0x0001, 0x0001, 0x0001, 0x0001, 0x0002, 0x0002, 0x0002, 0x0002,
    0x0002, 0x0002, 0x0002, 0x0002, 0x0000, 0x0000, 0x0000, 0x0000,
    0x0001, 0x0001, 0x0001, 0x0001, 0x0002, 0x0002, 0x0002, 0x0002,
    0x0000, 0x0000, 0x0000, 0x0000, 0x0001, 0x0001, 0x0001, 0x0001,
    0x0002, 0x0002, 0x0002, 0x0002, 0x0000, 0x0000, 0x0000, 0x0000,
    0x0001, 0x0001, 0x0001, 0x0001, 0x0002, 0x0002, 0x0002, 0x0002,
    0x0002, 0x0002, 0x0002, 0x0002, 0x0000, 0x0000, 0x0000, 0x0000,
    0x0001, 0x0001, 0x0001, 0x0001, 0x0002, 0x0002, 0x0002, 0x0002,
    0x0000, 0x0000, 0x0000, 0x0000, 0x0001, 0x0001, 0x0001, 0x0001,
    0x0002, 0x0002, 0x0002, 0x0002, 0x0000, 0x0000, 0x0000, 0x0000,
    0x0001, 0x0001, 0x0001, 0x0001, 0x0002, 0x0002, 0x0002, 0x0002,
};

static const u16 VIEW_WILD_2_GROUND[480] = {
    0x0000, 0x0000, 0x0000, 0x0000, 0x0000, 0x0000, 0x0000, 0x0000,
    0x0000, 0x0000, 0x0000, 0x0000, 0x0000, 0x0000, 0x0000, 0x0000,
    0x0000, 0x0000, 0x0000, 0x0000, 0x0000, 0x0000, 0x0000, 0x0000,
    0x0000, 0x0000, 0x0000, 0x0000, 0x0000, 0x0000, 0x0000, 0x0000,
    0x0000, 0x0000, 0x0000, 0x0000, 0x0000, 0x0000, 0x0000, 0x0000,
    0x0000, 0x0000, 0x0000, 0x0000, 0x0000, 0x0000, 0x0000, 0x0000,
    0x0000, 0x0000, 0x0000, 0x0000, 0x0000, 0x0000, 0x0000, 0x0000,
    0x0000, 0x0000, 0x0000, 0x0000, 0x0000, 0x0000, 0x0000, 0x0000,
    0x0000, 0x0000, 0x0000, 0x0000, 0x0000, 0x0000, 0x0000, 0x0000,
    0x0000, 0x0000, 0x0000, 0x0000, 0x0000, 0x0000, 0x0000, 0x0000,
    0x0000, 0x0000, 0x0000, 0x0000, 0x0000, 0x0000, 0x0000, 0x0000,
    0x0000, 0x0000, 0x0000, 0x0000, 0x0000, 0x0000, 0x0000, 0x0000,
    0x0000, 0x0000, 0x0000, 0x0000, 0x0000, 0x0000, 0x0000, 0x0000,
    0x0000, 0x0000, 0x0000, 0x0000, 0x0000, 0x0000, 0x0000, 0x0000,
    0x0000, 0x0000, 0x0000, 0x0000, 0x0000, 0x0000, 0x0000, 0x0000,
    0x0000, 0x0000, 0x0000, 0x0000, 0x0000, 0x0000, 0x0000, 0x0000,
    0x0000, 0x0000, 0x0000, 0x0000, 0x0000, 0x0000, 0x0000, 0x0000,
    0x0000, 0x0000, 0x0000, 0x0000, 0x0000, 0x0000, 0x0000, 0x0000,
    0x0000, 0x0000, 0x0000, 0x0000, 0x0000, 0x0000, 0x0000, 0x0000,
    0x0000, 0x0000, 0x0000, 0x0000, 0x0000, 0x0000, 0x0000, 0x0000,
    0x0000, 0x0000, 0x0000, 0x0000, 0x0000, 0x0000, 0x0000, 0x0000,
    0x0000, 0x0000, 0x0000, 0x0000, 0x0000, 0x0000, 0x0000, 0x0000,
    0x0000, 0x0000, 0x0000, 0x0000, 0x0000, 0x0000, 0x0000, 0x0000,
    0x0000, 0x0000, 0x0000, 0x0000, 0x0000, 0x0000, 0x0000, 0x0000,
    0x0000, 0x0000, 0x0000, 0x0000, 0x0000, 0x0000, 0x0000, 0x0000,
    0x0000, 0x0000, 0x0000, 0x0000, 0x0000, 0x0000, 0x0000, 0x0000,
    0x0000, 0x0000, 0x0000, 0x0000, 0x0000, 0x0000, 0x0000, 0x0000,
    0x0000, 0x0000, 0x0000, 0x0000, 0x0000, 0x0000, 0x0000, 0x0000,
    0x0000, 0x0000, 0x0000, 0x0000, 0x0000, 0x0000, 0x0000, 0x0000,
    0x0000, 0x0000, 0x0000, 0x0000, 0x0000, 0x0000, 0x0000, 0x0000,
    0x0000, 0x0000, 0x0000, 0x0000, 0x0000, 0x0000, 0x0000, 0x0000,
    0x0000, 0x0000, 0x0000, 0x0000, 0x0000, 0x0000, 0x0000, 0x0000,
    0x0000, 0x0000, 0x0000, 0x0000, 0x0000, 0x0000, 0x0000, 0x0000,
    0x0000, 0x0000, 0x0000, 0x0000, 0x0000, 0x0000, 0x0000, 0x0000,
    0x0000, 0x0000, 0x0000, 0x0000, 0x0000, 0x0000, 0x0000, 0x0000,
    0x0000, 0x0000, 0x0000, 0x0000, 0x0000, 0x0000, 0x0000, 0x0000,
    0x0000, 0x0000, 0x0000, 0x0000, 0x0000, 0x0000, 0x0000, 0x0000,
    0x0000, 0x0000, 0x0000, 0x0000, 0x0000, 0x0000, 0x0000, 0x0000,
    0x0000, 0x0000, 0x0000, 0x0000, 0x0000, 0x0000, 0x0000, 0x0000,
    0x0000, 0x0000, 0x0000, 0x0000, 0x0000, 0x0000, 0x0000, 0x0000,
    0x0000, 0x0000, 0x0000, 0x0000, 0x0000, 0x0000, 0x0000, 0x0000,
    0x0000, 0x0000, 0x0000, 0x0000, 0x0000, 0x0000, 0x0000, 0x0000,
    0x0000, 0x0000, 0x0000, 0x0000, 0x0000, 0x0000, 0x0000, 0x0000,
    0x0000, 0x0000, 0x0000, 0x0000, 0x0000, 0x0000, 0x0000, 0x0000,
    0x0000, 0x0000, 0x0000, 0x0000, 0x0000, 0x0000, 0x0000, 0x0000,
    0x0000, 0x0000, 0x0000, 0x0000, 0x0000, 0x0000, 0x0000, 0x0000,
    0x0000, 0x0000, 0x0000, 0x0000, 0x0000, 0x0000, 0x0000, 0x0000,
    0x0000, 0x0000, 0x0000, 0x0000, 0x0000, 0x0000, 0x0000, 0x0000,
    0x0000, 0x0000, 0x0000, 0x0000, 0x0000, 0x0000, 0x0000, 0x0000,
    0x0000, 0x0000, 0x0000, 0x0000, 0x0000, 0x0000, 0x0000, 0x0000,
    0x0000, 0x0000, 0x0000, 0x0000, 0x0000, 0x0000, 0x0000, 0x0000,
    0x0000, 0x0000, 0x0000, 0x0000, 0x0000, 0x0000, 0x0000, 0x0000,
    0x0000, 0x0000, 0x0000, 0x0000, 0x0000, 0x0000, 0x0000, 0x0000,
    0x0000, 0x0000, 0x0000, 0x0000, 0x0000, 0x0000, 0x0000, 0x0000,
    0x0000, 0x0000, 0x0000, 0x0000, 0x0000, 0x0000, 0x0000, 0x0000,
    0x0000, 0x0000, 0x0000, 0x0000, 0x0000, 0x0000, 0x0000, 0x0000,
    0x0000, 0x0000, 0x0000, 0x0000, 0x0000, 0x0000, 0x0000, 0x0000,
    0x0000, 0x0000, 0x0000, 0x0000, 0x0000, 0x0000, 0x0000, 0x0000,
    0x0000, 0x0000, 0x0000, 0x0000, 0x0000, 0x0000, 0x0000, 0x0000,
    0x0000, 0x0000, 0x0000, 0x0000, 0x0000, 0x0000, 0x0000, 0x0000,
};

static const DecorPlace VIEW_WILD_2_DECOR[] = {
    DP(ORE_CART, 1, 1),
    DP(ORE_PILE, 3, 1),
    DP(COPPER_ROCK, 5, 1),
    DP(HEADFRAME, 7, 1),
    DP(ELDER_TREE, 10, 1),
    DP(FERN, 14, 1),
    DP(GLOWCAPS, 16, 1),
    DP(STAG_ALTAR, 18, 1),
    DP(WILD_WATERFALL, 21, 1),
    DP(WILD_RIVER_FOAM, 24, 1),
};

static const u16 VIEW_INTERIOR_1_CELLS[1160] = {
    0x0001, 0x0001, 0x0001, 0x0001, 0x0002, 0x0002, 0x0002, 0x0002,
    0x0012, 0x0012, 0x0012, 0x0012, 0x0001, 0x0001, 0x0001, 0x0001,
    0x0002, 0x0002, 0x0002, 0x0002, 0x0012, 0x0012, 0x0012, 0x0012,
    0x0001, 0x0001, 0x0001, 0x0001, 0x0002, 0x0002, 0x0002, 0x0002,
    0x0012, 0x0012, 0x0012, 0x0012, 0x0001, 0x0001, 0x0001, 0x0001,
    0x0001, 0x0000, 0x0001, 0x0001, 0x0002, 0x0002, 0x0002, 0x0003,
    0x0012, 0x0004, 0x0012, 0x0005, 0x0001, 0x0006, 0x0001, 0x0007,
    0x0002, 0x0008, 0x0002, 0x0009, 0x0012, 0x000A, 0x0012, 0x000B,
    0x0001, 0x000C, 0x0001, 0x000D, 0x0002, 0x000E, 0x0002, 0x000F,
    0x0012, 0x0010, 0x0012, 0x0011, 0x0001, 0x0012, 0x0001, 0x0001,
    0x0001, 0x0001, 0x0001, 0x0001, 0x0002, 0x0002, 0x0002, 0x0002,
    0x0012, 0x0012, 0x0012, 0x0012, 0x0001, 0x0001, 0x0001, 0x0001,
    0x0002, 0x0002, 0x0002, 0x0002, 0x0012, 0x0012, 0x0012, 0x0012,
    0x0001, 0x0001, 0x0001, 0x0001, 0x0002, 0x0002, 0x0002, 0x0002,
    0x0012, 0x0012, 0x0012, 0x0012, 0x0001, 0x0001, 0x0001, 0x0001,
    0x0001, 0x0013, 0x0001, 0x0014, 0x0002, 0x0015, 0x0002, 0x0016,
    0x0012, 0x0017, 0x0012, 0x0018, 0x0001, 0x0019, 0x0001, 0x001A,
    0x0002, 0x001B, 0x0002, 0x001C, 0x0012, 0x001D, 0x001E, 0x001F,
    0x0001, 0x0001, 0x0001, 0x0001, 0x0002, 0x0002, 0x0002, 0x0002,
    0x0012, 0x0012, 0x0012, 0x0012, 0x0001, 0x0001, 0x0001, 0x0001,
    0x0002, 0x0002, 0x0002, 0x0002, 0x0012, 0x0012, 0x0012, 0x0012,
    0x0001, 0x0001, 0x0001, 0x0001, 0x0002, 0x0002, 0x0002, 0x0002,
    0x0012, 0x0012, 0x0012, 0x0012, 0x0001, 0x0020, 0x0021, 0x0022,
    0x0002, 0x0002, 0x0002, 0x0002, 0x0012, 0x0012, 0x0012, 0x0012,
    0x0001, 0x0001, 0x0001, 0x0001, 0x0002, 0x0002, 0x0002, 0x0002,
    0x0002, 0x0002, 0x0002, 0x0002, 0x0012, 0x0012, 0x0012, 0x0012,
    0x0001, 0x0001, 0x0001, 0x0001, 0x0002, 0x0002, 0x0002, 0x0002,
    0x0012, 0x0012, 0x0012, 0x0012, 0x0001, 0x0001, 0x0001, 0x0001,
    0x0002, 0x0002, 0x0002, 0x0002, 0x0012, 0x0012, 0x0012, 0x0012,
    0x0001, 0x0001, 0x0001, 0x0001, 0x0002, 0x0002, 0x0002, 0x0002,
    0x0002, 0x0002, 0x0002, 0x0002, 0x0012, 0x0012, 0x0012, 0x0012,
    0x0001, 0x0001, 0x0001, 0x0001, 0x0002, 0x0002, 0x0002, 0x0002,
    0x0012, 0x0012, 0x0012, 0x0012, 0x0001, 0x0001, 0x0001, 0x0001,
    0x0002, 0x0002, 0x0002, 0x0002, 0x0012, 0x0012, 0x0012, 0x0012,
    0x0001, 0x0001, 0x0001, 0x0001, 0x0002, 0x0002, 0x0002, 0x0002,
    0x0002, 0x0002, 0x0002, 0x0002, 0x0012, 0x0012, 0x0012, 0x0012,
    0x0001, 0x0001, 0x0001, 0x0001, 0x0002, 0x0002, 0x0002, 0x0002,
    0x0012, 0x0012, 0x0012, 0x0012, 0x0001, 0x0001, 0x0001, 0x0001,
    0x0002, 0x0002, 0x0002, 0x0002, 0x0012, 0x0012, 0x0012, 0x0012,
    0x0001, 0x0001, 0x0001, 0x0001, 0x0002, 0x0002, 0x0002, 0x0002,
    0x0012, 0x0012, 0x0012, 0x0012, 0x0001, 0x0001, 0x0001, 0x0001,
    0x0002, 0x0002, 0x0002, 0x0002, 0x0012, 0x0012, 0x0012, 0x0012,
    0x0001, 0x0001, 0x0001, 0x0001, 0x0002, 0x0002, 0x0002, 0x0002,
    0x0012, 0x0012, 0x0012, 0x0012, 0x0001, 0x0001, 0x0001, 0x0001,
    0x0002, 0x0002, 0x0002, 0x0002, 0x0012, 0x0012, 0x0012, 0x0012,
    0x0012, 0x0012, 0x0012, 0x0012, 0x0001, 0x0001, 0x0001, 0x0001,
    0x0002, 0x0002, 0x0002, 0x0002, 0x0012, 0x0012, 0x0012, 0x0012,
    0x0001, 0x0001, 0x0001, 0x0001, 0x0002, 0x0002, 0x0002, 0x0002,
    0x0012, 0x0012, 0x0012, 0x0012, 0x0001, 0x0001, 0x0001, 0x0001,
    0x0002, 0x0002, 0x0002, 0x0002, 0x0012, 0x0012, 0x0012, 0x0012,
    0x0012, 0x0012, 0x0012, 0x0012, 0x0001, 0x0001, 0x0001, 0x0001,
    0x0002, 0x0002, 0x0002, 0x0002, 0x0012, 0x0012, 0x0012, 0x0012,
    0x0001, 0x0001, 0x0001, 0x0001, 0x0002, 0x0002, 0x0002, 0x0002,
    0x0012, 0x0012, 0x0012, 0x0012, 0x0001, 0x0001, 0x0001, 0x0001,
    0x0002, 0x0002, 0x0002, 0x0002, 0x0012, 0x0012, 0x0012, 0x0012,
    0x0012, 0x0012, 0x0012, 0x0012, 0x0001, 0x0001, 0x0001, 0x0001,
    0x0002, 0x0002, 0x0002, 0x0002, 0x0012, 0x0012, 0x0012, 0x0012,
    0x0001, 0x0001, 0x0001, 0x0001, 0x0002, 0x0002, 0x0002, 0x0002,
    0x0012, 0x0012, 0x0012, 0x0012, 0x0001, 0x0001, 0x0001, 0x0001,
    0x0002, 0x0002, 0x0002, 0x0002, 0x0012, 0x0012, 0x0012, 0x0012,
    0x0001, 0x0001, 0x0001, 0x0001, 0x0002, 0x0002, 0x0002, 0x0002,
    0x0012, 0x0012, 0x0012, 0x0012, 0x0001, 0x0001, 0x0001, 0x0001,
    0x0002, 0x0002, 0x0002, 0x0002, 0x0012, 0x0012, 0x0012, 0x0012,
    0x0001, 0x0001, 0x0001, 0x0001, 0x0002, 0x0002, 0x0002, 0x0002,
    0x0012, 0x0012, 0x0012, 0x0012, 0x0001, 0x0001, 0x0001, 0x0001,
    0x0001, 0x0001, 0x0001, 0x0001, 0x0002, 0x0002, 0x0002, 0x0002,
    0x0012, 0x0012, 0x0012, 0x0012, 0x0001, 0x0001, 0x0001, 0x0001,
    0x0002, 0x0002, 0x0002, 0x0002, 0x0012, 0x0012, 0x0012, 0x0012,
    0x0001, 0x0001, 0x0001, 0x0001, 0x0002, 0x0002, 0x0002, 0x0002,
    0x0012, 0x0012, 0x0012, 0x0012, 0x0001, 0x0001, 0x0001, 0x0001,
    0x0001, 0x0001, 0x0001, 0x0001, 0x0002, 0x0002, 0x0002, 0x0002,
    0x0012, 0x0012, 0x0012, 0x0012, 0x0001, 0x0001, 0x0001, 0x0001,
    0x0002, 0x0002, 0x0002, 0x0002, 0x0012, 0x0012, 0x0012, 0x0012,
    0x0001, 0x0001, 0x0001, 0x0001, 0x0002, 0x0002, 0x0002, 0x0002,
    0x0012, 0x0012, 0x0012, 0x0012, 0x0001, 0x0001, 0x0001, 0x0001,
    0x0001, 0x0001, 0x0001, 0x0001, 0x0002, 0x0002, 0x0002, 0x0002,
    0x0012, 0x0012, 0x0012, 0x0012, 0x0001, 0x0001, 0x0001, 0x0001,
    0x0002, 0x0002, 0x0002, 0x0002, 0x0012, 0x0012, 0x0012, 0x0012,
    0x0001, 0x0001, 0x0001, 0x0001, 0x0002, 0x0002, 0x0002, 0x0002,
    0x0012, 0x0012, 0x0012, 0x0012, 0x0001, 0x0001, 0x0001, 0x0001,
    0x0002, 0x0002, 0x0002, 0x0002, 0x0012, 0x0012, 0x0012, 0x0012,
    0x0001, 0x0001, 0x0001, 0x0001, 0x0002, 0x0002, 0x0002, 0x0002,
    0x0012, 0x0012, 0x0012, 0x0012, 0x0001, 0x0001, 0x0001, 0x0001,
    0x0002, 0x0002, 0x0002, 0x0002, 0x0012, 0x0012, 0x0012, 0x0012,
    0x0001, 0x0001, 0x0001, 0x0001, 0x0002, 0x0002, 0x0002, 0x0002,
    0x0002, 0x0002, 0x0002, 0x0002, 0x0012, 0x0012, 0x0012, 0x0012,
    0x0001, 0x0001, 0x0001, 0x0001, 0x0002, 0x0002, 0x0002, 0x0002,
    0x0012, 0x0012, 0x0012, 0x0012, 0x0001, 0x0001, 0x0001, 0x0001,
    0x0002, 0x0002, 0x0002, 0x0002, 0x0012, 0x0012, 0x0012, 0x0012,
    0x0001, 0x0001, 0x0001, 0x0001, 0x0002, 0x0002, 0x0002, 0x0002,
    0x0002, 0x0002, 0x0002, 0x0002, 0x0012, 0x0012, 0x0012, 0x0012,
    0x0001, 0x0001, 0x0001, 0x0001, 0x0002, 0x0002, 0x0002, 0x0002,
    0x0012, 0x0012, 0x0012, 0x0012, 0x0001, 0x0001, 0x0001, 0x0001,
    0x0002, 0x0002, 0x0002, 0x0002, 0x0012, 0x0012, 0x0012, 0x0012,
    0x0001, 0x0001, 0x0001, 0x0001, 0x0002, 0x0002, 0x0002, 0x0002,
    0x0002, 0x0002, 0x0002, 0x0002, 0x0012, 0x0012, 0x0012, 0x0012,
    0x0001, 0x0001, 0x0001, 0x0001, 0x0002, 0x0002, 0x0002, 0x0002,
    0x0012, 0x0012, 0x0012, 0x0012, 0x0001, 0x0001, 0x0001, 0x0001,
    0x0002, 0x0002, 0x0002, 0x0002, 0x0012, 0x0012, 0x0012, 0x0012,
    0x0001, 0x0001, 0x0001, 0x0001, 0x0002, 0x0002, 0x0002, 0x0002,
    0x0012, 0x0012, 0x0012, 0x0012, 0x0001, 0x0001, 0x0001, 0x0001,
    0x0002, 0x0002, 0x0002, 0x0002, 0x0012, 0x0012, 0x0012, 0x0012,
    0x0001, 0x0001, 0x0001, 0x0001, 0x0002, 0x0002, 0x0002, 0x0002,
    0x0012, 0x0012, 0x0012, 0x0012, 0x0001, 0x0001, 0x0001, 0x0001,
    0x0002, 0x0002, 0x0002, 0x0002, 0x0012, 0x0012, 0x0012, 0x0012,
    0x0012, 0x0012, 0x0012, 0x0012, 0x0001, 0x0001, 0x0001, 0x0001,
    0x0002, 0x0002, 0x0002, 0x0002, 0x0012, 0x0012, 0x0012, 0x0012,
    0x0001, 0x0001, 0x0001, 0x0001, 0x0002, 0x0002, 0x0002, 0x0002,
    0x0012, 0x0012, 0x0012, 0x0012, 0x0001, 0x0001, 0x0001, 0x0001,
    0x0002, 0x0002, 0x0002, 0x0002, 0x0012, 0x0012, 0x0012, 0x0012,
    0x0012, 0x0012, 0x0012, 0x0012, 0x0001, 0x0001, 0x0001, 0x0001,
    0x0002, 0x0002, 0x0002, 0x0002, 0x0012, 0x0012, 0x0012, 0x0012,
    0x0001, 0x0001, 0x0001, 0x0001, 0x0002, 0x0002, 0x0002, 0x0002,
    0x0012, 0x0012, 0x0012, 0x0012, 0x0001, 0x0001, 0x0001, 0x0001,
    0x0002, 0x0002, 0x0002, 0x0002, 0x0012, 0x0012, 0x0012, 0x0012,
    0x0012, 0x0012, 0x0012, 0x0012, 0x0001, 0x0001, 0x0001, 0x0001,
    0x0002, 0x0002, 0x0002, 0x0002, 0x0012, 0x0012, 0x0012, 0x0012,
    0x0001, 0x0001, 0x0001, 0x0001, 0x0002, 0x0002, 0x0002, 0x0002,
    0x0012, 0x0012, 0x0012, 0x0012, 0x0001, 0x0001, 0x0001, 0x0001,
    0x0002, 0x0002, 0x0002, 0x0002, 0x0012, 0x0012, 0x0012, 0x0012,
    0x0001, 0x0001, 0x0001, 0x0001, 0x0002, 0x0002, 0x0002, 0x0002,
    0x0012, 0x0012, 0x0012, 0x0012, 0x0001, 0x0001, 0x0001, 0x0001,
    0x0002, 0x0002, 0x0002, 0x0002, 0x0012, 0x0012, 0x0012, 0x0012,
    0x0001, 0x0001, 0x0001, 0x0001, 0x0002, 0x0002, 0x0002, 0x0002,
    0x0012, 0x0012, 0x0012, 0x0012, 0x0001, 0x0001, 0x0001, 0x0001,
    0x0001, 0x0001, 0x0001, 0x0001, 0x0002, 0x0002, 0x0002, 0x0002,
    0x0012, 0x0012, 0x0012, 0x0012, 0x0001, 0x0001, 0x0001, 0x0001,
    0x0002, 0x0002, 0x0002, 0x0002, 0x0012, 0x0012, 0x0012, 0x0012,
    0x0001, 0x0001, 0x0001, 0x0001, 0x0002, 0x0002, 0x0002, 0x0002,
    0x0012, 0x0012, 0x0012, 0x0012, 0x0001, 0x0001, 0x0001, 0x0001,
    0x0001, 0x0001, 0x0001, 0x0001, 0x0002, 0x0002, 0x0002, 0x0002,
    0x0012, 0x0012, 0x0012, 0x0012, 0x0001, 0x0001, 0x0001, 0x0001,
    0x0002, 0x0002, 0x0002, 0x0002, 0x0012, 0x0012, 0x0012, 0x0012,
    0x0001, 0x0001, 0x0001, 0x0001, 0x0002, 0x0002, 0x0002, 0x0002,
    0x0012, 0x0012, 0x0012, 0x0012, 0x0001, 0x0001, 0x0001, 0x0001,
    0x0001, 0x0001, 0x0001, 0x0001, 0x0002, 0x0002, 0x0002, 0x0002,
    0x0012, 0x0012, 0x0012, 0x0012, 0x0001, 0x0001, 0x0001, 0x0001,
    0x0002, 0x0002, 0x0002, 0x0002, 0x0012, 0x0012, 0x0012, 0x0012,
    0x0001, 0x0001, 0x0001, 0x0001, 0x0002, 0x0002, 0x0002, 0x0002,
    0x0012, 0x0012, 0x0012, 0x0012, 0x0001, 0x0001, 0x0001, 0x0001,
    0x0002, 0x0002, 0x0002, 0x0002, 0x0012, 0x0012, 0x0012, 0x0012,
    0x0001, 0x0001, 0x0001, 0x0001, 0x0002, 0x0002, 0x0002, 0x0002,
    0x0012, 0x0012, 0x0012, 0x0012, 0x0001, 0x0001, 0x0001, 0x0001,
    0x0002, 0x0002, 0x0002, 0x0002, 0x0012, 0x0012, 0x0012, 0x0012,
    0x0001, 0x0001, 0x0001, 0x0001, 0x0002, 0x0002, 0x0002, 0x0002,
};

static const u16 VIEW_INTERIOR_1_GROUND[1160] = {
    0x0000, 0x0000, 0x0000, 0x0000, 0x0000, 0x0000, 0x0000, 0x0000,
    0x0000, 0x0000, 0x0000, 0x0000, 0x0000, 0x0000, 0x0000, 0x0000,
    0x0000, 0x0000, 0x0000, 0x0000, 0x0000, 0x0000, 0x0000, 0x0000,
    0x0000, 0x0000, 0x0000, 0x0000, 0x0000, 0x0000, 0x0000, 0x0000,
    0x0000, 0x0000, 0x0000, 0x0000, 0x0000, 0x0000, 0x0000, 0x0000,
    0x0000, 0x0000, 0x0000, 0x0000, 0x0000, 0x0000, 0x0000, 0x0000,
    0x0000, 0x0000, 0x0000, 0x0000, 0x0000, 0x0000, 0x0000, 0x0000,
    0x0000, 0x0000, 0x0000, 0x0000, 0x0000, 0x0000, 0x0000, 0x0000,
    0x0000, 0x0000, 0x0000, 0x0000, 0x0000, 0x0000, 0x0000, 0x0000,
    0x0000, 0x0000, 0x0000, 0x0000, 0x0000, 0x0000, 0x0000, 0x0000,
    0x0000, 0x0000, 0x0000, 0x0000, 0x0000, 0x0000, 0x0000, 0x0000,
    0x0000, 0x0000, 0x0000, 0x0000, 0x0000, 0x0000, 0x0000, 0x0000,
    0x0000, 0x0000, 0x0000, 0x0000, 0x0000, 0x0000, 0x0000, 0x0000,
    0x0000, 0x0000, 0x0000, 0x0000, 0x0000, 0x0000, 0x0000, 0x0000,
    0x0000, 0x0000, 0x0000, 0x0000, 0x0000, 0x0000, 0x0000, 0x0000,
    0x0000, 0x0000, 0x0000, 0x0000, 0x0000, 0x0000, 0x0000, 0x0000,
    0x0000, 0x0000, 0x0000, 0x0000, 0x0000, 0x0000, 0x0000, 0x0000,
    0x0000, 0x0000, 0x0000, 0x0000, 0x0000, 0x0000, 0x0000, 0x0000,
    0x0000, 0x0000, 0x0000, 0x0000, 0x0000, 0x0000, 0x0000, 0x0000,
    0x0000, 0x0000, 0x0000, 0x0000, 0x0000, 0x0000, 0x0000, 0x0000,
    0x0000, 0x0000, 0x0000, 0x0000, 0x0000, 0x0000, 0x0000, 0x0000,
    0x0000, 0x0000, 0x0000, 0x0000, 0x0000, 0x0000, 0x0000, 0x0000,
    0x0000, 0x0000, 0x0000, 0x0000, 0x0000, 0x0000, 0x0000, 0x0000,
    0x0000, 0x0000, 0x0000, 0x0000, 0x0000, 0x0000, 0x0000, 0x0000,
    0x0000, 0x0000, 0x0000, 0x0000, 0x0000, 0x0000, 0x0000, 0x0000,
    0x0000, 0x0000, 0x0000, 0x0000, 0x0000, 0x0000, 0x0000, 0x0000,
    0x0000, 0x0000, 0x0000, 0x0000, 0x0000, 0x0000, 0x0000, 0x0000,
    0x0000, 0x0000, 0x0000, 0x0000, 0x0000, 0x0000, 0x0000, 0x0000,
    0x0000, 0x0000, 0x0000, 0x0000, 0x0000, 0x0000, 0x0000, 0x0000,
    0x0000, 0x0000, 0x0000, 0x0000, 0x0000, 0x0000, 0x0000, 0x0000,
    0x0000, 0x0000, 0x0000, 0x0000, 0x0000, 0x0000, 0x0000, 0x0000,
    0x0000, 0x0000, 0x0000, 0x0000, 0x0000, 0x0000, 0x0000, 0x0000,
    0x0000, 0x0000, 0x0000, 0x0000, 0x0000, 0x0000, 0x0000, 0x0000,
    0x0000, 0x0000, 0x0000, 0x0000, 0x0000, 0x0000, 0x0000, 0x0000,
    0x0000, 0x0000, 0x0000, 0x0000, 0x0000, 0x0000, 0x0000, 0x0000,
    0x0000, 0x0000, 0x0000, 0x0000, 0x0000, 0x0000, 0x0000, 0x0000,
    0x0000, 0x0000, 0x0000, 0x0000, 0x0000, 0x0000, 0x0000, 0x0000,
    0x0000, 0x0000, 0x0000, 0x0000, 0x0000, 0x0000, 0x0000, 0x0000,
    0x0000, 0x0000, 0x0000, 0x0000, 0x0000, 0x0000, 0x0000, 0x0000,
    0x0000, 0x0000, 0x0000, 0x0000, 0x0000, 0x0000, 0x0000, 0x0000,
    0x0000, 0x0000, 0x0000, 0x0000, 0x0000, 0x0000, 0x0000, 0x0000,
    0x0000, 0x0000, 0x0000, 0x0000, 0x0000, 0x0000, 0x0000, 0x0000,
    0x0000, 0x0000, 0x0000, 0x0000, 0x0000, 0x0000, 0x0000, 0x0000,
    0x0000, 0x0000, 0x0000, 0x0000, 0x0000, 0x0000, 0x0000, 0x0000,
    0x0000, 0x0000, 0x0000, 0x0000, 0x0000, 0x0000, 0x0000, 0x0000,
    0x0000, 0x0000, 0x0000, 0x0000, 0x0000, 0x0000, 0x0000, 0x0000,
    0x0000, 0x0000, 0x0000, 0x0000, 0x0000, 0x0000, 0x0000, 0x0000,
    0x0000, 0x0000, 0x0000, 0x0000, 0x0000, 0x0000, 0x0000, 0x0000,
    0x0000, 0x0000, 0x0000, 0x0000, 0x0000, 0x0000, 0x0000, 0x0000,
    0x0000, 0x0000, 0x0000, 0x0000, 0x0000, 0x0000, 0x0000, 0x0000,
    0x0000, 0x0000, 0x0000, 0x0000, 0x0000, 0x0000, 0x0000, 0x0000,
    0x0000, 0x0000, 0x0000, 0x0000, 0x0000, 0x0000, 0x0000, 0x0000,
    0x0000, 0x0000, 0x0000, 0x0000, 0x0000, 0x0000, 0x0000, 0x0000,
    0x0000, 0x0000, 0x0000, 0x0000, 0x0000, 0x0000, 0x0000, 0x0000,
    0x0000, 0x0000, 0x0000, 0x0000, 0x0000, 0x0000, 0x0000, 0x0000,
    0x0000, 0x0000, 0x0000, 0x0000, 0x0000, 0x0000, 0x0000, 0x0000,
    0x0000, 0x0000, 0x0000, 0x0000, 0x0000, 0x0000, 0x0000, 0x0000,
    0x0000, 0x0000, 0x0000, 0x0000, 0x0000, 0x0000, 0x0000, 0x0000,
    0x0000, 0x0000, 0x0000, 0x0000, 0x0000, 0x0000, 0x0000, 0x0000,
    0x0000, 0x0000, 0x0000, 0x0000, 0x0000, 0x0000, 0x0000, 0x0000,
    0x0000, 0x0000, 0x0000, 0x0000, 0x0000, 0x0000, 0x0000, 0x0000,
    0x0000, 0x0000, 0x0000, 0x0000, 0x0000, 0x0000, 0x0000, 0x0000,
    0x0000, 0x0000, 0x0000, 0x0000, 0x0000, 0x0000, 0x0000, 0x0000,
    0x0000, 0x0000, 0x0000, 0x0000, 0x0000, 0x0000, 0x0000, 0x0000,
    0x0000, 0x0000, 0x0000, 0x0000, 0x0000, 0x0000, 0x0000, 0x0000,
    0x0000, 0x0000, 0x0000, 0x0000, 0x0000, 0x0000, 0x0000, 0x0000,
    0x0000, 0x0000, 0x0000, 0x0000, 0x0000, 0x0000, 0x0000, 0x0000,
    0x0000, 0x0000, 0x0000, 0x0000, 0x0000, 0x0000, 0x0000, 0x0000,
    0x0000, 0x0000, 0x0000, 0x0000, 0x0000, 0x0000, 0x0000, 0x0000,
    0x0000, 0x0000, 0x0000, 0x0000, 0x0000, 0x0000, 0x0000, 0x0000,
    0x0000, 0x0000, 0x0000, 0x0000, 0x0000, 0x0000, 0x0000, 0x0000,
    0x0000, 0x0000, 0x0000, 0x0000, 0x0000, 0x0000, 0x0000, 0x0000,
    0x0000, 0x0000, 0x0000, 0x0000, 0x0000, 0x0000, 0x0000, 0x0000,
    0x0000, 0x0000, 0x0000, 0x0000, 0x0000, 0x0000, 0x0000, 0x0000,
    0x0000, 0x0000, 0x0000, 0x0000, 0x0000, 0x0000, 0x0000, 0x0000,
    0x0000, 0x0000, 0x0000, 0x0000, 0x0000, 0x0000, 0x0000, 0x0000,
    0x0000, 0x0000, 0x0000, 0x0000, 0x0000, 0x0000, 0x0000, 0x0000,
    0x0000, 0x0000, 0x0000, 0x0000, 0x0000, 0x0000, 0x0000, 0x0000,
    0x0000, 0x0000, 0x0000, 0x0000, 0x0000, 0x0000, 0x0000, 0x0000,
    0x0000, 0x0000, 0x0000, 0x0000, 0x0000, 0x0000, 0x0000, 0x0000,
    0x0000, 0x0000, 0x0000, 0x0000, 0x0000, 0x0000, 0x0000, 0x0000,
    0x0000, 0x0000, 0x0000, 0x0000, 0x0000, 0x0000, 0x0000, 0x0000,
    0x0000, 0x0000, 0x0000, 0x0000, 0x0000, 0x0000, 0x0000, 0x0000,
    0x0000, 0x0000, 0x0000, 0x0000, 0x0000, 0x0000, 0x0000, 0x0000,
    0x0000, 0x0000, 0x0000, 0x0000, 0x0000, 0x0000, 0x0000, 0x0000,
    0x0000, 0x0000, 0x0000, 0x0000, 0x0000, 0x0000, 0x0000, 0x0000,
    0x0000, 0x0000, 0x0000, 0x0000, 0x0000, 0x0000, 0x0000, 0x0000,
    0x0000, 0x0000, 0x0000, 0x0000, 0x0000, 0x0000, 0x0000, 0x0000,
    0x0000, 0x0000, 0x0000, 0x0000, 0x0000, 0x0000, 0x0000, 0x0000,
    0x0000, 0x0000, 0x0000, 0x0000, 0x0000, 0x0000, 0x0000, 0x0000,
    0x0000, 0x0000, 0x0000, 0x0000, 0x0000, 0x0000, 0x0000, 0x0000,
    0x0000, 0x0000, 0x0000, 0x0000, 0x0000, 0x0000, 0x0000, 0x0000,
    0x0000, 0x0000, 0x0000, 0x0000, 0x0000, 0x0000, 0x0000, 0x0000,
    0x0000, 0x0000, 0x0000, 0x0000, 0x0000, 0x0000, 0x0000, 0x0000,
    0x0000, 0x0000, 0x0000, 0x0000, 0x0000, 0x0000, 0x0000, 0x0000,
    0x0000, 0x0000, 0x0000, 0x0000, 0x0000, 0x0000, 0x0000, 0x0000,
    0x0000, 0x0000, 0x0000, 0x0000, 0x0000, 0x0000, 0x0000, 0x0000,
    0x0000, 0x0000, 0x0000, 0x0000, 0x0000, 0x0000, 0x0000, 0x0000,
    0x0000, 0x0000, 0x0000, 0x0000, 0x0000, 0x0000, 0x0000, 0x0000,
    0x0000, 0x0000, 0x0000, 0x0000, 0x0000, 0x0000, 0x0000, 0x0000,
    0x0000, 0x0000, 0x0000, 0x0000, 0x0000, 0x0000, 0x0000, 0x0000,
    0x0000, 0x0000, 0x0000, 0x0000, 0x0000, 0x0000, 0x0000, 0x0000,
    0x0000, 0x0000, 0x0000, 0x0000, 0x0000, 0x0000, 0x0000, 0x0000,
    0x0000, 0x0000, 0x0000, 0x0000, 0x0000, 0x0000, 0x0000, 0x0000,
    0x0000, 0x0000, 0x0000, 0x0000, 0x0000, 0x0000, 0x0000, 0x0000,
    0x0000, 0x0000, 0x0000, 0x0000, 0x0000, 0x0000, 0x0000, 0x0000,
    0x0000, 0x0000, 0x0000, 0x0000, 0x0000, 0x0000, 0x0000, 0x0000,
    0x0000, 0x0000, 0x0000, 0x0000, 0x0000, 0x0000, 0x0000, 0x0000,
    0x0000, 0x0000, 0x0000, 0x0000, 0x0000, 0x0000, 0x0000, 0x0000,
    0x0000, 0x0000, 0x0000, 0x0000, 0x0000, 0x0000, 0x0000, 0x0000,
    0x0000, 0x0000, 0x0000, 0x0000, 0x0000, 0x0000, 0x0000, 0x0000,
    0x0000, 0x0000, 0x0000, 0x0000, 0x0000, 0x0000, 0x0000, 0x0000,
    0x0000, 0x0000, 0x0000, 0x0000, 0x0000, 0x0000, 0x0000, 0x0000,
    0x0000, 0x0000, 0x0000, 0x0000, 0x0000, 0x0000, 0x0000, 0x0000,
    0x0000, 0x0000, 0x0000, 0x0000, 0x0000, 0x0000, 0x0000, 0x0000,
    0x0000, 0x0000, 0x0000, 0x0000, 0x0000, 0x0000, 0x0000, 0x0000,
    0x0000, 0x0000, 0x0000, 0x0000, 0x0000, 0x0000, 0x0000, 0x0000,
    0x0000, 0x0000, 0x0000, 0x0000, 0x0000, 0x0000, 0x0000, 0x0000,
    0x0000, 0x0000, 0x0000, 0x0000, 0x0000, 0x0000, 0x0000, 0x0000,
    0x0000, 0x0000, 0x0000, 0x0000, 0x0000, 0x0000, 0x0000, 0x0000,
    0x0000, 0x0000, 0x0000, 0x0000, 0x0000, 0x0000, 0x0000, 0x0000,
    0x0000, 0x0000, 0x0000, 0x0000, 0x0000, 0x0000, 0x0000, 0x0000,
    0x0000, 0x0000, 0x0000, 0x0000, 0x0000, 0x0000, 0x0000, 0x0000,
    0x0000, 0x0000, 0x0000, 0x0000, 0x0000, 0x0000, 0x0000, 0x0000,
    0x0000, 0x0000, 0x0000, 0x0000, 0x0000, 0x0000, 0x0000, 0x0000,
    0x0000, 0x0000, 0x0000, 0x0000, 0x0000, 0x0000, 0x0000, 0x0000,
    0x0000, 0x0000, 0x0000, 0x0000, 0x0000, 0x0000, 0x0000, 0x0000,
    0x0000, 0x0000, 0x0000, 0x0000, 0x0000, 0x0000, 0x0000, 0x0000,
    0x0000, 0x0000, 0x0000, 0x0000, 0x0000, 0x0000, 0x0000, 0x0000,
    0x0000, 0x0000, 0x0000, 0x0000, 0x0000, 0x0000, 0x0000, 0x0000,
    0x0000, 0x0000, 0x0000, 0x0000, 0x0000, 0x0000, 0x0000, 0x0000,
    0x0000, 0x0000, 0x0000, 0x0000, 0x0000, 0x0000, 0x0000, 0x0000,
    0x0000, 0x0000, 0x0000, 0x0000, 0x0000, 0x0000, 0x0000, 0x0000,
    0x0000, 0x0000, 0x0000, 0x0000, 0x0000, 0x0000, 0x0000, 0x0000,
    0x0000, 0x0000, 0x0000, 0x0000, 0x0000, 0x0000, 0x0000, 0x0000,
    0x0000, 0x0000, 0x0000, 0x0000, 0x0000, 0x0000, 0x0000, 0x0000,
    0x0000, 0x0000, 0x0000, 0x0000, 0x0000, 0x0000, 0x0000, 0x0000,
    0x0000, 0x0000, 0x0000, 0x0000, 0x0000, 0x0000, 0x0000, 0x0000,
    0x0000, 0x0000, 0x0000, 0x0000, 0x0000, 0x0000, 0x0000, 0x0000,
    0x0000, 0x0000, 0x0000, 0x0000, 0x0000, 0x0000, 0x0000, 0x0000,
    0x0000, 0x0000, 0x0000, 0x0000, 0x0000, 0x0000, 0x0000, 0x0000,
    0x0000, 0x0000, 0x0000, 0x0000, 0x0000, 0x0000, 0x0000, 0x0000,
    0x0000, 0x0000, 0x0000, 0x0000, 0x0000, 0x0000, 0x0000, 0x0000,
    0x0000, 0x0000, 0x0000, 0x0000, 0x0000, 0x0000, 0x0000, 0x0000,
    0x0000, 0x0000, 0x0000, 0x0000, 0x0000, 0x0000, 0x0000, 0x0000,
};

static const DecorPlace VIEW_INTERIOR_1_DECOR[] = {
    DP(CHAIR, 25, 3),
    DP(TV, 27, 3),
    DP(TABLE, 29, 3),
    DP(BED, 32, 3),
    DP(BOOKSHELF, 34, 3),
    DP(PLANT, 37, 3),
    DP(PC, 1, 6),
    DP(HEAL_MACHINE, 3, 6),
    DP(SHOP_SHELF, 6, 6),
    DP(LAB_MACHINE, 9, 6),
    DP(STOVE, 12, 6),
    DP(CHAIR_UP, 14, 6),
    DP(CHAIR_SIDE, 16, 6),
    DP(STOOL, 18, 6),
    DP(TABLE_ROUND, 20, 6),
    DP(LONG_TABLE, 23, 6),
    DP(DESK, 27, 6),
    DP(TEA_SET, 30, 6),
    DP(CUSHION, 32, 6),
    DP(SMALL_RUG, 34, 6),
    DP(DOUBLE_BED, 37, 6),
    DP(KIN_BASKET, 1, 9),
    DP(BOOKSHELF_SMALL, 3, 9),
    DP(WARDROBE, 5, 9),
    DP(DRESSER, 7, 9),
    DP(BARREL_IN, 9, 9),
    DP(SACKS_IN, 11, 9),
    DP(TOY_BOX, 13, 9),
    DP(ICEBOX, 15, 9),
    DP(SINK_COUNTER, 17, 9),
    DP(COAT_RACK, 19, 9),
    DP(MIRROR, 21, 9),
    DP(SMALL_PLANT, 23, 9),
    DP(CACTUS, 25, 9),
    DP(VASE, 27, 9),
    DP(FLOWER_VASE, 29, 9),
    DP(KIN_PLUSH, 31, 9),
    DP(GLOBE, 33, 9),
    DP(GRANDFATHER_CLOCK, 35, 9),
    DP(FLOOR_LAMP, 37, 9),
    DP(FIREPLACE, 1, 12),
    DP(BRICK_OVEN, 4, 12),
    DP(LANTERN_RACK, 7, 12),
    DP(PIANO, 10, 12),
    DP(BREAD_DISPLAY, 13, 12),
    DP(TELESCOPE_IN, 16, 12),
    DP(SPECIMEN_SHELF, 18, 12),
    DP(MICROSCOPE, 20, 12),
    DP(DISPLAY_CASE, 22, 12),
    DP(AQUARIUM, 25, 12),
    DP(TELEGRAPH, 28, 12),
    DP(CHALKBOARD, 30, 12),
    DP(MAP_POSTER, 33, 12),
    DP(CALENDAR, 36, 12),
    DP(PENNANT, 38, 12),
    DP(WORK_BOARD, 1, 15),
    DP(FARM_CHEST, 4, 15),
    DP(FZ_EXTRACTOR, 6, 15),
    DP(FZ_MIXER, 9, 15),
    DP(FZ_LOOM, 12, 15),
    DP(FZ_TANKS, 16, 15),
    DP(COOKTOP, 19, 15),
    DP(CAULDRON, 22, 15),
    DP(ANVIL, 25, 15),
    DP(PYLON, 28, 15),
    DP(RESONANCE_COIL, 30, 15),
    DP(ENERGY_VAT, 32, 15),
    DP(DYNAMO, 34, 15),
    DP(BIKE_DISPLAY, 37, 15),
    DP(GEARS, 1, 19),
    DP(FILE_CABINET, 4, 19),
    DP(VOLT_BANNER, 6, 19),
    DP(SHIP_WHEEL, 8, 19),
    DP(FISH_TROPHY, 10, 19),
    DP(SHIP_BOTTLE, 12, 19),
    DP(NET_WALL, 14, 19),
};

static const u16 VIEW_CITY_1_CELLS[1440] = {
    0x0000, 0x0000, 0x0000, 0x0000, 0x0001, 0x0001, 0x0001, 0x0001,
    0x0002, 0x0002, 0x0002, 0x0002, 0x0000, 0x0000, 0x0000, 0x0000,
    0x0001, 0x0001, 0x0001, 0x0001, 0x0002, 0x0002, 0x0002, 0x0002,
    0x0000, 0x0000, 0x0000, 0x0000, 0x0001, 0x0001, 0x0001, 0x0001,
    0x0002, 0x0002, 0x0002, 0x0002, 0x0000, 0x0000, 0x0000, 0x0000,
    0x0000, 0x0000, 0x0000, 0x0001, 0x0001, 0x0002, 0x0001, 0x0003,
    0x0002, 0x0004, 0x0002, 0x0005, 0x0000, 0x0006, 0x0000, 0x0007,
    0x0001, 0x0008, 0x0001, 0x0009, 0x0002, 0x000C, 0x0002, 0x000D,
    0x0000, 0x000E, 0x0000, 0x000F, 0x0001, 0x0010, 0x0001, 0x000A,
    0x0002, 0x000A, 0x0002, 0x000A, 0x0000, 0x0000, 0x0000, 0x0000,
    0x0000, 0x0000, 0x0000, 0x0000, 0x0001, 0x0001, 0x0001, 0x0001,
    0x0002, 0x0002, 0x0002, 0x0002, 0x0000, 0x0000, 0x0000, 0x0000,
    0x0001, 0x0001, 0x0001, 0x0001, 0x0002, 0x0002, 0x0002, 0x0002,
    0x0000, 0x0000, 0x0000, 0x0000, 0x0001, 0x0001, 0x0001, 0x000B,
    0x0002, 0x000B, 0x0002, 0x000B, 0x0000, 0x0000, 0x0000, 0x0000,
    0x0000, 0x0000, 0x0000, 0x0000, 0x0001, 0x0001, 0x0001, 0x0001,
    0x0002, 0x0002, 0x0002, 0x0002, 0x0000, 0x0000, 0x0000, 0x0000,
    0x0001, 0x0001, 0x0001, 0x0001, 0x0002, 0x0002, 0x0002, 0x0002,
    0x0000, 0x0000, 0x0000, 0x0000, 0x0001, 0x0001, 0x0001, 0x0001,
    0x0002, 0x0002, 0x0002, 0x0002, 0x0000, 0x0000, 0x0000, 0x0000,
    0x0001, 0x0011, 0x0012, 0x0013, 0x0014, 0x0015, 0x0016, 0x0002,
    0x0029, 0x002A, 0x002B, 0x002C, 0x002D, 0x002E, 0x002F, 0x0030,
    0x0002, 0x0049, 0x004A, 0x004B, 0x004C, 0x004D, 0x004E, 0x004F,
    0x0050, 0x0051, 0x0001, 0x0076, 0x0077, 0x0078, 0x0079, 0x007A,
    0x007B, 0x007C, 0x007D, 0x0000, 0x0001, 0x0001, 0x0001, 0x0001,
    0x0001, 0x0017, 0x0018, 0x0019, 0x001A, 0x001B, 0x001C, 0x0002,
    0x0031, 0x0032, 0x0033, 0x0034, 0x0035, 0x0036, 0x0037, 0x0038,
    0x0002, 0x0052, 0x0053, 0x0054, 0x0055, 0x0056, 0x0057, 0x0058,
    0x0059, 0x005A, 0x0001, 0x007E, 0x007F, 0x0080, 0x0081, 0x0082,
    0x0083, 0x0084, 0x0085, 0x0000, 0x0001, 0x0001, 0x0001, 0x0001,
    0x0001, 0x001D, 0x001E, 0x001F, 0x0020, 0x0021, 0x0022, 0x0002,
    0x0039, 0x003A, 0x003B, 0x003C, 0x003D, 0x003E, 0x003F, 0x0040,
    0x0002, 0x005B, 0x005C, 0x005D, 0x005E, 0x005F, 0x0060, 0x0061,
    0x0062, 0x0063, 0x0001, 0x0086, 0x0087, 0x0088, 0x0089, 0x008A,
    0x008B, 0x008C, 0x008D, 0x0000, 0x0001, 0x0001, 0x0001, 0x0001,
    0x0001, 0x0023, 0x0024, 0x0025, 0x0026, 0x0027, 0x0028, 0x0002,
    0x0041, 0x0042, 0x0043, 0x0044, 0x0045, 0x0046, 0x0047, 0x0048,
    0x0002, 0x0064, 0x0065, 0x0066, 0x0067, 0x0068, 0x0069, 0x006A,
    0x006B, 0x006C, 0x0001, 0x008E, 0x008F, 0x0090, 0x0091, 0x0092,
    0x0093, 0x0094, 0x0095, 0x0000, 0x0001, 0x0001, 0x0001, 0x0001,
    0x0002, 0x0002, 0x0002, 0x0002, 0x0000, 0x0000, 0x0000, 0x0000,
    0x0001, 0x0001, 0x0001, 0x0001, 0x0002, 0x0002, 0x0002, 0x0002,
    0x0000, 0x006D, 0x006E, 0x006F, 0x0070, 0x0071, 0x0072, 0x0073,
    0x0074, 0x0075, 0x0002, 0x0002, 0x0000, 0x0000, 0x0000, 0x0000,
    0x0001, 0x0001, 0x0001, 0x0001, 0x0002, 0x0002, 0x0002, 0x0002,
    0x0002, 0x0002, 0x0002, 0x0002, 0x0000, 0x0000, 0x0000, 0x0000,
    0x0001, 0x0001, 0x0001, 0x0001, 0x0002, 0x0002, 0x0002, 0x0002,
    0x0000, 0x0000, 0x0000, 0x0000, 0x0001, 0x0001, 0x0001, 0x0001,
    0x0002, 0x0002, 0x0002, 0x0002, 0x0000, 0x0000, 0x0000, 0x0000,
    0x0001, 0x0001, 0x0001, 0x0001, 0x0002, 0x0002, 0x0002, 0x0002,
    0x0002, 0x0096, 0x0097, 0x0098, 0x0099, 0x009A, 0x0000, 0x00AA,
    0x00AB, 0x00AC, 0x00AD, 0x00AE, 0x00AF, 0x0002, 0x00C2, 0x00C3,
    0x00C4, 0x00C5, 0x00C6, 0x0000, 0x00D6, 0x00D7, 0x00D8, 0x00D9,
    0x00DA, 0x0002, 0x00EA, 0x00EB, 0x00EC, 0x00ED, 0x0000, 0x00FA,
    0x00FB, 0x00FC, 0x00FD, 0x00FE, 0x00FF, 0x0100, 0x0002, 0x0002,
    0x0002, 0x009B, 0x009C, 0x009D, 0x009E, 0x009F, 0x0000, 0x00B0,
    0x00B1, 0x00B2, 0x00B3, 0x00B4, 0x00B5, 0x0002, 0x00C7, 0x00C8,
    0x00C9, 0x00CA, 0x00CB, 0x0000, 0x00DB, 0x00DC, 0x00DD, 0x00DE,
    0x00DF, 0x0002, 0x00EE, 0x00EF, 0x00F0, 0x00F1, 0x0000, 0x0101,
    0x0102, 0x0103, 0x0104, 0x0105, 0x0106, 0x0107, 0x0002, 0x0002,
    0x0000, 0x00A0, 0x00A1, 0x00A2, 0x00A3, 0x00A4, 0x0001, 0x00B6,
    0x00B7, 0x00B8, 0x00B9, 0x00BA, 0x00BB, 0x0000, 0x00CC, 0x00CD,
    0x00CE, 0x00CF, 0x00D0, 0x0001, 0x00E0, 0x00E1, 0x00E2, 0x00E3,
    0x00E4, 0x0000, 0x00F2, 0x00F3, 0x00F4, 0x00F5, 0x0001, 0x0108,
    0x0109, 0x010A, 0x010B, 0x010C, 0x010D, 0x010E, 0x0000, 0x0000,
    0x0000, 0x00A5, 0x00A6, 0x00A7, 0x00A8, 0x00A9, 0x0001, 0x00BC,
    0x00BD, 0x00BE, 0x00BF, 0x00C0, 0x00C1, 0x0000, 0x00D1, 0x00D2,
    0x00D3, 0x00D4, 0x00D5, 0x0001, 0x00E5, 0x00E6, 0x00E7, 0x00E8,
    0x00E9, 0x0000, 0x00F6, 0x00F7, 0x00F8, 0x00F9, 0x0001, 0x010F,
    0x0110, 0x0111, 0x0112, 0x0113, 0x0114, 0x0115, 0x0000, 0x0000,
    0x0000, 0x0000, 0x0000, 0x0000, 0x0001, 0x0001, 0x0001, 0x0001,
    0x0002, 0x0002, 0x0002, 0x0002, 0x0000, 0x0000, 0x0000, 0x0000,
    0x0001, 0x0001, 0x0001, 0x0001, 0x0002, 0x0002, 0x0002, 0x0002,
    0x0000, 0x0000, 0x0000, 0x0000, 0x0001, 0x0001, 0x0001, 0x0001,
    0x0002, 0x0002, 0x0002, 0x0002, 0x0000, 0x0000, 0x0000, 0x0000,
    0x0000, 0x0116, 0x0117, 0x0118, 0x0001, 0x0001, 0x0001, 0x0001,
    0x0002, 0x0002, 0xFFF1, 0xFFF1, 0xFFF1, 0xFFF1, 0x0000, 0x0000,
    0x0001, 0x0001, 0x0001, 0x0001, 0x0002, 0x0002, 0x0002, 0x0002,
    0x0000, 0x0000, 0x0000, 0x0000, 0x0001, 0x0001, 0x0001, 0x0001,
    0x0002, 0x0002, 0x0002, 0x0002, 0x0000, 0x0000, 0x0000, 0x0000,
    0x0001, 0x0119, 0x011A, 0x011B, 0x0002, 0xFFF0, 0xFFF0, 0xFFF0,
    0xFFF0, 0x0000, 0xFFF1, 0xFFF1, 0xFFF1, 0xFFF1, 0x0001, 0x0001,
    0x0002, 0x0002, 0x0002, 0x0002, 0x0000, 0x0000, 0x0000, 0x0000,
    0x0001, 0x0001, 0x0001, 0x0001, 0x0002, 0x0002, 0x0002, 0x0002,
    0x0000, 0x0000, 0x0000, 0x0000, 0x0001, 0x0001, 0x0001, 0x0001,
    0x0001, 0x011C, 0x011D, 0x011E, 0x0002, 0x0002, 0x0002, 0x0002,
    0x0000, 0x0000, 0xFFF1, 0xFFF1, 0xFFF1, 0xFFF1, 0x0001, 0x0001,
    0x0002, 0x0002, 0x0002, 0x0002, 0x0000, 0x0000, 0x0000, 0x0000,
    0x0001, 0x0001, 0x0001, 0x0001, 0x0002, 0x0002, 0x0002, 0x0002,
    0x0000, 0x0000, 0x0000, 0x0000, 0x0001, 0x0001, 0x0001, 0x0001,
    0x0001, 0x011F, 0x0120, 0x0121, 0x0002, 0x0002, 0x0002, 0x0002,
    0x0000, 0x0000, 0x0000, 0x0000, 0x0001, 0x0001, 0x0001, 0x0001,
    0x0002, 0x0002, 0x0002, 0x0002, 0x0000, 0x0000, 0x0000, 0x0000,
    0x0001, 0x0001, 0x0001, 0x0001, 0x0002, 0x0002, 0x0002, 0x0002,
    0x0000, 0x0000, 0x0000, 0x0000, 0x0001, 0x0001, 0x0001, 0x0001,
    0x0001, 0x0122, 0x0123, 0x0124, 0x0002, 0x0002, 0x0002, 0x0002,
    0x0000, 0x0000, 0x0000, 0x0000, 0x0001, 0x0001, 0x0001, 0x0001,
    0x0002, 0x0002, 0x0002, 0x0002, 0x0000, 0x0000, 0x0000, 0x0000,
    0x0001, 0x0001, 0x0001, 0x0001, 0x0002, 0x0002, 0x0002, 0x0002,
    0x0000, 0x0000, 0x0000, 0x0000, 0x0001, 0x0001, 0x0001, 0x0001,
    0x0002, 0x0125, 0x0126, 0x0127, 0x0000, 0x0000, 0x0000, 0x0000,
    0x0001, 0x0001, 0x0001, 0x0001, 0x0002, 0x0002, 0x0002, 0x0002,
    0x0000, 0x0000, 0x0000, 0x0000, 0x0001, 0x0001, 0x0001, 0x0001,
    0x0002, 0x0002, 0x0002, 0x0002, 0x0000, 0x0000, 0x0000, 0x0000,
    0x0001, 0x0001, 0x0001, 0x0001, 0x0002, 0x0002, 0x0002, 0x0002,
    0x0002, 0x0002, 0x0002, 0x0002, 0x0000, 0x0000, 0x0000, 0x0000,
    0x0001, 0x0001, 0x0001, 0x0001, 0x0002, 0x0002, 0x0002, 0x0002,
    0x0000, 0x0000, 0x0000, 0x0000, 0x0001, 0x0001, 0x0001, 0x0001,
    0x0002, 0x0002, 0x0002, 0x0002, 0x0000, 0x0000, 0x0000, 0x0000,
    0x0001, 0x0001, 0x0001, 0x0001, 0x0002, 0x0002, 0x0002, 0x0002,
    0x0002, 0x0002, 0x0002, 0x0002, 0x0000, 0x0000, 0x0000, 0x0000,
    0x0001, 0x0001, 0x0001, 0x0001, 0x0002, 0x0002, 0x0002, 0x0002,
    0x0000, 0x0000, 0x0000, 0x0000, 0x0001, 0x0001, 0x0001, 0x0001,
    0x0002, 0x0002, 0x0002, 0x0002, 0x0000, 0x0000, 0x0000, 0x0000,
    0x0001, 0x0001, 0x0001, 0x0001, 0x0002, 0x0002, 0x0002, 0x0002,
    0x0002, 0x0002, 0x0002, 0x0002, 0x0000, 0x0000, 0x0000, 0x0000,
    0x0001, 0x0001, 0x0001, 0x0001, 0x0002, 0x0002, 0x0002, 0x0002,
    0x0000, 0x0000, 0x0000, 0x0000, 0x0001, 0x0001, 0x0001, 0x0001,
    0x0002, 0x0002, 0x0002, 0x0002, 0x0000, 0x0000, 0x0000, 0x0000,
    0x0001, 0x0001, 0x0001, 0x0001, 0x0002, 0x0002, 0x0002, 0x0002,
    0x0000, 0x0000, 0x0000, 0x0000, 0x0001, 0x0001, 0x0001, 0x0001,
    0x0002, 0x0002, 0x0002, 0x0002, 0x0000, 0x0000, 0x0000, 0x0000,
    0x0001, 0x0001, 0x0001, 0x0001, 0x0002, 0x0002, 0x0002, 0x0002,
    0x0000, 0x0000, 0x0000, 0x0000, 0x0001, 0x0001, 0x0001, 0x0001,
    0x0002, 0x0002, 0x0002, 0x0002, 0x0000, 0x0000, 0x0000, 0x0000,
    0x0000, 0x0000, 0x0000, 0x0000, 0x0001, 0x0001, 0x0001, 0x0001,
    0x0002, 0x0002, 0x0002, 0x0002, 0x0000, 0x0000, 0x0000, 0x0000,
    0x0001, 0x0001, 0x0001, 0x0001, 0x0002, 0x0002, 0x0002, 0x0002,
    0x0000, 0x0000, 0x0000, 0x0000, 0x0001, 0x0001, 0x0001, 0x0001,
    0x0002, 0x0002, 0x0002, 0x0002, 0x0000, 0x0000, 0x0000, 0x0000,
    0x0000, 0x0000, 0x0000, 0x0000, 0x0001, 0x0001, 0x0001, 0x0001,
    0x0002, 0x0002, 0x0002, 0x0002, 0x0000, 0x0000, 0x0000, 0x0000,
    0x0001, 0x0001, 0x0001, 0x0001, 0x0002, 0x0002, 0x0002, 0x0002,
    0x0000, 0x0000, 0x0000, 0x0000, 0x0001, 0x0001, 0x0001, 0x0001,
    0x0002, 0x0002, 0x0002, 0x0002, 0x0000, 0x0000, 0x0000, 0x0000,
    0x0000, 0x0000, 0x0000, 0x0000, 0x0001, 0x0001, 0x0001, 0x0001,
    0x0002, 0x0002, 0x0002, 0x0002, 0x0000, 0x0000, 0x0000, 0x0000,
    0x0001, 0x0001, 0x0001, 0x0001, 0x0002, 0x0002, 0x0002, 0x0002,
    0x0000, 0x0000, 0x0000, 0x0000, 0x0001, 0x0001, 0x0001, 0x0001,
    0x0002, 0x0002, 0x0002, 0x0002, 0x0000, 0x0000, 0x0000, 0x0000,
    0x0001, 0x0001, 0x0001, 0x0001, 0x0002, 0x0002, 0x0002, 0x0002,
    0x0000, 0x0000, 0x0000, 0x0000, 0x0001, 0x0001, 0x0001, 0x0001,
    0x0002, 0x0002, 0x0002, 0x0002, 0x0000, 0x0000, 0x0000, 0x0000,
    0x0001, 0x0001, 0x0001, 0x0001, 0x0002, 0x0002, 0x0002, 0x0002,
    0x0000, 0x0000, 0x0000, 0x0000, 0x0001, 0x0001, 0x0001, 0x0001,
    0x0001, 0x0001, 0x0001, 0x0001, 0x0002, 0x0002, 0x0002, 0x0002,
    0x0000, 0x0000, 0x0000, 0x0000, 0x0001, 0x0001, 0x0001, 0x0001,
    0x0002, 0x0002, 0x0002, 0x0002, 0x0000, 0x0000, 0x0000, 0x0000,
    0x0001, 0x0001, 0x0001, 0x0001, 0x0002, 0x0002, 0x0002, 0x0002,
    0x0000, 0x0000, 0x0000, 0x0000, 0x0001, 0x0001, 0x0001, 0x0001,
    0x0001, 0x0001, 0x0001, 0x0001, 0x0002, 0x0002, 0x0002, 0x0002,
    0x0000, 0x0000, 0x0000, 0x0000, 0x0001, 0x0001, 0x0001, 0x0001,
    0x0002, 0x0002, 0x0002, 0x0002, 0x0000, 0x0000, 0x0000, 0x0000,
    0x0001, 0x0001, 0x0001, 0x0001, 0x0002, 0x0002, 0x0002, 0x0002,
    0x0000, 0x0000, 0x0000, 0x0000, 0x0001, 0x0001, 0x0001, 0x0001,
    0x0001, 0x0001, 0x0001, 0x0001, 0x0002, 0x0002, 0x0002, 0x0002,
    0x0000, 0x0000, 0x0000, 0x0000, 0x0001, 0x0001, 0x0001, 0x0001,
    0x0002, 0x0002, 0x0002, 0x0002, 0x0000, 0x0000, 0x0000, 0x0000,
    0x0001, 0x0001, 0x0001, 0x0001, 0x0002, 0x0002, 0x0002, 0x0002,
    0x0000, 0x0000, 0x0000, 0x0000, 0x0001, 0x0001, 0x0001, 0x0001,
    0x0002, 0x0002, 0x0002, 0x0002, 0x0000, 0x0000, 0x0000, 0x0000,
    0x0001, 0x0001, 0x0001, 0x0001, 0x0002, 0x0002, 0x0002, 0x0002,
    0x0000, 0x0000, 0x0000, 0x0000, 0x0001, 0x0001, 0x0001, 0x0001,
    0x0002, 0x0002, 0x0002, 0x0002, 0x0000, 0x0000, 0x0000, 0x0000,
    0x0001, 0x0001, 0x0001, 0x0001, 0x0002, 0x0002, 0x0002, 0x0002,
    0x0002, 0x0002, 0x0002, 0x0002, 0x0000, 0x0000, 0x0000, 0x0000,
    0x0001, 0x0001, 0x0001, 0x0001, 0x0002, 0x0002, 0x0002, 0x0002,
    0x0000, 0x0000, 0x0000, 0x0000, 0x0001, 0x0001, 0x0001, 0x0001,
    0x0002, 0x0002, 0x0002, 0x0002, 0x0000, 0x0000, 0x0000, 0x0000,
    0x0001, 0x0001, 0x0001, 0x0001, 0x0002, 0x0002, 0x0002, 0x0002,
    0x0002, 0x0002, 0x0002, 0x0002, 0x0000, 0x0000, 0x0000, 0x0000,
    0x0001, 0x0001, 0x0001, 0x0001, 0x0002, 0x0002, 0x0002, 0x0002,
    0x0000, 0x0000, 0x0000, 0x0000, 0x0001, 0x0001, 0x0001, 0x0001,
    0x0002, 0x0002, 0x0002, 0x0002, 0x0000, 0x0000, 0x0000, 0x0000,
    0x0001, 0x0001, 0x0001, 0x0001, 0x0002, 0x0002, 0x0002, 0x0002,
    0x0002, 0x0002, 0x0002, 0x0002, 0x0000, 0x0000, 0x0000, 0x0000,
    0x0001, 0x0001, 0x0001, 0x0001, 0x0002, 0x0002, 0x0002, 0x0002,
    0x0000, 0x0000, 0x0000, 0x0000, 0x0001, 0x0001, 0x0001, 0x0001,
    0x0002, 0x0002, 0x0002, 0x0002, 0x0000, 0x0000, 0x0000, 0x0000,
    0x0001, 0x0001, 0x0001, 0x0001, 0x0002, 0x0002, 0x0002, 0x0002,
};

static const u16 VIEW_CITY_1_GROUND[1440] = {
    0x0000, 0x0000, 0x0000, 0x0000, 0x0000, 0x0000, 0x0000, 0x0000,
    0x0000, 0x0000, 0x0000, 0x0000, 0x0000, 0x0000, 0x0000, 0x0000,
    0x0000, 0x0000, 0x0000, 0x0000, 0x0000, 0x0000, 0x0000, 0x0000,
    0x0000, 0x0000, 0x0000, 0x0000, 0x0000, 0x0000, 0x0000, 0x0000,
    0x0000, 0x0000, 0x0000, 0x0000, 0x0000, 0x0000, 0x0000, 0x0000,
    0x0000, 0x0000, 0x0000, 0x0000, 0x0000, 0x0000, 0x0000, 0x0000,
    0x0000, 0x0000, 0x0000, 0x0000, 0x0000, 0x0000, 0x0000, 0x0000,
    0x0000, 0x0000, 0x0000, 0x0000, 0x0000, 0x0000, 0x0000, 0x0000,
    0x0000, 0x0000, 0x0000, 0x0000, 0x0000, 0x0000, 0x0000, 0x0000,
    0x0000, 0x0001, 0x0000, 0x0002, 0x0000, 0x0000, 0x0000, 0x0000,
    0x0000, 0x0000, 0x0000, 0x0000, 0x0000, 0x0000, 0x0000, 0x0000,
    0x0000, 0x0000, 0x0000, 0x0000, 0x0000, 0x0000, 0x0000, 0x0000,
    0x0000, 0x0000, 0x0000, 0x0000, 0x0000, 0x0000, 0x0000, 0x0000,
    0x0000, 0x0000, 0x0000, 0x0000, 0x0000, 0x0000, 0x0000, 0x0000,
    0x0000, 0x0001, 0x0000, 0x0002, 0x0000, 0x0000, 0x0000, 0x0000,
    0x0000, 0x0000, 0x0000, 0x0000, 0x0000, 0x0000, 0x0000, 0x0000,
    0x0000, 0x0000, 0x0000, 0x0000, 0x0000, 0x0000, 0x0000, 0x0000,
    0x0000, 0x0000, 0x0000, 0x0000, 0x0000, 0x0000, 0x0000, 0x0000,
    0x0000, 0x0000, 0x0000, 0x0000, 0x0000, 0x0000, 0x0000, 0x0000,
    0x0000, 0x0000, 0x0000, 0x0000, 0x0000, 0x0000, 0x0000, 0x0000,
    0x0000, 0x0000, 0x0000, 0x0000, 0x0000, 0x0000, 0x0000, 0x0000,
    0x0000, 0x0000, 0x0000, 0x0000, 0x0000, 0x0000, 0x0000, 0x0000,
    0x0000, 0x0000, 0x0000, 0x0000, 0x0000, 0x0000, 0x0000, 0x0000,
    0x0000, 0x0000, 0x0000, 0x0000, 0x0000, 0x0000, 0x0000, 0x0000,
    0x0000, 0x0000, 0x0000, 0x0000, 0x0000, 0x0000, 0x0000, 0x0000,
    0x0000, 0x0000, 0x0000, 0x0000, 0x0000, 0x0000, 0x0000, 0x0000,
    0x0000, 0x0000, 0x0000, 0x0000, 0x0000, 0x0000, 0x0000, 0x0000,
    0x0000, 0x0000, 0x0000, 0x0000, 0x0000, 0x0000, 0x0000, 0x0000,
    0x0000, 0x0000, 0x0000, 0x0000, 0x0000, 0x0000, 0x0000, 0x0000,
    0x0000, 0x0000, 0x0000, 0x0000, 0x0000, 0x0000, 0x0000, 0x0000,
    0x0000, 0x0000, 0x0000, 0x0000, 0x0000, 0x0000, 0x0000, 0x0000,
    0x0000, 0x0000, 0x0000, 0x0000, 0x0000, 0x0000, 0x0000, 0x0000,
    0x0000, 0x0000, 0x0000, 0x0000, 0x0000, 0x0000, 0x0000, 0x0000,
    0x0000, 0x0000, 0x0000, 0x0000, 0x0000, 0x0000, 0x0000, 0x0000,
    0x0000, 0x0000, 0x0000, 0x0000, 0x0000, 0x0000, 0x0000, 0x0000,
    0x0000, 0x0000, 0x0000, 0x0000, 0x0000, 0x0000, 0x0000, 0x0000,
    0x0000, 0x0000, 0x0000, 0x0000, 0x0000, 0x0000, 0x0000, 0x0000,
    0x0000, 0x0000, 0x0000, 0x0000, 0x0000, 0x0000, 0x0000, 0x0000,
    0x0000, 0x0000, 0x0000, 0x0000, 0x0000, 0x0000, 0x0000, 0x0000,
    0x0000, 0x0000, 0x0000, 0x0000, 0x0000, 0x0000, 0x0000, 0x0000,
    0x0000, 0x0000, 0x0000, 0x0000, 0x0000, 0x0000, 0x0000, 0x0000,
    0x0000, 0x0000, 0x0000, 0x0000, 0x0000, 0x0000, 0x0000, 0x0000,
    0x0000, 0x0000, 0x0000, 0x0000, 0x0000, 0x0000, 0x0000, 0x0000,
    0x0000, 0x0000, 0x0000, 0x0000, 0x0000, 0x0000, 0x0000, 0x0000,
    0x0000, 0x0000, 0x0000, 0x0000, 0x0000, 0x0000, 0x0000, 0x0000,
    0x0000, 0x0000, 0x0000, 0x0000, 0x0000, 0x0000, 0x0000, 0x0000,
    0x0000, 0x0000, 0x0000, 0x0000, 0x0000, 0x0000, 0x0000, 0x0000,
    0x0000, 0x0000, 0x0000, 0x0000, 0x0000, 0x0000, 0x0000, 0x0000,
    0x0000, 0x0000, 0x0000, 0x0000, 0x0000, 0x0000, 0x0000, 0x0000,
    0x0000, 0x0000, 0x0000, 0x0000, 0x0000, 0x0000, 0x0000, 0x0000,
    0x0000, 0x0000, 0x0000, 0x0000, 0x0000, 0x0000, 0x0000, 0x0000,
    0x0000, 0x0000, 0x0000, 0x0000, 0x0000, 0x0000, 0x0000, 0x0000,
    0x0000, 0x0000, 0x0000, 0x0000, 0x0000, 0x0000, 0x0000, 0x0000,
    0x0000, 0x0000, 0x0000, 0x0000, 0x0000, 0x0000, 0x0000, 0x0000,
    0x0000, 0x0000, 0x0000, 0x0000, 0x0000, 0x0000, 0x0000, 0x0000,
    0x0000, 0x0000, 0x0000, 0x0000, 0x0000, 0x0000, 0x0000, 0x0000,
    0x0000, 0x0000, 0x0000, 0x0000, 0x0000, 0x0000, 0x0000, 0x0000,
    0x0000, 0x0000, 0x0000, 0x0000, 0x0000, 0x0000, 0x0000, 0x0000,
    0x0000, 0x0000, 0x0000, 0x0000, 0x0000, 0x0000, 0x0000, 0x0000,
    0x0000, 0x0000, 0x0000, 0x0000, 0x0000, 0x0000, 0x0000, 0x0000,
    0x0000, 0x0000, 0x0000, 0x0000, 0x0000, 0x0000, 0x0000, 0x0000,
    0x0000, 0x0000, 0x0000, 0x0000, 0x0000, 0x0000, 0x0000, 0x0000,
    0x0000, 0x0000, 0x0000, 0x0000, 0x0000, 0x0000, 0x0000, 0x0000,
    0x0000, 0x0000, 0x0000, 0x0000, 0x0000, 0x0000, 0x0000, 0x0000,
    0x0000, 0x0000, 0x0000, 0x0000, 0x0000, 0x0000, 0x0000, 0x0000,
    0x0000, 0x0000, 0x0000, 0x0000, 0x0000, 0x0000, 0x0000, 0x0000,
    0x0000, 0x0000, 0x0000, 0x0000, 0x0000, 0x0000, 0x0000, 0x0000,
    0x0000, 0x0000, 0x0000, 0x0000, 0x0000, 0x0000, 0x0000, 0x0000,
    0x0000, 0x0000, 0x0000, 0x0000, 0x0000, 0x0000, 0x0000, 0x0000,
    0x0000, 0x0000, 0x0000, 0x0000, 0x0000, 0x0000, 0x0000, 0x0000,
    0x0000, 0x0000, 0x0000, 0x0000, 0x0000, 0x0000, 0x0000, 0x0000,
    0x0000, 0x0000, 0x0000, 0x0000, 0x0000, 0x0000, 0x0000, 0x0000,
    0x0000, 0x0000, 0x0000, 0x0000, 0x0000, 0x0000, 0x0000, 0x0000,
    0x0000, 0x0000, 0x0000, 0x0000, 0x0000, 0x0000, 0x0000, 0x0000,
    0x0000, 0x0000, 0x0000, 0x0000, 0x0000, 0x0000, 0x0000, 0x0000,
    0x0000, 0x0000, 0x0000, 0x0000, 0x0000, 0x0000, 0x0000, 0x0000,
    0x0000, 0x0000, 0x0000, 0x0000, 0x0000, 0x0000, 0x0000, 0x0000,
    0x0000, 0x0000, 0x0000, 0x0000, 0x0000, 0x0000, 0x0000, 0x0000,
    0x0000, 0x0000, 0x0000, 0x0000, 0x0000, 0x0000, 0x0000, 0x0000,
    0x0000, 0x0000, 0x0000, 0x0000, 0x0000, 0x0000, 0x0000, 0x0000,
    0x0000, 0x0000, 0x0000, 0x0000, 0x0000, 0x0000, 0x0000, 0x0000,
    0x0000, 0x0000, 0x0000, 0x0000, 0x0000, 0x0000, 0x0000, 0x0000,
    0x0000, 0x0000, 0x0000, 0x0000, 0x0000, 0x0000, 0x0000, 0x0000,
    0x0000, 0x0000, 0x0000, 0x0000, 0x0000, 0x0000, 0x0000, 0x0000,
    0x0000, 0x0000, 0x0000, 0x0000, 0x0000, 0x0000, 0x0000, 0x0000,
    0x0000, 0x0000, 0x0000, 0x0000, 0x0000, 0x0000, 0x0000, 0x0000,
    0x0000, 0x0000, 0x0000, 0x0000, 0x0000, 0x0000, 0x0000, 0x0000,
    0x0000, 0x0000, 0x0000, 0x0000, 0x0000, 0x0000, 0x0000, 0x0000,
    0x0000, 0x0000, 0x0000, 0x0000, 0x0000, 0x0000, 0x0000, 0x0000,
    0x0000, 0x0000, 0x0000, 0x0000, 0x0000, 0x0000, 0x0000, 0x0000,
    0x0000, 0x0000, 0x0000, 0x0000, 0x0000, 0x0000, 0x0000, 0x0000,
    0x0000, 0x0000, 0x0000, 0x0000, 0x0000, 0x0000, 0x0000, 0x0000,
    0x0000, 0x0000, 0x0000, 0x0000, 0x0000, 0x0000, 0x0000, 0x0000,
    0x0000, 0x0000, 0x0000, 0x0000, 0x0000, 0x0000, 0x0000, 0x0000,
    0x0000, 0x0000, 0x0000, 0x0000, 0x0000, 0x0000, 0x0000, 0x0000,
    0x0000, 0x0000, 0x0000, 0x0000, 0x0000, 0x0000, 0x0000, 0x0000,
    0x0000, 0x0000, 0x0000, 0x0000, 0x0000, 0x0000, 0x0000, 0x0000,
    0x0000, 0x0000, 0x0000, 0x0000, 0x0000, 0x0000, 0x0000, 0x0000,
    0x0000, 0x0000, 0x0000, 0x0000, 0x0000, 0x0000, 0x0000, 0x0000,
    0x0000, 0x0000, 0x0000, 0x0000, 0x0000, 0x0000, 0x0000, 0x0000,
    0x0000, 0x0000, 0x0000, 0x0000, 0x0000, 0x0000, 0x0000, 0x0000,
    0x0000, 0x0000, 0x0000, 0x0000, 0x0000, 0x0000, 0x0000, 0x0000,
    0x0000, 0x0000, 0x0000, 0x0000, 0x0000, 0x0000, 0x0000, 0x0000,
    0x0000, 0x0000, 0x0000, 0x0000, 0x0000, 0x0000, 0x0000, 0x0000,
    0x0000, 0x0000, 0x0000, 0x0000, 0x0000, 0x0000, 0x0000, 0x0000,
    0x0000, 0x0000, 0x0000, 0x0000, 0x0000, 0x0000, 0x0000, 0x0000,
    0x0000, 0x0000, 0x0000, 0x0000, 0x0000, 0x0000, 0x0000, 0x0000,
    0x0000, 0x0000, 0x0000, 0x0000, 0x0000, 0x0000, 0x0000, 0x0000,
    0x0000, 0x0000, 0x0000, 0x0000, 0x0000, 0x0000, 0x0000, 0x0000,
    0x0000, 0x0000, 0x0000, 0x0000, 0x0000, 0x0000, 0x0000, 0x0000,
    0x0000, 0x0000, 0x0000, 0x0000, 0x0000, 0x0000, 0x0000, 0x0000,
    0x0000, 0x0000, 0x0000, 0x0000, 0x0000, 0x0000, 0x0000, 0x0000,
    0x0000, 0x0000, 0x0000, 0x0000, 0x0000, 0x0000, 0x0000, 0x0000,
    0x0000, 0x0000, 0x0000, 0x0000, 0x0000, 0x0000, 0x0000, 0x0000,
    0x0000, 0x0000, 0x0000, 0x0000, 0x0000, 0x0000, 0x0000, 0x0000,
    0x0000, 0x0000, 0x0000, 0x0000, 0x0000, 0x0000, 0x0000, 0x0000,
    0x0000, 0x0000, 0x0000, 0x0000, 0x0000, 0x0000, 0x0000, 0x0000,
    0x0000, 0x0000, 0x0000, 0x0000, 0x0000, 0x0000, 0x0000, 0x0000,
    0x0000, 0x0000, 0x0000, 0x0000, 0x0000, 0x0000, 0x0000, 0x0000,
    0x0000, 0x0000, 0x0000, 0x0000, 0x0000, 0x0000, 0x0000, 0x0000,
    0x0000, 0x0000, 0x0000, 0x0000, 0x0000, 0x0000, 0x0000, 0x0000,
    0x0000, 0x0000, 0x0000, 0x0000, 0x0000, 0x0000, 0x0000, 0x0000,
    0x0000, 0x0000, 0x0000, 0x0000, 0x0000, 0x0000, 0x0000, 0x0000,
    0x0000, 0x0000, 0x0000, 0x0000, 0x0000, 0x0000, 0x0000, 0x0000,
    0x0000, 0x0000, 0x0000, 0x0000, 0x0000, 0x0000, 0x0000, 0x0000,
    0x0000, 0x0000, 0x0000, 0x0000, 0x0000, 0x0000, 0x0000, 0x0000,
    0x0000, 0x0000, 0x0000, 0x0000, 0x0000, 0x0000, 0x0000, 0x0000,
    0x0000, 0x0000, 0x0000, 0x0000, 0x0000, 0x0000, 0x0000, 0x0000,
    0x0000, 0x0000, 0x0000, 0x0000, 0x0000, 0x0000, 0x0000, 0x0000,
    0x0000, 0x0000, 0x0000, 0x0000, 0x0000, 0x0000, 0x0000, 0x0000,
    0x0000, 0x0000, 0x0000, 0x0000, 0x0000, 0x0000, 0x0000, 0x0000,
    0x0000, 0x0000, 0x0000, 0x0000, 0x0000, 0x0000, 0x0000, 0x0000,
    0x0000, 0x0000, 0x0000, 0x0000, 0x0000, 0x0000, 0x0000, 0x0000,
    0x0000, 0x0000, 0x0000, 0x0000, 0x0000, 0x0000, 0x0000, 0x0000,
    0x0000, 0x0000, 0x0000, 0x0000, 0x0000, 0x0000, 0x0000, 0x0000,
    0x0000, 0x0000, 0x0000, 0x0000, 0x0000, 0x0000, 0x0000, 0x0000,
    0x0000, 0x0000, 0x0000, 0x0000, 0x0000, 0x0000, 0x0000, 0x0000,
    0x0000, 0x0000, 0x0000, 0x0000, 0x0000, 0x0000, 0x0000, 0x0000,
    0x0000, 0x0000, 0x0000, 0x0000, 0x0000, 0x0000, 0x0000, 0x0000,
    0x0000, 0x0000, 0x0000, 0x0000, 0x0000, 0x0000, 0x0000, 0x0000,
    0x0000, 0x0000, 0x0000, 0x0000, 0x0000, 0x0000, 0x0000, 0x0000,
    0x0000, 0x0000, 0x0000, 0x0000, 0x0000, 0x0000, 0x0000, 0x0000,
    0x0000, 0x0000, 0x0000, 0x0000, 0x0000, 0x0000, 0x0000, 0x0000,
    0x0000, 0x0000, 0x0000, 0x0000, 0x0000, 0x0000, 0x0000, 0x0000,
    0x0000, 0x0000, 0x0000, 0x0000, 0x0000, 0x0000, 0x0000, 0x0000,
    0x0000, 0x0000, 0x0000, 0x0000, 0x0000, 0x0000, 0x0000, 0x0000,
    0x0000, 0x0000, 0x0000, 0x0000, 0x0000, 0x0000, 0x0000, 0x0000,
    0x0000, 0x0000, 0x0000, 0x0000, 0x0000, 0x0000, 0x0000, 0x0000,
    0x0000, 0x0000, 0x0000, 0x0000, 0x0000, 0x0000, 0x0000, 0x0000,
    0x0000, 0x0000, 0x0000, 0x0000, 0x0000, 0x0000, 0x0000, 0x0000,
    0x0000, 0x0000, 0x0000, 0x0000, 0x0000, 0x0000, 0x0000, 0x0000,
    0x0000, 0x0000, 0x0000, 0x0000, 0x0000, 0x0000, 0x0000, 0x0000,
    0x0000, 0x0000, 0x0000, 0x0000, 0x0000, 0x0000, 0x0000, 0x0000,
    0x0000, 0x0000, 0x0000, 0x0000, 0x0000, 0x0000, 0x0000, 0x0000,
    0x0000, 0x0000, 0x0000, 0x0000, 0x0000, 0x0000, 0x0000, 0x0000,
    0x0000, 0x0000, 0x0000, 0x0000, 0x0000, 0x0000, 0x0000, 0x0000,
    0x0000, 0x0000, 0x0000, 0x0000, 0x0000, 0x0000, 0x0000, 0x0000,
    0x0000, 0x0000, 0x0000, 0x0000, 0x0000, 0x0000, 0x0000, 0x0000,
    0x0000, 0x0000, 0x0000, 0x0000, 0x0000, 0x0000, 0x0000, 0x0000,
    0x0000, 0x0000, 0x0000, 0x0000, 0x0000, 0x0000, 0x0000, 0x0000,
    0x0000, 0x0000, 0x0000, 0x0000, 0x0000, 0x0000, 0x0000, 0x0000,
    0x0000, 0x0000, 0x0000, 0x0000, 0x0000, 0x0000, 0x0000, 0x0000,
    0x0000, 0x0000, 0x0000, 0x0000, 0x0000, 0x0000, 0x0000, 0x0000,
    0x0000, 0x0000, 0x0000, 0x0000, 0x0000, 0x0000, 0x0000, 0x0000,
    0x0000, 0x0000, 0x0000, 0x0000, 0x0000, 0x0000, 0x0000, 0x0000,
    0x0000, 0x0000, 0x0000, 0x0000, 0x0000, 0x0000, 0x0000, 0x0000,
    0x0000, 0x0000, 0x0000, 0x0000, 0x0000, 0x0000, 0x0000, 0x0000,
    0x0000, 0x0000, 0x0000, 0x0000, 0x0000, 0x0000, 0x0000, 0x0000,
    0x0000, 0x0000, 0x0000, 0x0000, 0x0000, 0x0000, 0x0000, 0x0000,
    0x0000, 0x0000, 0x0000, 0x0000, 0x0000, 0x0000, 0x0000, 0x0000,
    0x0000, 0x0000, 0x0000, 0x0000, 0x0000, 0x0000, 0x0000, 0x0000,
    0x0000, 0x0000, 0x0000, 0x0000, 0x0000, 0x0000, 0x0000, 0x0000,
    0x0000, 0x0000, 0x0000, 0x0000, 0x0000, 0x0000, 0x0000, 0x0000,
    0x0000, 0x0000, 0x0000, 0x0000, 0x0000, 0x0000, 0x0000, 0x0000,
    0x0000, 0x0000, 0x0000, 0x0000, 0x0000, 0x0000, 0x0000, 0x0000,
    0x0000, 0x0000, 0x0000, 0x0000, 0x0000, 0x0000, 0x0000, 0x0000,
    0x0000, 0x0000, 0x0000, 0x0000, 0x0000, 0x0000, 0x0000, 0x0000,
    0x0000, 0x0000, 0x0000, 0x0000, 0x0000, 0x0000, 0x0000, 0x0000,
    0x0000, 0x0000, 0x0000, 0x0000, 0x0000, 0x0000, 0x0000, 0x0000,
    0x0000, 0x0000, 0x0000, 0x0000, 0x0000, 0x0000, 0x0000, 0x0000,
};

static const DecorPlace VIEW_CITY_1_DECOR[] = {
    DP(SIGNPOST, 15, 15),
    DP(MAILBOX, 17, 15),
    DP(FENCE, 19, 15),
    DP(FENCE_END, 21, 15),
    DP(ROCK, 23, 15),
    DP(BUSH, 25, 15),
    DP(BENCH, 27, 15),
    DP(BARREL, 30, 15),
    DP(CRATE, 32, 15),
    DP(CRATE_STACK, 34, 15),
    DP(SACKS, 36, 15),
    DP(FLOWER_POT, 38, 15),
    DP(PLANTER, 1, 22),
    DP(MARKET_STALL, 4, 22),
    DP(LANTERN_POST, 8, 22),
    DP(STONE_LANTERN, 10, 22),
    DP(BIG_TREE, 12, 22),
    DP(HEDGE, 15, 22),
    DP(HEDGE_END, 17, 22),
    DP(PEBBLES, 19, 22),
    DP(FALLEN_LEAVES, 21, 22),
    DP(SMALL_FLOWERS, 23, 22),
    DP(LILY_PADS, 25, 22),
    DP(BRIDGE_H, 27, 22),
    DP(BRIDGE_V, 29, 22),
    DP(FOUNTAIN, 31, 22),
    DP(NOTICE_BOARD, 34, 22),
    DP(CART, 37, 22),
    DP(SIGN_ARROW, 1, 25),
    DP(BEEHIVE, 3, 25),
    DP(CITY_LAMP, 5, 25),
    DP(TESLA_COIL, 7, 25),
    DP(PARKED_BIKE, 9, 25),
    DP(CAFE_TABLE, 11, 25),
    DP(RAILING, 13, 25),
    DP(BEACON, 15, 25),
};

static const u16 VIEW_COAST_1_CELLS[1240] = {
    0x0000, 0x0000, 0x0000, 0x0000, 0x0001, 0x0001, 0x0001, 0x0001,
    0x0002, 0x0002, 0x0002, 0x0002, 0x0000, 0x0000, 0x0000, 0x0000,
    0x0001, 0x0001, 0x0001, 0x0001, 0x0002, 0x0002, 0x0002, 0x0002,
    0x0000, 0x0000, 0x0000, 0x0000, 0x0001, 0x0001, 0x0001, 0x0001,
    0x0002, 0x0002, 0x0002, 0x0002, 0x0000, 0x0000, 0x0000, 0x0000,
    0x0000, 0x0000, 0x0000, 0x0001, 0x0001, 0x0002, 0x0001, 0x0003,
    0x0002, 0x0004, 0x0002, 0x0005, 0x0000, 0x0006, 0x0000, 0x0007,
    0x0001, 0x0008, 0x0001, 0x0009, 0x0002, 0x000A, 0x0002, 0x000B,
    0x0000, 0x000C, 0x0000, 0x000D, 0x0001, 0x000E, 0x0001, 0x000F,
    0x0002, 0x0014, 0x0002, 0x0015, 0x0000, 0x0016, 0x0000, 0x0000,
    0x0000, 0x0000, 0x0000, 0x0000, 0x0001, 0x0001, 0x0001, 0x0001,
    0x0002, 0x0002, 0x0002, 0x0002, 0x0000, 0x0000, 0x0000, 0x0000,
    0x0001, 0x0001, 0x0001, 0x0001, 0x0002, 0x0002, 0x0002, 0x0002,
    0x0000, 0x0000, 0x0000, 0x0000, 0x0001, 0x0001, 0x0001, 0x0001,
    0x0002, 0x0002, 0x0002, 0x0002, 0x0000, 0x0000, 0x0000, 0x0000,
    0x0000, 0x0017, 0x0000, 0x0018, 0x0001, 0x0019, 0x0001, 0x001A,
    0x0002, 0x001B, 0x0002, 0x001C, 0x0000, 0x0010, 0x0000, 0x0010,
    0x0001, 0x0010, 0x0001, 0x0012, 0x0002, 0x0012, 0x0002, 0x0012,
    0x0000, 0x001D, 0x001E, 0x001F, 0x0020, 0x0021, 0x0001, 0x0031,
    0x0032, 0x0033, 0x0034, 0x0035, 0x0000, 0x0000, 0x0000, 0x0000,
    0x0001, 0x0001, 0x0001, 0x0001, 0x0002, 0x0002, 0x0002, 0x0002,
    0x0000, 0x0000, 0x0000, 0x0000, 0x0001, 0x0011, 0x0001, 0x0011,
    0x0002, 0x0011, 0x0002, 0x0013, 0x0000, 0x0013, 0x0000, 0x0013,
    0x0001, 0x0022, 0x0023, 0x0024, 0x0025, 0x0026, 0x0002, 0x0036,
    0x0037, 0x0038, 0x0039, 0x003A, 0x0001, 0x0001, 0x0001, 0x0001,
    0x0001, 0x0001, 0x0001, 0x0001, 0x0002, 0x0002, 0x0002, 0x0002,
    0x0000, 0x0000, 0x0000, 0x0000, 0x0001, 0x0001, 0x0001, 0x0001,
    0x0002, 0x0002, 0x0002, 0x0002, 0x0000, 0x0000, 0x0000, 0x0000,
    0x0001, 0x0027, 0x0028, 0x0029, 0x002A, 0x002B, 0x0002, 0x003B,
    0x003C, 0x003D, 0x003E, 0x003F, 0x0001, 0x0001, 0x0001, 0x0001,
    0x0001, 0x0001, 0x0001, 0x0001, 0x0002, 0x0002, 0x0002, 0x0002,
    0x0000, 0x0000, 0x0000, 0x0000, 0x0001, 0x0001, 0x0001, 0x0001,
    0x0002, 0x0002, 0x0002, 0x0002, 0x0000, 0x0000, 0x0000, 0x0000,
    0x0001, 0x002C, 0x002D, 0x002E, 0x002F, 0x0030, 0x0002, 0x0040,
    0x0041, 0x0042, 0x0043, 0x0044, 0x0001, 0x0001, 0x0001, 0x0001,
    0x0001, 0x0001, 0x0001, 0x0001, 0x0002, 0x0002, 0x0002, 0x0002,
    0x0000, 0x0000, 0x0000, 0x0000, 0x0001, 0x0001, 0x0001, 0x0001,
    0x0002, 0x0002, 0x0002, 0x0002, 0x0000, 0x0000, 0x0000, 0x0000,
    0x0001, 0x0001, 0x0001, 0x0001, 0x0002, 0x0002, 0x0002, 0x0002,
    0x0000, 0x0000, 0x0000, 0x0000, 0x0001, 0x0001, 0x0001, 0x0001,
    0x0002, 0x0045, 0x0046, 0x0047, 0x0048, 0x0049, 0x0000, 0x0059,
    0x005A, 0x005B, 0x005C, 0x005D, 0x0002, 0x006D, 0x006E, 0x006F,
    0x0070, 0x0071, 0x0000, 0x0081, 0x0082, 0x0083, 0x0084, 0x0085,
    0x0002, 0x0095, 0x0096, 0x0097, 0x0098, 0x0099, 0x009A, 0x009B,
    0x0001, 0x00B8, 0x00B9, 0x00BA, 0x0002, 0x00C1, 0x0002, 0x0002,
    0x0002, 0x004A, 0x004B, 0x004C, 0x004D, 0x004E, 0x0000, 0x005E,
    0x005F, 0x0060, 0x0061, 0x0062, 0x0002, 0x0072, 0x0073, 0x0074,
    0x0075, 0x0076, 0x0000, 0x0086, 0x0087, 0x0088, 0x0089, 0x008A,
    0x0002, 0x009C, 0x009D, 0x009E, 0x009F, 0x00A0, 0x00A1, 0x00A2,
    0x0001, 0x00BB, 0x00BC, 0x00BD, 0x0002, 0x0002, 0x0002, 0x0002,
    0x0002, 0x004F, 0x0050, 0x0051, 0x0052, 0x0053, 0x0000, 0x0063,
    0x0064, 0x0065, 0x0066, 0x0067, 0x0002, 0x0077, 0x0078, 0x0079,
    0x007A, 0x007B, 0x0000, 0x008B, 0x008C, 0x008D, 0x008E, 0x008F,
    0x0002, 0x00A3, 0x00A4, 0x00A5, 0x00A6, 0x00A7, 0x00A8, 0x00A9,
    0x0001, 0x00BE, 0x00BF, 0x00C0, 0x0002, 0x0002, 0x0002, 0x0002,
    0x0002, 0x0054, 0x0055, 0x0056, 0x0057, 0x0058, 0x0000, 0x0068,
    0x0069, 0x006A, 0x006B, 0x006C, 0x0002, 0x007C, 0x007D, 0x007E,
    0x007F, 0x0080, 0x0000, 0x0090, 0x0091, 0x0092, 0x0093, 0x0094,
    0x0002, 0x00AA, 0x00AB, 0x00AC, 0x00AD, 0x00AE, 0x00AF, 0x00B0,
    0x0001, 0x0001, 0x0001, 0x0001, 0x0002, 0x0002, 0x0002, 0x0002,
    0x0000, 0x0000, 0x0000, 0x0000, 0x0001, 0x0001, 0x0001, 0x0001,
    0x0002, 0x0002, 0x0002, 0x0002, 0x0000, 0x0000, 0x0000, 0x0000,
    0x0001, 0x0001, 0x0001, 0x0001, 0x0002, 0x0002, 0x0002, 0x0002,
    0x0000, 0x00B1, 0x00B2, 0x00B3, 0x00B4, 0x00B5, 0x00B6, 0x00B7,
    0x0002, 0x0002, 0x0002, 0x0002, 0x0000, 0x0000, 0x0000, 0x0000,
    0x0000, 0x0000, 0x0000, 0x0000, 0x0001, 0x0001, 0x0001, 0x0001,
    0x0002, 0x0002, 0x0002, 0x0002, 0x0000, 0x0000, 0x0000, 0x0000,
    0x0001, 0x0001, 0x0001, 0x0001, 0x0002, 0x0002, 0x0002, 0x0002,
    0x0000, 0x0000, 0x0000, 0x0000, 0x0001, 0x0001, 0x0001, 0x0001,
    0x0002, 0x0002, 0x0002, 0x0002, 0x0000, 0x0000, 0x0000, 0x0000,
    0x0000, 0x0000, 0x0000, 0x0000, 0x0001, 0x0001, 0xFFF1, 0xFFF1,
    0xFFF1, 0xFFF1, 0x0002, 0x0002, 0x0000, 0x0000, 0x0000, 0x0000,
    0x0001, 0x0001, 0x0001, 0x0001, 0x0002, 0x0002, 0x0002, 0x0002,
    0x0000, 0x0000, 0x0000, 0x0000, 0x0001, 0x0001, 0x0001, 0x0001,
    0x0002, 0x0002, 0x0002, 0x0002, 0x0000, 0x0000, 0x0000, 0x0000,
    0x0000, 0xFFF0, 0xFFF0, 0xFFF0, 0xFFF0, 0x0001, 0xFFF1, 0xFFF1,
    0xFFF1, 0xFFF1, 0x0002, 0x0002, 0x0000, 0x0000, 0x0000, 0x0000,
    0x0001, 0x0001, 0x0001, 0x0001, 0x0002, 0x0002, 0x0002, 0x0002,
    0x0000, 0x0000, 0x0000, 0x0000, 0x0001, 0x0001, 0x0001, 0x0001,
    0x0002, 0x0002, 0x0002, 0x0002, 0x0000, 0x0000, 0x0000, 0x0000,
    0x0001, 0x0001, 0x0001, 0x0001, 0x0002, 0x0002, 0xFFF1, 0xFFF1,
    0xFFF1, 0xFFF1, 0x0000, 0x0000, 0x0001, 0x0001, 0x0001, 0x0001,
    0x0002, 0x0002, 0x0002, 0x0002, 0x0000, 0x0000, 0x0000, 0x0000,
    0x0001, 0x0001, 0x0001, 0x0001, 0x0002, 0x0002, 0x0002, 0x0002,
    0x0000, 0x0000, 0x0000, 0x0000, 0x0001, 0x0001, 0x0001, 0x0001,
    0x0001, 0x0001, 0x0001, 0x0001, 0x0002, 0x0002, 0x0002, 0x0002,
    0x0000, 0x0000, 0x0000, 0x0000, 0x0001, 0x0001, 0x0001, 0x0001,
    0x0002, 0x0002, 0x0002, 0x0002, 0x0000, 0x0000, 0x0000, 0x0000,
    0x0001, 0x0001, 0x0001, 0x0001, 0x0002, 0x0002, 0x0002, 0x0002,
    0x0000, 0x0000, 0x0000, 0x0000, 0x0001, 0x0001, 0x0001, 0x0001,
    0x0001, 0x0001, 0x0001, 0x0001, 0x0002, 0x0002, 0x0002, 0x0002,
    0x0000, 0x0000, 0x0000, 0x0000, 0x0001, 0x0001, 0x0001, 0x0001,
    0x0002, 0x0002, 0x0002, 0x0002, 0x0000, 0x0000, 0x0000, 0x0000,
    0x0001, 0x0001, 0x0001, 0x0001, 0x0002, 0x0002, 0x0002, 0x0002,
    0x0000, 0x0000, 0x0000, 0x0000, 0x0001, 0x0001, 0x0001, 0x0001,
    0x0001, 0x0001, 0x0001, 0x0001, 0x0002, 0x0002, 0x0002, 0x0002,
    0x0000, 0x0000, 0x0000, 0x0000, 0x0001, 0x0001, 0x0001, 0x0001,
    0x0002, 0x0002, 0x0002, 0x0002, 0x0000, 0x0000, 0x0000, 0x0000,
    0x0001, 0x0001, 0x0001, 0x0001, 0x0002, 0x0002, 0x0002, 0x0002,
    0x0000, 0x0000, 0x0000, 0x0000, 0x0001, 0x0001, 0x0001, 0x0001,
    0x0002, 0x0002, 0x0002, 0x0002, 0x0000, 0x0000, 0x0000, 0x0000,
    0x0001, 0x0001, 0x0001, 0x0001, 0x0002, 0x0002, 0x0002, 0x0002,
    0x0000, 0x0000, 0x0000, 0x0000, 0x0001, 0x0001, 0x0001, 0x0001,
    0x0002, 0x0002, 0x0002, 0x0002, 0x0000, 0x0000, 0x0000, 0x0000,
    0x0001, 0x0001, 0x0001, 0x0001, 0x0002, 0x0002, 0x0002, 0x0002,
    0x0002, 0x0002, 0x0002, 0x0002, 0x0000, 0x0000, 0x0000, 0x0000,
    0x0001, 0x0001, 0x0001, 0x0001, 0x0002, 0x0002, 0x0002, 0x0002,
    0x0000, 0x0000, 0x0000, 0x0000, 0x0001, 0x0001, 0x0001, 0x0001,
    0x0002, 0x0002, 0x0002, 0x0002, 0x0000, 0x0000, 0x0000, 0x0000,
    0x0001, 0x0001, 0x0001, 0x0001, 0x0002, 0x0002, 0x0002, 0x0002,
    0x0002, 0x0002, 0x0002, 0x0002, 0x0000, 0x0000, 0x0000, 0x0000,
    0x0001, 0x0001, 0x0001, 0x0001, 0x0002, 0x0002, 0x0002, 0x0002,
    0x0000, 0x0000, 0x0000, 0x0000, 0x0001, 0x0001, 0x0001, 0x0001,
    0x0002, 0x0002, 0x0002, 0x0002, 0x0000, 0x0000, 0x0000, 0x0000,
    0x0001, 0x0001, 0x0001, 0x0001, 0x0002, 0x0002, 0x0002, 0x0002,
    0x0002, 0x0002, 0x0002, 0x0002, 0x0000, 0x0000, 0x0000, 0x0000,
    0x0001, 0x0001, 0x0001, 0x0001, 0x0002, 0x0002, 0x0002, 0x0002,
    0x0000, 0x0000, 0x0000, 0x0000, 0x0001, 0x0001, 0x0001, 0x0001,
    0x0002, 0x0002, 0x0002, 0x0002, 0x0000, 0x0000, 0x0000, 0x0000,
    0x0001, 0x0001, 0x0001, 0x0001, 0x0002, 0x0002, 0x0002, 0x0002,
    0x0000, 0x0000, 0x0000, 0x0000, 0x0001, 0x0001, 0x0001, 0x0001,
    0x0002, 0x0002, 0x0002, 0x0002, 0x0000, 0x0000, 0x0000, 0x0000,
    0x0001, 0x0001, 0x0001, 0x0001, 0x0002, 0x0002, 0x0002, 0x0002,
    0x0000, 0x0000, 0x0000, 0x0000, 0x0001, 0x0001, 0x0001, 0x0001,
    0x0002, 0x0002, 0x0002, 0x0002, 0x0000, 0x0000, 0x0000, 0x0000,
    0x0000, 0x0000, 0x0000, 0x0000, 0x0001, 0x0001, 0x0001, 0x0001,
    0x0002, 0x0002, 0x0002, 0x0002, 0x0000, 0x0000, 0x0000, 0x0000,
    0x0001, 0x0001, 0x0001, 0x0001, 0x0002, 0x0002, 0x0002, 0x0002,
    0x0000, 0x0000, 0x0000, 0x0000, 0x0001, 0x0001, 0x0001, 0x0001,
    0x0002, 0x0002, 0x0002, 0x0002, 0x0000, 0x0000, 0x0000, 0x0000,
    0x0000, 0x0000, 0x0000, 0x0000, 0x0001, 0x0001, 0x0001, 0x0001,
    0x0002, 0x0002, 0x0002, 0x0002, 0x0000, 0x0000, 0x0000, 0x0000,
    0x0001, 0x0001, 0x0001, 0x0001, 0x0002, 0x0002, 0x0002, 0x0002,
    0x0000, 0x0000, 0x0000, 0x0000, 0x0001, 0x0001, 0x0001, 0x0001,
    0x0002, 0x0002, 0x0002, 0x0002, 0x0000, 0x0000, 0x0000, 0x0000,
    0x0000, 0x0000, 0x0000, 0x0000, 0x0001, 0x0001, 0x0001, 0x0001,
    0x0002, 0x0002, 0x0002, 0x0002, 0x0000, 0x0000, 0x0000, 0x0000,
    0x0001, 0x0001, 0x0001, 0x0001, 0x0002, 0x0002, 0x0002, 0x0002,
    0x0000, 0x0000, 0x0000, 0x0000, 0x0001, 0x0001, 0x0001, 0x0001,
    0x0002, 0x0002, 0x0002, 0x0002, 0x0000, 0x0000, 0x0000, 0x0000,
    0x0001, 0x0001, 0x0001, 0x0001, 0x0002, 0x0002, 0x0002, 0x0002,
    0x0000, 0x0000, 0x0000, 0x0000, 0x0001, 0x0001, 0x0001, 0x0001,
    0x0002, 0x0002, 0x0002, 0x0002, 0x0000, 0x0000, 0x0000, 0x0000,
    0x0001, 0x0001, 0x0001, 0x0001, 0x0002, 0x0002, 0x0002, 0x0002,
    0x0000, 0x0000, 0x0000, 0x0000, 0x0001, 0x0001, 0x0001, 0x0001,
    0x0001, 0x0001, 0x0001, 0x0001, 0x0002, 0x0002, 0x0002, 0x0002,
    0x0000, 0x0000, 0x0000, 0x0000, 0x0001, 0x0001, 0x0001, 0x0001,
    0x0002, 0x0002, 0x0002, 0x0002, 0x0000, 0x0000, 0x0000, 0x0000,
    0x0001, 0x0001, 0x0001, 0x0001, 0x0002, 0x0002, 0x0002, 0x0002,
    0x0000, 0x0000, 0x0000, 0x0000, 0x0001, 0x0001, 0x0001, 0x0001,
    0x0001, 0x0001, 0x0001, 0x0001, 0x0002, 0x0002, 0x0002, 0x0002,
    0x0000, 0x0000, 0x0000, 0x0000, 0x0001, 0x0001, 0x0001, 0x0001,
    0x0002, 0x0002, 0x0002, 0x0002, 0x0000, 0x0000, 0x0000, 0x0000,
    0x0001, 0x0001, 0x0001, 0x0001, 0x0002, 0x0002, 0x0002, 0x0002,
    0x0000, 0x0000, 0x0000, 0x0000, 0x0001, 0x0001, 0x0001, 0x0001,
};

static const u16 VIEW_COAST_1_GROUND[1240] = {
    0x0000, 0x0000, 0x0000, 0x0000, 0x0000, 0x0000, 0x0000, 0x0000,
    0x0000, 0x0000, 0x0000, 0x0000, 0x0000, 0x0000, 0x0000, 0x0000,
    0x0000, 0x0000, 0x0000, 0x0000, 0x0000, 0x0000, 0x0000, 0x0000,
    0x0000, 0x0000, 0x0000, 0x0000, 0x0000, 0x0000, 0x0000, 0x0000,
    0x0000, 0x0000, 0x0000, 0x0000, 0x0000, 0x0000, 0x0000, 0x0000,
    0x0000, 0x0000, 0x0000, 0x0000, 0x0000, 0x0000, 0x0000, 0x0000,
    0x0000, 0x0000, 0x0000, 0x0000, 0x0000, 0x0000, 0x0000, 0x0000,
    0x0000, 0x0000, 0x0000, 0x0000, 0x0000, 0x0000, 0x0000, 0x0000,
    0x0000, 0x0000, 0x0000, 0x0000, 0x0000, 0x0000, 0x0000, 0x0000,
    0x0000, 0x0000, 0x0000, 0x0000, 0x0000, 0x0000, 0x0000, 0x0000,
    0x0000, 0x0000, 0x0000, 0x0000, 0x0000, 0x0000, 0x0000, 0x0000,
    0x0000, 0x0000, 0x0000, 0x0000, 0x0000, 0x0000, 0x0000, 0x0000,
    0x0000, 0x0000, 0x0000, 0x0000, 0x0000, 0x0000, 0x0000, 0x0000,
    0x0000, 0x0000, 0x0000, 0x0000, 0x0000, 0x0000, 0x0000, 0x0000,
    0x0000, 0x0000, 0x0000, 0x0000, 0x0000, 0x0000, 0x0000, 0x0000,
    0x0000, 0x0000, 0x0000, 0x0000, 0x0000, 0x0000, 0x0000, 0x0000,
    0x0000, 0x0000, 0x0000, 0x0000, 0x0000, 0x0000, 0x0000, 0x0001,
    0x0000, 0x0002, 0x0000, 0x0000, 0x0000, 0x0001, 0x0000, 0x0002,
    0x0000, 0x0000, 0x0000, 0x0000, 0x0000, 0x0000, 0x0000, 0x0000,
    0x0000, 0x0000, 0x0000, 0x0000, 0x0000, 0x0000, 0x0000, 0x0000,
    0x0000, 0x0000, 0x0000, 0x0000, 0x0000, 0x0000, 0x0000, 0x0000,
    0x0000, 0x0000, 0x0000, 0x0000, 0x0000, 0x0000, 0x0000, 0x0001,
    0x0000, 0x0002, 0x0000, 0x0000, 0x0000, 0x0001, 0x0000, 0x0002,
    0x0000, 0x0000, 0x0000, 0x0000, 0x0000, 0x0000, 0x0000, 0x0000,
    0x0000, 0x0000, 0x0000, 0x0000, 0x0000, 0x0000, 0x0000, 0x0000,
    0x0000, 0x0000, 0x0000, 0x0000, 0x0000, 0x0000, 0x0000, 0x0000,
    0x0000, 0x0000, 0x0000, 0x0000, 0x0000, 0x0000, 0x0000, 0x0000,
    0x0000, 0x0000, 0x0000, 0x0000, 0x0000, 0x0000, 0x0000, 0x0000,
    0x0000, 0x0000, 0x0000, 0x0000, 0x0000, 0x0000, 0x0000, 0x0000,
    0x0000, 0x0000, 0x0000, 0x0000, 0x0000, 0x0000, 0x0000, 0x0000,
    0x0000, 0x0000, 0x0000, 0x0000, 0x0000, 0x0000, 0x0000, 0x0000,
    0x0000, 0x0000, 0x0000, 0x0000, 0x0000, 0x0000, 0x0000, 0x0000,
    0x0000, 0x0000, 0x0000, 0x0000, 0x0000, 0x0000, 0x0000, 0x0000,
    0x0000, 0x0000, 0x0000, 0x0000, 0x0000, 0x0000, 0x0000, 0x0000,
    0x0000, 0x0000, 0x0000, 0x0000, 0x0000, 0x0000, 0x0000, 0x0000,
    0x0000, 0x0000, 0x0000, 0x0000, 0x0000, 0x0000, 0x0000, 0x0000,
    0x0000, 0x0000, 0x0000, 0x0000, 0x0000, 0x0000, 0x0000, 0x0000,
    0x0000, 0x0000, 0x0000, 0x0000, 0x0000, 0x0000, 0x0000, 0x0000,
    0x0000, 0x0000, 0x0000, 0x0000, 0x0000, 0x0000, 0x0000, 0x0000,
    0x0000, 0x0000, 0x0000, 0x0000, 0x0000, 0x0000, 0x0000, 0x0000,
    0x0000, 0x0000, 0x0000, 0x0000, 0x0000, 0x0000, 0x0000, 0x0000,
    0x0000, 0x0000, 0x0000, 0x0000, 0x0000, 0x0000, 0x0000, 0x0000,
    0x0000, 0x0000, 0x0000, 0x0000, 0x0000, 0x0000, 0x0000, 0x0000,
    0x0000, 0x0000, 0x0000, 0x0000, 0x0000, 0x0000, 0x0000, 0x0000,
    0x0000, 0x0000, 0x0000, 0x0000, 0x0000, 0x0000, 0x0000, 0x0000,
    0x0000, 0x0000, 0x0000, 0x0000, 0x0000, 0x0000, 0x0000, 0x0000,
    0x0000, 0x0000, 0x0000, 0x0000, 0x0000, 0x0000, 0x0000, 0x0000,
    0x0000, 0x0000, 0x0000, 0x0000, 0x0000, 0x0000, 0x0000, 0x0000,
    0x0000, 0x0000, 0x0000, 0x0000, 0x0000, 0x0000, 0x0000, 0x0000,
    0x0000, 0x0000, 0x0000, 0x0000, 0x0000, 0x0000, 0x0000, 0x0000,
    0x0000, 0x0000, 0x0000, 0x0000, 0x0000, 0x0000, 0x0000, 0x0000,
    0x0000, 0x0000, 0x0000, 0x0000, 0x0000, 0x0000, 0x0000, 0x0000,
    0x0000, 0x0000, 0x0000, 0x0000, 0x0000, 0x0000, 0x0000, 0x0000,
    0x0000, 0x0000, 0x0000, 0x0000, 0x0000, 0x0000, 0x0000, 0x0000,
    0x0000, 0x0000, 0x0000, 0x0000, 0x0000, 0x0000, 0x0000, 0x0000,
    0x0000, 0x0000, 0x0000, 0x0000, 0x0000, 0x0000, 0x0000, 0x0000,
    0x0000, 0x0000, 0x0000, 0x0000, 0x0000, 0x0000, 0x0000, 0x0000,
    0x0000, 0x0000, 0x0000, 0x0000, 0x0000, 0x0000, 0x0000, 0x0000,
    0x0000, 0x0000, 0x0000, 0x0000, 0x0000, 0x0000, 0x0000, 0x0000,
    0x0000, 0x0000, 0x0000, 0x0000, 0x0000, 0x0000, 0x0000, 0x0000,
    0x0000, 0x0000, 0x0000, 0x0000, 0x0000, 0x0000, 0x0000, 0x0000,
    0x0000, 0x0000, 0x0000, 0x0000, 0x0000, 0x0000, 0x0000, 0x0000,
    0x0000, 0x0000, 0x0000, 0x0000, 0x0000, 0x0000, 0x0000, 0x0000,
    0x0000, 0x0000, 0x0000, 0x0000, 0x0000, 0x0000, 0x0000, 0x0000,
    0x0000, 0x0000, 0x0000, 0x0000, 0x0000, 0x0000, 0x0000, 0x0000,
    0x0000, 0x0000, 0x0000, 0x0000, 0x0000, 0x0000, 0x0000, 0x0000,
    0x0000, 0x0000, 0x0000, 0x0000, 0x0000, 0x0000, 0x0000, 0x0000,
    0x0000, 0x0000, 0x0000, 0x0000, 0x0000, 0x0000, 0x0000, 0x0000,
    0x0000, 0x0000, 0x0000, 0x0000, 0x0000, 0x0000, 0x0000, 0x0000,
    0x0000, 0x0000, 0x0000, 0x0000, 0x0000, 0x0000, 0x0000, 0x0000,
    0x0000, 0x0000, 0x0000, 0x0000, 0x0000, 0x0000, 0x0000, 0x0000,
    0x0000, 0x0000, 0x0000, 0x0000, 0x0000, 0x0000, 0x0000, 0x0000,
    0x0000, 0x0000, 0x0000, 0x0000, 0x0000, 0x0000, 0x0000, 0x0000,
    0x0000, 0x0000, 0x0000, 0x0000, 0x0000, 0x0000, 0x0000, 0x0000,
    0x0000, 0x0000, 0x0000, 0x0000, 0x0000, 0x0000, 0x0000, 0x0000,
    0x0000, 0x0000, 0x0000, 0x0000, 0x0000, 0x0000, 0x0000, 0x0000,
    0x0000, 0x0000, 0x0000, 0x0000, 0x0000, 0x0000, 0x0000, 0x0000,
    0x0000, 0x0000, 0x0000, 0x0000, 0x0000, 0x0000, 0x0000, 0x0000,
    0x0000, 0x0000, 0x0000, 0x0000, 0x0000, 0x0000, 0x0000, 0x0000,
    0x0000, 0x0000, 0x0000, 0x0000, 0x0000, 0x0000, 0x0000, 0x0000,
    0x0000, 0x0000, 0x0000, 0x0000, 0x0000, 0x0000, 0x0000, 0x0000,
    0x0000, 0x0000, 0x0000, 0x0000, 0x0000, 0x0000, 0x0000, 0x0000,
    0x0000, 0x0000, 0x0000, 0x0000, 0x0000, 0x0000, 0x0000, 0x0000,
    0x0000, 0x0000, 0x0000, 0x0000, 0x0000, 0x0000, 0x0000, 0x0000,
    0x0000, 0x0000, 0x0000, 0x0000, 0x0000, 0x0000, 0x0000, 0x0000,
    0x0000, 0x0000, 0x0000, 0x0000, 0x0000, 0x0000, 0x0000, 0x0000,
    0x0000, 0x0000, 0x0000, 0x0000, 0x0000, 0x0000, 0x0000, 0x0000,
    0x0000, 0x0000, 0x0000, 0x0000, 0x0000, 0x0000, 0x0000, 0x0000,
    0x0000, 0x0000, 0x0000, 0x0000, 0x0000, 0x0000, 0x0000, 0x0000,
    0x0000, 0x0000, 0x0000, 0x0000, 0x0000, 0x0000, 0x0000, 0x0000,
    0x0000, 0x0000, 0x0000, 0x0000, 0x0000, 0x0000, 0x0000, 0x0000,
    0x0000, 0x0000, 0x0000, 0x0000, 0x0000, 0x0000, 0x0000, 0x0000,
    0x0000, 0x0000, 0x0000, 0x0000, 0x0000, 0x0000, 0x0000, 0x0000,
    0x0000, 0x0000, 0x0000, 0x0000, 0x0000, 0x0000, 0x0000, 0x0000,
    0x0000, 0x0000, 0x0000, 0x0000, 0x0000, 0x0000, 0x0000, 0x0000,
    0x0000, 0x0000, 0x0000, 0x0000, 0x0000, 0x0000, 0x0000, 0x0000,
    0x0000, 0x0000, 0x0000, 0x0000, 0x0000, 0x0000, 0x0000, 0x0000,
    0x0000, 0x0000, 0x0000, 0x0000, 0x0000, 0x0000, 0x0000, 0x0000,
    0x0000, 0x0000, 0x0000, 0x0000, 0x0000, 0x0000, 0x0000, 0x0000,
    0x0000, 0x0000, 0x0000, 0x0000, 0x0000, 0x0000, 0x0000, 0x0000,
    0x0000, 0x0000, 0x0000, 0x0000, 0x0000, 0x0000, 0x0000, 0x0000,
    0x0000, 0x0000, 0x0000, 0x0000, 0x0000, 0x0000, 0x0000, 0x0000,
    0x0000, 0x0000, 0x0000, 0x0000, 0x0000, 0x0000, 0x0000, 0x0000,
    0x0000, 0x0000, 0x0000, 0x0000, 0x0000, 0x0000, 0x0000, 0x0000,
    0x0000, 0x0000, 0x0000, 0x0000, 0x0000, 0x0000, 0x0000, 0x0000,
    0x0000, 0x0000, 0x0000, 0x0000, 0x0000, 0x0000, 0x0000, 0x0000,
    0x0000, 0x0000, 0x0000, 0x0000, 0x0000, 0x0000, 0x0000, 0x0000,
    0x0000, 0x0000, 0x0000, 0x0000, 0x0000, 0x0000, 0x0000, 0x0000,
    0x0000, 0x0000, 0x0000, 0x0000, 0x0000, 0x0000, 0x0000, 0x0000,
    0x0000, 0x0000, 0x0000, 0x0000, 0x0000, 0x0000, 0x0000, 0x0000,
    0x0000, 0x0000, 0x0000, 0x0000, 0x0000, 0x0000, 0x0000, 0x0000,
    0x0000, 0x0000, 0x0000, 0x0000, 0x0000, 0x0000, 0x0000, 0x0000,
    0x0000, 0x0000, 0x0000, 0x0000, 0x0000, 0x0000, 0x0000, 0x0000,
    0x0000, 0x0000, 0x0000, 0x0000, 0x0000, 0x0000, 0x0000, 0x0000,
    0x0000, 0x0000, 0x0000, 0x0000, 0x0000, 0x0000, 0x0000, 0x0000,
    0x0000, 0x0000, 0x0000, 0x0000, 0x0000, 0x0000, 0x0000, 0x0000,
    0x0000, 0x0000, 0x0000, 0x0000, 0x0000, 0x0000, 0x0000, 0x0000,
    0x0000, 0x0000, 0x0000, 0x0000, 0x0000, 0x0000, 0x0000, 0x0000,
    0x0000, 0x0000, 0x0000, 0x0000, 0x0000, 0x0000, 0x0000, 0x0000,
    0x0000, 0x0000, 0x0000, 0x0000, 0x0000, 0x0000, 0x0000, 0x0000,
    0x0000, 0x0000, 0x0000, 0x0000, 0x0000, 0x0000, 0x0000, 0x0000,
    0x0000, 0x0000, 0x0000, 0x0000, 0x0000, 0x0000, 0x0000, 0x0000,
    0x0000, 0x0000, 0x0000, 0x0000, 0x0000, 0x0000, 0x0000, 0x0000,
    0x0000, 0x0000, 0x0000, 0x0000, 0x0000, 0x0000, 0x0000, 0x0000,
    0x0000, 0x0000, 0x0000, 0x0000, 0x0000, 0x0000, 0x0000, 0x0000,
    0x0000, 0x0000, 0x0000, 0x0000, 0x0000, 0x0000, 0x0000, 0x0000,
    0x0000, 0x0000, 0x0000, 0x0000, 0x0000, 0x0000, 0x0000, 0x0000,
    0x0000, 0x0000, 0x0000, 0x0000, 0x0000, 0x0000, 0x0000, 0x0000,
    0x0000, 0x0000, 0x0000, 0x0000, 0x0000, 0x0000, 0x0000, 0x0000,
    0x0000, 0x0000, 0x0000, 0x0000, 0x0000, 0x0000, 0x0000, 0x0000,
    0x0000, 0x0000, 0x0000, 0x0000, 0x0000, 0x0000, 0x0000, 0x0000,
    0x0000, 0x0000, 0x0000, 0x0000, 0x0000, 0x0000, 0x0000, 0x0000,
    0x0000, 0x0000, 0x0000, 0x0000, 0x0000, 0x0000, 0x0000, 0x0000,
    0x0000, 0x0000, 0x0000, 0x0000, 0x0000, 0x0000, 0x0000, 0x0000,
    0x0000, 0x0000, 0x0000, 0x0000, 0x0000, 0x0000, 0x0000, 0x0000,
    0x0000, 0x0000, 0x0000, 0x0000, 0x0000, 0x0000, 0x0000, 0x0000,
    0x0000, 0x0000, 0x0000, 0x0000, 0x0000, 0x0000, 0x0000, 0x0000,
    0x0000, 0x0000, 0x0000, 0x0000, 0x0000, 0x0000, 0x0000, 0x0000,
    0x0000, 0x0000, 0x0000, 0x0000, 0x0000, 0x0000, 0x0000, 0x0000,
    0x0000, 0x0000, 0x0000, 0x0000, 0x0000, 0x0000, 0x0000, 0x0000,
    0x0000, 0x0000, 0x0000, 0x0000, 0x0000, 0x0000, 0x0000, 0x0000,
    0x0000, 0x0000, 0x0000, 0x0000, 0x0000, 0x0000, 0x0000, 0x0000,
    0x0000, 0x0000, 0x0000, 0x0000, 0x0000, 0x0000, 0x0000, 0x0000,
    0x0000, 0x0000, 0x0000, 0x0000, 0x0000, 0x0000, 0x0000, 0x0000,
    0x0000, 0x0000, 0x0000, 0x0000, 0x0000, 0x0000, 0x0000, 0x0000,
    0x0000, 0x0000, 0x0000, 0x0000, 0x0000, 0x0000, 0x0000, 0x0000,
    0x0000, 0x0000, 0x0000, 0x0000, 0x0000, 0x0000, 0x0000, 0x0000,
    0x0000, 0x0000, 0x0000, 0x0000, 0x0000, 0x0000, 0x0000, 0x0000,
    0x0000, 0x0000, 0x0000, 0x0000, 0x0000, 0x0000, 0x0000, 0x0000,
    0x0000, 0x0000, 0x0000, 0x0000, 0x0000, 0x0000, 0x0000, 0x0000,
    0x0000, 0x0000, 0x0000, 0x0000, 0x0000, 0x0000, 0x0000, 0x0000,
    0x0000, 0x0000, 0x0000, 0x0000, 0x0000, 0x0000, 0x0000, 0x0000,
    0x0000, 0x0000, 0x0000, 0x0000, 0x0000, 0x0000, 0x0000, 0x0000,
    0x0000, 0x0000, 0x0000, 0x0000, 0x0000, 0x0000, 0x0000, 0x0000,
    0x0000, 0x0000, 0x0000, 0x0000, 0x0000, 0x0000, 0x0000, 0x0000,
};

static const DecorPlace VIEW_COAST_1_DECOR[] = {
    DP(SIGNPOST, 11, 14),
    DP(MAILBOX, 13, 14),
    DP(FENCE, 15, 14),
    DP(FENCE_END, 17, 14),
    DP(ROCK, 19, 14),
    DP(BUSH, 21, 14),
    DP(BENCH, 23, 14),
    DP(BARREL, 26, 14),
    DP(CRATE, 28, 14),
    DP(CRATE_STACK, 30, 14),
    DP(SACKS, 32, 14),
    DP(FLOWER_POT, 34, 14),
    DP(PLANTER, 36, 14),
    DP(WATER_TROUGH, 1, 18),
    DP(MARKET_STALL, 4, 18),
    DP(LANTERN_POST, 8, 18),
    DP(CAMPFIRE, 10, 18),
    DP(WOODPILE, 12, 18),
    DP(STUMP, 15, 18),
    DP(LOG, 17, 18),
    DP(BOULDER, 20, 18),
    DP(PEBBLES, 23, 18),
    DP(SMALL_FLOWERS, 25, 18),
    DP(BRIDGE_H, 27, 18),
    DP(BRIDGE_V, 29, 18),
    DP(ROWBOAT, 31, 18),
    DP(PICNIC_TABLE, 34, 18),
    DP(NOTICE_BOARD, 37, 18),
    DP(SHRINE, 1, 21),
    DP(SIGN_ARROW, 3, 21),
    DP(CLOTHESLINE, 5, 21),
    DP(WEATHER_VANE, 8, 21),
    DP(PIER_POST, 10, 21),
    DP(BOLLARD, 12, 21),
    DP(LOBSTER_POTS, 14, 21),
    DP(ANCHOR, 16, 21),
    DP(LIFEBUOY, 18, 21),
    DP(FISHING_BOAT, 20, 21),
    DP(FERRY_BOAT, 23, 21),
};

static const u16 VIEW_COAST_2_CELLS[520] = {
    0x0000, 0x0000, 0x0000, 0x0000, 0x0001, 0x0001, 0x0001, 0x0001,
    0x0002, 0x0002, 0x0002, 0x0002, 0x0000, 0x0000, 0x0000, 0x0000,
    0x0001, 0x0001, 0x0001, 0x0001, 0x0002, 0x0002, 0x0002, 0x0002,
    0x0000, 0x0000, 0x0000, 0x0000, 0x0001, 0x0001, 0x0001, 0x0001,
    0x0002, 0x0002, 0x0002, 0x0002, 0x0000, 0x0000, 0x0000, 0x0000,
    0x0000, 0x0000, 0x0000, 0x0000, 0x0001, 0x0001, 0x0001, 0x0001,
    0x0002, 0x0002, 0x0002, 0x0002, 0x0000, 0x0000, 0x0000, 0x0000,
    0x0001, 0x0001, 0x0001, 0x0001, 0x0002, 0x0002, 0x0002, 0x0002,
    0x0000, 0x0000, 0x0000, 0x0000, 0x0001, 0x0001, 0x0001, 0x0001,
    0x0002, 0x0002, 0x0002, 0x0002, 0x0000, 0x0000, 0x0000, 0x0000,
    0x0000, 0x0000, 0x0000, 0x0000, 0x0001, 0x0001, 0x0001, 0x0001,
    0x0002, 0x0002, 0x0002, 0x0002, 0x0000, 0x0000, 0x0000, 0x0000,
    0x0001, 0x0001, 0x0001, 0x0001, 0x0002, 0x0002, 0x0002, 0x0002,
    0x0000, 0x0000, 0x0000, 0x0000, 0x0001, 0x0001, 0x0001, 0x0001,
    0x0002, 0x0002, 0x0002, 0x0002, 0x0000, 0x0000, 0x0000, 0x0000,
    0x0000, 0x0000, 0x0000, 0x0000, 0x0001, 0x0001, 0x0001, 0x0001,
    0x0002, 0x0002, 0x0002, 0x0002, 0x0000, 0x0000, 0x0000, 0x0000,
    0x0001, 0x0001, 0x0001, 0x0001, 0x0002, 0x0002, 0x0002, 0x0002,
    0x0000, 0x0000, 0x0000, 0x0000, 0x0001, 0x0001, 0x0001, 0x0001,
    0x0002, 0x0002, 0x0002, 0x0002, 0x0000, 0x0000, 0x0000, 0x0000,
    0x0001, 0x0001, 0x0001, 0x0001, 0x0002, 0x0002, 0x0002, 0x0002,
    0x0000, 0x0000, 0x0000, 0x0000, 0x0001, 0x0001, 0x0001, 0x0001,
    0x0002, 0x0002, 0x0002, 0x0002, 0x0000, 0x0000, 0x0000, 0x0000,
    0x0001, 0x0001, 0x0001, 0x0001, 0x0002, 0x0002, 0x0002, 0x0002,
    0x0000, 0x0000, 0x0000, 0x0000, 0x0001, 0x0001, 0x0001, 0x0001,
    0x0001, 0x0001, 0x0001, 0x0001, 0x0002, 0x0002, 0x0002, 0x0002,
    0x0000, 0x0000, 0x0000, 0x0000, 0x0001, 0x0001, 0x0001, 0x0001,
    0x0002, 0x0002, 0x0002, 0x0002, 0x0000, 0x0000, 0x0000, 0x0000,
    0x0001, 0x0001, 0x0001, 0x0001, 0x0002, 0x0002, 0x0002, 0x0002,
    0x0000, 0x0000, 0x0000, 0x0000, 0x0001, 0x0001, 0x0001, 0x0001,
    0x0001, 0x0001, 0x0001, 0x0001, 0x0002, 0x0002, 0x0002, 0x0002,
    0x0000, 0x0000, 0x0000, 0x0000, 0x0001, 0x0001, 0x0001, 0x0001,
    0x0002, 0x0002, 0x0002, 0x0002, 0x0000, 0x0000, 0x0000, 0x0000,
    0x0001, 0x0001, 0x0001, 0x0001, 0x0002, 0x0002, 0x0002, 0x0002,
    0x0000, 0x0000, 0x0000, 0x0000, 0x0001, 0x0001, 0x0001, 0x0001,
    0x0001, 0x0001, 0x0001, 0x0001, 0x0002, 0x0002, 0x0002, 0x0002,
    0x0000, 0x0000, 0x0000, 0x0000, 0x0001, 0x0001, 0x0001, 0x0001,
    0x0002, 0x0002, 0x0002, 0x0002, 0x0000, 0x0000, 0x0000, 0x0000,
    0x0001, 0x0001, 0x0001, 0x0001, 0x0002, 0x0002, 0x0002, 0x0002,
    0x0000, 0x0000, 0x0000, 0x0000, 0x0001, 0x0001, 0x0001, 0x0001,
    0x0002, 0x0002, 0x0002, 0x0002, 0x0000, 0x0000, 0x0000, 0x0000,
    0x0001, 0x0001, 0x0001, 0x0001, 0x0002, 0x0002, 0x0002, 0x0002,
    0x0000, 0x0000, 0x0000, 0x0000, 0x0001, 0x0001, 0x0001, 0x0001,
    0x0002, 0x0002, 0x0002, 0x0002, 0x0000, 0x0000, 0x0000, 0x0000,
    0x0001, 0x0001, 0x0001, 0x0001, 0x0002, 0x0002, 0x0002, 0x0002,
    0x0002, 0x0002, 0x0002, 0x0002, 0x0000, 0x0000, 0x0000, 0x0000,
    0x0001, 0x0001, 0x0001, 0x0001, 0x0002, 0x0002, 0x0002, 0x0002,
    0x0000, 0x0000, 0x0000, 0x0000, 0x0001, 0x0001, 0x0001, 0x0001,
    0x0002, 0x0002, 0x0002, 0x0002, 0x0000, 0x0000, 0x0000, 0x0000,
    0x0001, 0x0001, 0x0001, 0x0001, 0x0002, 0x0002, 0x0002, 0x0002,
    0x0002, 0x0002, 0x0002, 0x0002, 0x0000, 0x0000, 0x0000, 0x0000,
    0x0001, 0x0001, 0x0001, 0x0001, 0x0002, 0x0002, 0x0002, 0x0002,
    0x0000, 0x0000, 0x0000, 0x0000, 0x0001, 0x0001, 0x0001, 0x0001,
    0x0002, 0x0002, 0x0002, 0x0002, 0x0000, 0x0000, 0x0000, 0x0000,
    0x0001, 0x0001, 0x0001, 0x0001, 0x0002, 0x0002, 0x0002, 0x0002,
    0x0002, 0x0002, 0x0002, 0x0002, 0x0000, 0x0000, 0x0000, 0x0000,
    0x0001, 0x0001, 0x0001, 0x0001, 0x0002, 0x0002, 0x0002, 0x0002,
    0x0000, 0x0000, 0x0000, 0x0000, 0x0001, 0x0001, 0x0001, 0x0001,
    0x0002, 0x0002, 0x0002, 0x0002, 0x0000, 0x0000, 0x0000, 0x0000,
    0x0001, 0x0001, 0x0001, 0x0001, 0x0002, 0x0002, 0x0002, 0x0002,
    0x0000, 0x0000, 0x0000, 0x0000, 0x0001, 0x0001, 0x0001, 0x0001,
    0x0002, 0x0002, 0x0002, 0x0002, 0x0000, 0x0000, 0x0000, 0x0000,
    0x0001, 0x0001, 0x0001, 0x0001, 0x0002, 0x0002, 0x0002, 0x0002,
    0x0000, 0x0000, 0x0000, 0x0000, 0x0001, 0x0001, 0x0001, 0x0001,
    0x0002, 0x0002, 0x0002, 0x0002, 0x0000, 0x0000, 0x0000, 0x0000,
};

static const u16 VIEW_COAST_2_GROUND[520] = {
    0x0000, 0x0000, 0x0000, 0x0000, 0x0000, 0x0000, 0x0000, 0x0000,
    0x0000, 0x0000, 0x0000, 0x0000, 0x0000, 0x0000, 0x0000, 0x0000,
    0x0000, 0x0000, 0x0000, 0x0000, 0x0000, 0x0000, 0x0000, 0x0000,
    0x0000, 0x0000, 0x0000, 0x0000, 0x0000, 0x0000, 0x0000, 0x0000,
    0x0000, 0x0000, 0x0000, 0x0000, 0x0000, 0x0000, 0x0000, 0x0000,
    0x0000, 0x0000, 0x0000, 0x0000, 0x0000, 0x0000, 0x0000, 0x0000,
    0x0000, 0x0000, 0x0000, 0x0000, 0x0000, 0x0000, 0x0000, 0x0000,
    0x0000, 0x0000, 0x0000, 0x0000, 0x0000, 0x0000, 0x0000, 0x0000,
    0x0000, 0x0000, 0x0000, 0x0000, 0x0000, 0x0000, 0x0000, 0x0000,
    0x0000, 0x0000, 0x0000, 0x0000, 0x0000, 0x0000, 0x0000, 0x0000,
    0x0000, 0x0000, 0x0000, 0x0000, 0x0000, 0x0000, 0x0000, 0x0000,
    0x0000, 0x0000, 0x0000, 0x0000, 0x0000, 0x0000, 0x0000, 0x0000,
    0x0000, 0x0000, 0x0000, 0x0000, 0x0000, 0x0000, 0x0000, 0x0000,
    0x0000, 0x0000, 0x0000, 0x0000, 0x0000, 0x0000, 0x0000, 0x0000,
    0x0000, 0x0000, 0x0000, 0x0000, 0x0000, 0x0000, 0x0000, 0x0000,
    0x0000, 0x0000, 0x0000, 0x0000, 0x0000, 0x0000, 0x0000, 0x0000,
    0x0000, 0x0000, 0x0000, 0x0000, 0x0000, 0x0000, 0x0000, 0x0000,
    0x0000, 0x0000, 0x0000, 0x0000, 0x0000, 0x0000, 0x0000, 0x0000,
    0x0000, 0x0000, 0x0000, 0x0000, 0x0000, 0x0000, 0x0000, 0x0000,
    0x0000, 0x0000, 0x0000, 0x0000, 0x0000, 0x0000, 0x0000, 0x0000,
    0x0000, 0x0000, 0x0000, 0x0000, 0x0000, 0x0000, 0x0000, 0x0000,
    0x0000, 0x0000, 0x0000, 0x0000, 0x0000, 0x0000, 0x0000, 0x0000,
    0x0000, 0x0000, 0x0000, 0x0000, 0x0000, 0x0000, 0x0000, 0x0000,
    0x0000, 0x0000, 0x0000, 0x0000, 0x0000, 0x0000, 0x0000, 0x0000,
    0x0000, 0x0000, 0x0000, 0x0000, 0x0000, 0x0000, 0x0000, 0x0000,
    0x0000, 0x0000, 0x0000, 0x0000, 0x0000, 0x0000, 0x0000, 0x0000,
    0x0000, 0x0000, 0x0000, 0x0000, 0x0000, 0x0000, 0x0000, 0x0000,
    0x0000, 0x0000, 0x0000, 0x0000, 0x0000, 0x0000, 0x0000, 0x0000,
    0x0000, 0x0000, 0x0000, 0x0000, 0x0000, 0x0000, 0x0000, 0x0000,
    0x0000, 0x0000, 0x0000, 0x0000, 0x0000, 0x0000, 0x0000, 0x0000,
    0x0000, 0x0000, 0x0000, 0x0000, 0x0000, 0x0000, 0x0000, 0x0000,
    0x0000, 0x0000, 0x0000, 0x0000, 0x0000, 0x0000, 0x0000, 0x0000,
    0x0000, 0x0000, 0x0000, 0x0000, 0x0000, 0x0000, 0x0000, 0x0000,
    0x0000, 0x0000, 0x0000, 0x0000, 0x0000, 0x0000, 0x0000, 0x0000,
    0x0000, 0x0000, 0x0000, 0x0000, 0x0000, 0x0000, 0x0000, 0x0000,
    0x0000, 0x0000, 0x0000, 0x0000, 0x0000, 0x0000, 0x0000, 0x0000,
    0x0000, 0x0000, 0x0000, 0x0000, 0x0000, 0x0000, 0x0000, 0x0000,
    0x0000, 0x0000, 0x0000, 0x0000, 0x0000, 0x0000, 0x0000, 0x0000,
    0x0000, 0x0000, 0x0000, 0x0000, 0x0000, 0x0000, 0x0000, 0x0000,
    0x0000, 0x0000, 0x0000, 0x0000, 0x0000, 0x0000, 0x0000, 0x0000,
    0x0000, 0x0000, 0x0000, 0x0000, 0x0000, 0x0000, 0x0000, 0x0000,
    0x0000, 0x0000, 0x0000, 0x0000, 0x0000, 0x0000, 0x0000, 0x0000,
    0x0000, 0x0000, 0x0000, 0x0000, 0x0000, 0x0000, 0x0000, 0x0000,
    0x0000, 0x0000, 0x0000, 0x0000, 0x0000, 0x0000, 0x0000, 0x0000,
    0x0000, 0x0000, 0x0000, 0x0000, 0x0000, 0x0000, 0x0000, 0x0000,
    0x0000, 0x0000, 0x0000, 0x0000, 0x0000, 0x0000, 0x0000, 0x0000,
    0x0000, 0x0000, 0x0000, 0x0000, 0x0000, 0x0000, 0x0000, 0x0000,
    0x0000, 0x0000, 0x0000, 0x0000, 0x0000, 0x0000, 0x0000, 0x0000,
    0x0000, 0x0000, 0x0000, 0x0000, 0x0000, 0x0000, 0x0000, 0x0000,
    0x0000, 0x0000, 0x0000, 0x0000, 0x0000, 0x0000, 0x0000, 0x0000,
    0x0000, 0x0000, 0x0000, 0x0000, 0x0000, 0x0000, 0x0000, 0x0000,
    0x0000, 0x0000, 0x0000, 0x0000, 0x0000, 0x0000, 0x0000, 0x0000,
    0x0000, 0x0000, 0x0000, 0x0000, 0x0000, 0x0000, 0x0000, 0x0000,
    0x0000, 0x0000, 0x0000, 0x0000, 0x0000, 0x0000, 0x0000, 0x0000,
    0x0000, 0x0000, 0x0000, 0x0000, 0x0000, 0x0000, 0x0000, 0x0000,
    0x0000, 0x0000, 0x0000, 0x0000, 0x0000, 0x0000, 0x0000, 0x0000,
    0x0000, 0x0000, 0x0000, 0x0000, 0x0000, 0x0000, 0x0000, 0x0000,
    0x0000, 0x0000, 0x0000, 0x0000, 0x0000, 0x0000, 0x0000, 0x0000,
    0x0000, 0x0000, 0x0000, 0x0000, 0x0000, 0x0000, 0x0000, 0x0000,
    0x0000, 0x0000, 0x0000, 0x0000, 0x0000, 0x0000, 0x0000, 0x0000,
    0x0000, 0x0000, 0x0000, 0x0000, 0x0000, 0x0000, 0x0000, 0x0000,
    0x0000, 0x0000, 0x0000, 0x0000, 0x0000, 0x0000, 0x0000, 0x0000,
    0x0000, 0x0000, 0x0000, 0x0000, 0x0000, 0x0000, 0x0000, 0x0000,
    0x0000, 0x0000, 0x0000, 0x0000, 0x0000, 0x0000, 0x0000, 0x0000,
    0x0000, 0x0000, 0x0000, 0x0000, 0x0000, 0x0000, 0x0000, 0x0000,
};

static const DecorPlace VIEW_COAST_2_DECOR[] = {
    DP(LIGHTHOUSE, 1, 1),
    DP(NETS, 4, 1),
    DP(FISH_STALL, 7, 1),
    DP(SHELLS, 10, 1),
    DP(STARFISH, 12, 1),
    DP(SEAWEED, 14, 1),
    DP(DRIFTWOOD, 16, 1),
    DP(SEA_ROCK, 19, 1),
    DP(SALT_HEAP, 21, 1),
    DP(BELL_BUOY, 23, 1),
    DP(GULL_POST, 25, 1),
    DP(WHALE_ARCH, 27, 1),
    DP(SHELL_LAMP, 31, 1),
    DP(CRAB_SHELL, 33, 1),
    DP(HERON_STATUE, 35, 1),
    DP(COAST_CORAL_CLUSTER, 37, 1),
};

static const u16 VIEW_SNOW_1_CELLS[1280] = {
    0x0000, 0x0000, 0x0000, 0x0000, 0x0001, 0x0001, 0x0001, 0x0001,
    0x0002, 0x0002, 0x0002, 0x0002, 0x0000, 0x0000, 0x0000, 0x0000,
    0x0001, 0x0001, 0x0001, 0x0001, 0x0002, 0x0002, 0x0002, 0x0002,
    0x0000, 0x0000, 0x0000, 0x0000, 0x0001, 0x0001, 0x0001, 0x0001,
    0x0002, 0x0002, 0x0002, 0x0002, 0x0000, 0x0000, 0x0000, 0x0000,
    0x0000, 0x0000, 0x0000, 0x0001, 0x0001, 0x0002, 0x0001, 0x0003,
    0x0002, 0x0006, 0x0002, 0x0007, 0x0000, 0x0008, 0x0000, 0x0009,
    0x0001, 0x000A, 0x0001, 0x000B, 0x0002, 0x000C, 0x0002, 0x000D,
    0x0000, 0x000E, 0x0000, 0x000F, 0x0001, 0x0010, 0x0001, 0x0011,
    0x0002, 0x0012, 0x0002, 0x0013, 0x0000, 0x0014, 0x0000, 0x0000,
    0x0000, 0x0000, 0x0000, 0x0000, 0x0001, 0x0001, 0x0001, 0x0001,
    0x0002, 0x0002, 0x0002, 0x0002, 0x0000, 0x0000, 0x0000, 0x0000,
    0x0001, 0x0001, 0x0001, 0x0001, 0x0002, 0x0002, 0x0002, 0x0002,
    0x0000, 0x0000, 0x0000, 0x0000, 0x0001, 0x0001, 0x0001, 0x0001,
    0x0002, 0x0002, 0x0002, 0x0002, 0x0000, 0x0000, 0x0000, 0x0000,
    0x0000, 0x0015, 0x0000, 0x0016, 0x0001, 0x0017, 0x0001, 0x0018,
    0x0002, 0x0019, 0x0002, 0x001A, 0x0000, 0x001B, 0x0000, 0x001C,
    0x0001, 0x001D, 0x0001, 0x001E, 0x0002, 0x001F, 0x0002, 0x0004,
    0x0000, 0x0004, 0x0000, 0x0004, 0x0001, 0x0020, 0x0021, 0x0022,
    0x0023, 0x0024, 0x0002, 0x0002, 0x0000, 0x0000, 0x0000, 0x0000,
    0x0001, 0x0001, 0x0001, 0x0001, 0x0002, 0x0002, 0x0002, 0x0002,
    0x0000, 0x0000, 0x0000, 0x0000, 0x0001, 0x0001, 0x0001, 0x0001,
    0x0002, 0x0002, 0x0002, 0x0002, 0x0000, 0x0000, 0x0000, 0x0005,
    0x0001, 0x0005, 0x0001, 0x0005, 0x0002, 0x0025, 0x0026, 0x0027,
    0x0028, 0x0029, 0x0000, 0x0000, 0x0001, 0x0001, 0x0001, 0x0001,
    0x0001, 0x0001, 0x0001, 0x0001, 0x0002, 0x0002, 0x0002, 0x0002,
    0x0000, 0x0000, 0x0000, 0x0000, 0x0001, 0x0001, 0x0001, 0x0001,
    0x0002, 0x0002, 0x0002, 0x0002, 0x0000, 0x0000, 0x0000, 0x0000,
    0x0001, 0x0001, 0x0001, 0x0001, 0x0002, 0x002A, 0x002B, 0x002C,
    0x002D, 0x002E, 0x0000, 0x0000, 0x0001, 0x0001, 0x0001, 0x0001,
    0x0001, 0x0001, 0x0001, 0x0001, 0x0002, 0x0002, 0x0002, 0x0002,
    0x0000, 0x0000, 0x0000, 0x0000, 0x0001, 0x0001, 0x0001, 0x0001,
    0x0002, 0x0002, 0x0002, 0x0002, 0x0000, 0x0000, 0x0000, 0x0000,
    0x0001, 0x0001, 0x0001, 0x0001, 0x0002, 0x002F, 0x0030, 0x0031,
    0x0032, 0x0033, 0x0000, 0x0000, 0x0001, 0x0001, 0x0001, 0x0001,
    0x0001, 0x0001, 0x0001, 0x0001, 0x0002, 0x0002, 0x0002, 0x0002,
    0x0000, 0x0000, 0x0000, 0x0000, 0x0001, 0x0001, 0x0001, 0x0001,
    0x0002, 0x0002, 0x0002, 0x0002, 0x0000, 0x0000, 0x0000, 0x0000,
    0x0001, 0x0001, 0x0001, 0x0001, 0x0002, 0x0002, 0x0002, 0x0002,
    0x0000, 0x0000, 0x0000, 0x0000, 0x0001, 0x0001, 0x0001, 0x0001,
    0x0002, 0x0034, 0x0035, 0x0036, 0x0037, 0x0038, 0x0000, 0x0048,
    0x0049, 0x004A, 0x004B, 0x004C, 0x0002, 0x005C, 0x005D, 0x005E,
    0x005F, 0x0060, 0x0000, 0x0070, 0x0071, 0x0072, 0x0073, 0x0074,
    0x0075, 0x0076, 0x0002, 0x0093, 0x0094, 0x0095, 0x0000, 0x0000,
    0x0001, 0x0001, 0x0001, 0x0001, 0x0002, 0x0002, 0x0002, 0x0002,
    0x0002, 0x0039, 0x003A, 0x003B, 0x003C, 0x003D, 0x0000, 0x004D,
    0x004E, 0x004F, 0x0050, 0x0051, 0x0002, 0x0061, 0x0062, 0x0063,
    0x0064, 0x0065, 0x0000, 0x0077, 0x0078, 0x0079, 0x007A, 0x007B,
    0x007C, 0x007D, 0x0002, 0x0096, 0x0097, 0x0098, 0x0000, 0xFFF0,
    0xFFF0, 0xFFF0, 0xFFF0, 0x0001, 0x0002, 0x0002, 0x0002, 0x0002,
    0x0002, 0x003E, 0x003F, 0x0040, 0x0041, 0x0042, 0x0000, 0x0052,
    0x0053, 0x0054, 0x0055, 0x0056, 0x0002, 0x0066, 0x0067, 0x0068,
    0x0069, 0x006A, 0x0000, 0x007E, 0x007F, 0x0080, 0x0081, 0x0082,
    0x0083, 0x0084, 0x0002, 0x0002, 0x0000, 0x0000, 0x0000, 0x0000,
    0x0001, 0x0001, 0x0001, 0x0001, 0x0002, 0x0002, 0x0002, 0x0002,
    0x0002, 0x0043, 0x0044, 0x0045, 0x0046, 0x0047, 0x0000, 0x0057,
    0x0058, 0x0059, 0x005A, 0x005B, 0x0002, 0x006B, 0x006C, 0x006D,
    0x006E, 0x006F, 0x0000, 0x0085, 0x0086, 0x0087, 0x0088, 0x0089,
    0x008A, 0x008B, 0x0002, 0x0002, 0x0000, 0x0000, 0x0000, 0x0000,
    0x0001, 0x0001, 0x0001, 0x0001, 0x0002, 0x0002, 0x0002, 0x0002,
    0x0000, 0x0000, 0x0000, 0x0000, 0x0001, 0x0001, 0x0001, 0x0001,
    0x0002, 0x0002, 0x0002, 0x0002, 0x0000, 0x0000, 0x0000, 0x0000,
    0x0001, 0x0001, 0x0001, 0x008C, 0x008D, 0x008E, 0x008F, 0x0090,
    0x0091, 0x0092, 0x0000, 0x0000, 0x0001, 0x0001, 0x0001, 0x0001,
    0x0002, 0x0002, 0x0002, 0x0002, 0x0000, 0x0000, 0x0000, 0x0000,
    0x0000, 0x0000, 0x0000, 0x0000, 0x0001, 0x0001, 0x0001, 0x0001,
    0x0002, 0x0002, 0x0002, 0x0002, 0x0000, 0x0000, 0x0000, 0x0000,
    0x0001, 0x0001, 0x0001, 0x0001, 0x0002, 0x0002, 0x0002, 0x0002,
    0x0000, 0x0000, 0x0000, 0x0000, 0x0001, 0x0001, 0x0001, 0x0001,
    0x0002, 0x0002, 0x0002, 0x0002, 0x0000, 0x0000, 0x0000, 0x0000,
    0x0000, 0xFFF1, 0xFFF1, 0xFFF1, 0xFFF1, 0x0001, 0x0001, 0x0001,
    0x0002, 0x0002, 0x0002, 0x0002, 0x0000, 0x0000, 0x0000, 0x0000,
    0x0001, 0x0001, 0x0001, 0x0001, 0x0002, 0x0002, 0x0002, 0x0002,
    0x0000, 0x0000, 0x0000, 0x0000, 0x0001, 0x0001, 0x0001, 0x0001,
    0x0002, 0x0002, 0x0002, 0x0002, 0x0000, 0x0000, 0x0000, 0x0000,
    0x0000, 0xFFF1, 0xFFF1, 0xFFF1, 0xFFF1, 0x0001, 0x0001, 0x0001,
    0x0002, 0x0002, 0x0002, 0x0002, 0x0000, 0x0000, 0x0000, 0x0000,
    0x0001, 0x0001, 0x0001, 0x0001, 0x0002, 0x0002, 0x0002, 0x0002,
    0x0000, 0x0000, 0x0000, 0x0000, 0x0001, 0x0001, 0x0001, 0x0001,
    0x0002, 0x0002, 0x0002, 0x0002, 0x0000, 0x0000, 0x0000, 0x0000,
    0x0001, 0xFFF1, 0xFFF1, 0xFFF1, 0xFFF1, 0x0002, 0x0002, 0x0002,
    0x0000, 0x0000, 0x0000, 0x0000, 0x0001, 0x0001, 0x0001, 0x0001,
    0x0002, 0x0002, 0x0002, 0x0002, 0x0000, 0x0000, 0x0000, 0x0000,
    0x0001, 0x0001, 0x0001, 0x0001, 0x0002, 0x0002, 0x0002, 0x0002,
    0x0000, 0x0000, 0x0000, 0x0000, 0x0001, 0x0001, 0x0001, 0x0001,
    0x0001, 0x0001, 0x0001, 0x0001, 0x0002, 0x0002, 0x0002, 0x0002,
    0x0000, 0x0000, 0x0000, 0x0000, 0x0001, 0x0001, 0x0001, 0x0001,
    0x0002, 0x0002, 0x0002, 0x0002, 0x0000, 0x0000, 0x0000, 0x0000,
    0x0001, 0x0001, 0x0001, 0x0001, 0x0002, 0x0002, 0x0002, 0x0002,
    0x0000, 0x0000, 0x0000, 0x0000, 0x0001, 0x0001, 0x0001, 0x0001,
    0x0001, 0x0001, 0x0001, 0x0001, 0x0002, 0x0002, 0x0002, 0x0002,
    0x0000, 0x0000, 0x0000, 0x0000, 0x0001, 0x0001, 0x0001, 0x0001,
    0x0002, 0x0002, 0x0002, 0x0002, 0x0000, 0x0000, 0x0000, 0x0000,
    0x0001, 0x0001, 0x0001, 0x0001, 0x0002, 0x0002, 0x0002, 0x0002,
    0x0000, 0x0000, 0x0000, 0x0000, 0x0001, 0x0001, 0x0001, 0x0001,
    0x0001, 0x0001, 0x0001, 0x0001, 0x0002, 0x0002, 0x0002, 0x0002,
    0x0000, 0x0000, 0x0000, 0x0000, 0x0001, 0x0001, 0x0001, 0x0001,
    0x0002, 0x0002, 0x0002, 0x0002, 0x0000, 0x0000, 0x0000, 0x0000,
    0x0001, 0x0001, 0x0001, 0x0001, 0x0002, 0x0002, 0x0002, 0x0002,
    0x0000, 0x0000, 0x0000, 0x0000, 0x0001, 0x0001, 0x0001, 0x0001,
    0x0002, 0x0002, 0x0002, 0x0002, 0x0000, 0x0000, 0x0000, 0x0000,
    0x0001, 0x0001, 0x0001, 0x0001, 0x0002, 0x0002, 0x0002, 0x0002,
    0x0000, 0x0000, 0x0000, 0x0000, 0x0001, 0x0001, 0x0001, 0x0001,
    0x0002, 0x0002, 0x0002, 0x0002, 0x0000, 0x0000, 0x0000, 0x0000,
    0x0001, 0x0001, 0x0001, 0x0001, 0x0002, 0x0002, 0x0002, 0x0002,
    0x0002, 0x0002, 0x0002, 0x0002, 0x0000, 0x0000, 0x0000, 0x0000,
    0x0001, 0x0001, 0x0001, 0x0001, 0x0002, 0x0002, 0x0002, 0x0002,
    0x0000, 0x0000, 0x0000, 0x0000, 0x0001, 0x0001, 0x0001, 0x0001,
    0x0002, 0x0002, 0x0002, 0x0002, 0x0000, 0x0000, 0x0000, 0x0000,
    0x0001, 0x0001, 0x0001, 0x0001, 0x0002, 0x0002, 0x0002, 0x0002,
    0x0002, 0x0002, 0x0002, 0x0002, 0x0000, 0x0000, 0x0000, 0x0000,
    0x0001, 0x0001, 0x0001, 0x0001, 0x0002, 0x0002, 0x0002, 0x0002,
    0x0000, 0x0000, 0x0000, 0x0000, 0x0001, 0x0001, 0x0001, 0x0001,
    0x0002, 0x0002, 0x0002, 0x0002, 0x0000, 0x0000, 0x0000, 0x0000,
    0x0001, 0x0001, 0x0001, 0x0001, 0x0002, 0x0002, 0x0002, 0x0002,
    0x0002, 0x0002, 0x0002, 0x0002, 0x0000, 0x0000, 0x0000, 0x0000,
    0x0001, 0x0001, 0x0001, 0x0001, 0x0002, 0x0002, 0x0002, 0x0002,
    0x0000, 0x0000, 0x0000, 0x0000, 0x0001, 0x0001, 0x0001, 0x0001,
    0x0002, 0x0002, 0x0002, 0x0002, 0x0000, 0x0000, 0x0000, 0x0000,
    0x0001, 0x0001, 0x0001, 0x0001, 0x0002, 0x0002, 0x0002, 0x0002,
    0x0000, 0x0000, 0x0000, 0x0000, 0x0001, 0x0001, 0x0001, 0x0001,
    0x0002, 0x0002, 0x0002, 0x0002, 0x0000, 0x0000, 0x0000, 0x0000,
    0x0001, 0x0001, 0x0001, 0x0001, 0x0002, 0x0002, 0x0002, 0x0002,
    0x0000, 0x0000, 0x0000, 0x0000, 0x0001, 0x0001, 0x0001, 0x0001,
    0x0002, 0x0002, 0x0002, 0x0002, 0x0000, 0x0000, 0x0000, 0x0000,
    0x0000, 0x0000, 0x0000, 0x0000, 0x0001, 0x0001, 0x0001, 0x0001,
    0x0002, 0x0002, 0x0002, 0x0002, 0x0000, 0x0000, 0x0000, 0x0000,
    0x0001, 0x0001, 0x0001, 0x0001, 0x0002, 0x0002, 0x0002, 0x0002,
    0x0000, 0x0000, 0x0000, 0x0000, 0x0001, 0x0001, 0x0001, 0x0001,
    0x0002, 0x0002, 0x0002, 0x0002, 0x0000, 0x0000, 0x0000, 0x0000,
    0x0000, 0x0000, 0x0000, 0x0000, 0x0001, 0x0001, 0x0001, 0x0001,
    0x0002, 0x0002, 0x0002, 0x0002, 0x0000, 0x0000, 0x0000, 0x0000,
    0x0001, 0x0001, 0x0001, 0x0001, 0x0002, 0x0002, 0x0002, 0x0002,
    0x0000, 0x0000, 0x0000, 0x0000, 0x0001, 0x0001, 0x0001, 0x0001,
    0x0002, 0x0002, 0x0002, 0x0002, 0x0000, 0x0000, 0x0000, 0x0000,
    0x0000, 0x0000, 0x0000, 0x0000, 0x0001, 0x0001, 0x0001, 0x0001,
    0x0002, 0x0002, 0x0002, 0x0002, 0x0000, 0x0000, 0x0000, 0x0000,
    0x0001, 0x0001, 0x0001, 0x0001, 0x0002, 0x0002, 0x0002, 0x0002,
    0x0000, 0x0000, 0x0000, 0x0000, 0x0001, 0x0001, 0x0001, 0x0001,
    0x0002, 0x0002, 0x0002, 0x0002, 0x0000, 0x0000, 0x0000, 0x0000,
    0x0001, 0x0001, 0x0001, 0x0001, 0x0002, 0x0002, 0x0002, 0x0002,
    0x0000, 0x0000, 0x0000, 0x0000, 0x0001, 0x0001, 0x0001, 0x0001,
    0x0002, 0x0002, 0x0002, 0x0002, 0x0000, 0x0000, 0x0000, 0x0000,
    0x0001, 0x0001, 0x0001, 0x0001, 0x0002, 0x0002, 0x0002, 0x0002,
    0x0000, 0x0000, 0x0000, 0x0000, 0x0001, 0x0001, 0x0001, 0x0001,
    0x0001, 0x0001, 0x0001, 0x0001, 0x0002, 0x0002, 0x0002, 0x0002,
    0x0000, 0x0000, 0x0000, 0x0000, 0x0001, 0x0001, 0x0001, 0x0001,
    0x0002, 0x0002, 0x0002, 0x0002, 0x0000, 0x0000, 0x0000, 0x0000,
    0x0001, 0x0001, 0x0001, 0x0001, 0x0002, 0x0002, 0x0002, 0x0002,
    0x0000, 0x0000, 0x0000, 0x0000, 0x0001, 0x0001, 0x0001, 0x0001,
    0x0001, 0x0001, 0x0001, 0x0001, 0x0002, 0x0002, 0x0002, 0x0002,
    0x0000, 0x0000, 0x0000, 0x0000, 0x0001, 0x0001, 0x0001, 0x0001,
    0x0002, 0x0002, 0x0002, 0x0002, 0x0000, 0x0000, 0x0000, 0x0000,
    0x0001, 0x0001, 0x0001, 0x0001, 0x0002, 0x0002, 0x0002, 0x0002,
    0x0000, 0x0000, 0x0000, 0x0000, 0x0001, 0x0001, 0x0001, 0x0001,
    0x0001, 0x0001, 0x0001, 0x0001, 0x0002, 0x0002, 0x0002, 0x0002,
    0x0000, 0x0000, 0x0000, 0x0000, 0x0001, 0x0001, 0x0001, 0x0001,
    0x0002, 0x0002, 0x0002, 0x0002, 0x0000, 0x0000, 0x0000, 0x0000,
    0x0001, 0x0001, 0x0001, 0x0001, 0x0002, 0x0002, 0x0002, 0x0002,
    0x0000, 0x0000, 0x0000, 0x0000, 0x0001, 0x0001, 0x0001, 0x0001,
};

static const u16 VIEW_SNOW_1_GROUND[1280] = {
    0x0000, 0x0000, 0x0000, 0x0000, 0x0000, 0x0000, 0x0000, 0x0000,
    0x0000, 0x0000, 0x0000, 0x0000, 0x0000, 0x0000, 0x0000, 0x0000,
    0x0000, 0x0000, 0x0000, 0x0000, 0x0000, 0x0000, 0x0000, 0x0000,
    0x0000, 0x0000, 0x0000, 0x0000, 0x0000, 0x0000, 0x0000, 0x0000,
    0x0000, 0x0000, 0x0000, 0x0000, 0x0000, 0x0000, 0x0000, 0x0000,
    0x0000, 0x0000, 0x0000, 0x0000, 0x0000, 0x0000, 0x0000, 0x0000,
    0x0000, 0x0000, 0x0000, 0x0000, 0x0000, 0x0000, 0x0000, 0x0000,
    0x0000, 0x0000, 0x0000, 0x0000, 0x0000, 0x0000, 0x0000, 0x0000,
    0x0000, 0x0000, 0x0000, 0x0000, 0x0000, 0x0000, 0x0000, 0x0000,
    0x0000, 0x0000, 0x0000, 0x0000, 0x0000, 0x0000, 0x0000, 0x0000,
    0x0000, 0x0000, 0x0000, 0x0000, 0x0000, 0x0000, 0x0000, 0x0000,
    0x0000, 0x0000, 0x0000, 0x0000, 0x0000, 0x0000, 0x0000, 0x0000,
    0x0000, 0x0000, 0x0000, 0x0000, 0x0000, 0x0000, 0x0000, 0x0000,
    0x0000, 0x0000, 0x0000, 0x0000, 0x0000, 0x0000, 0x0000, 0x0000,
    0x0000, 0x0000, 0x0000, 0x0000, 0x0000, 0x0000, 0x0000, 0x0000,
    0x0000, 0x0000, 0x0000, 0x0000, 0x0000, 0x0000, 0x0000, 0x0000,
    0x0000, 0x0000, 0x0000, 0x0000, 0x0000, 0x0000, 0x0000, 0x0000,
    0x0000, 0x0000, 0x0000, 0x0000, 0x0000, 0x0000, 0x0000, 0x0000,
    0x0000, 0x0001, 0x0000, 0x0002, 0x0000, 0x0000, 0x0000, 0x0000,
    0x0000, 0x0000, 0x0000, 0x0000, 0x0000, 0x0000, 0x0000, 0x0000,
    0x0000, 0x0000, 0x0000, 0x0000, 0x0000, 0x0000, 0x0000, 0x0000,
    0x0000, 0x0000, 0x0000, 0x0000, 0x0000, 0x0000, 0x0000, 0x0000,
    0x0000, 0x0000, 0x0000, 0x0000, 0x0000, 0x0000, 0x0000, 0x0000,
    0x0000, 0x0001, 0x0000, 0x0002, 0x0000, 0x0000, 0x0000, 0x0000,
    0x0000, 0x0000, 0x0000, 0x0000, 0x0000, 0x0000, 0x0000, 0x0000,
    0x0000, 0x0000, 0x0000, 0x0000, 0x0000, 0x0000, 0x0000, 0x0000,
    0x0000, 0x0000, 0x0000, 0x0000, 0x0000, 0x0000, 0x0000, 0x0000,
    0x0000, 0x0000, 0x0000, 0x0000, 0x0000, 0x0000, 0x0000, 0x0000,
    0x0000, 0x0000, 0x0000, 0x0000, 0x0000, 0x0000, 0x0000, 0x0000,
    0x0000, 0x0000, 0x0000, 0x0000, 0x0000, 0x0000, 0x0000, 0x0000,
    0x0000, 0x0000, 0x0000, 0x0000, 0x0000, 0x0000, 0x0000, 0x0000,
    0x0000, 0x0000, 0x0000, 0x0000, 0x0000, 0x0000, 0x0000, 0x0000,
    0x0000, 0x0000, 0x0000, 0x0000, 0x0000, 0x0000, 0x0000, 0x0000,
    0x0000, 0x0000, 0x0000, 0x0000, 0x0000, 0x0000, 0x0000, 0x0000,
    0x0000, 0x0000, 0x0000, 0x0000, 0x0000, 0x0000, 0x0000, 0x0000,
    0x0000, 0x0000, 0x0000, 0x0000, 0x0000, 0x0000, 0x0000, 0x0000,
    0x0000, 0x0000, 0x0000, 0x0000, 0x0000, 0x0000, 0x0000, 0x0000,
    0x0000, 0x0000, 0x0000, 0x0000, 0x0000, 0x0000, 0x0000, 0x0000,
    0x0000, 0x0000, 0x0000, 0x0000, 0x0000, 0x0000, 0x0000, 0x0000,
    0x0000, 0x0000, 0x0000, 0x0000, 0x0000, 0x0000, 0x0000, 0x0000,
    0x0000, 0x0000, 0x0000, 0x0000, 0x0000, 0x0000, 0x0000, 0x0000,
    0x0000, 0x0000, 0x0000, 0x0000, 0x0000, 0x0000, 0x0000, 0x0000,
    0x0000, 0x0000, 0x0000, 0x0000, 0x0000, 0x0000, 0x0000, 0x0000,
    0x0000, 0x0000, 0x0000, 0x0000, 0x0000, 0x0000, 0x0000, 0x0000,
    0x0000, 0x0000, 0x0000, 0x0000, 0x0000, 0x0000, 0x0000, 0x0000,
    0x0000, 0x0000, 0x0000, 0x0000, 0x0000, 0x0000, 0x0000, 0x0000,
    0x0000, 0x0000, 0x0000, 0x0000, 0x0000, 0x0000, 0x0000, 0x0000,
    0x0000, 0x0000, 0x0000, 0x0000, 0x0000, 0x0000, 0x0000, 0x0000,
    0x0000, 0x0000, 0x0000, 0x0000, 0x0000, 0x0000, 0x0000, 0x0000,
    0x0000, 0x0000, 0x0000, 0x0000, 0x0000, 0x0000, 0x0000, 0x0000,
    0x0000, 0x0000, 0x0000, 0x0000, 0x0000, 0x0000, 0x0000, 0x0000,
    0x0000, 0x0000, 0x0000, 0x0000, 0x0000, 0x0000, 0x0000, 0x0000,
    0x0000, 0x0000, 0x0000, 0x0000, 0x0000, 0x0000, 0x0000, 0x0000,
    0x0000, 0x0000, 0x0000, 0x0000, 0x0000, 0x0000, 0x0000, 0x0000,
    0x0000, 0x0000, 0x0000, 0x0000, 0x0000, 0x0000, 0x0000, 0x0000,
    0x0000, 0x0000, 0x0000, 0x0000, 0x0000, 0x0000, 0x0000, 0x0000,
    0x0000, 0x0000, 0x0000, 0x0000, 0x0000, 0x0000, 0x0000, 0x0000,
    0x0000, 0x0000, 0x0000, 0x0000, 0x0000, 0x0000, 0x0000, 0x0000,
    0x0000, 0x0000, 0x0000, 0x0000, 0x0000, 0x0000, 0x0000, 0x0000,
    0x0000, 0x0000, 0x0000, 0x0000, 0x0000, 0x0000, 0x0000, 0x0000,
    0x0000, 0x0000, 0x0000, 0x0000, 0x0000, 0x0000, 0x0000, 0x0000,
    0x0000, 0x0000, 0x0000, 0x0000, 0x0000, 0x0000, 0x0000, 0x0000,
    0x0000, 0x0000, 0x0000, 0x0000, 0x0000, 0x0000, 0x0000, 0x0000,
    0x0000, 0x0000, 0x0000, 0x0000, 0x0000, 0x0000, 0x0000, 0x0000,
    0x0000, 0x0000, 0x0000, 0x0000, 0x0000, 0x0000, 0x0000, 0x0000,
    0x0000, 0x0000, 0x0000, 0x0000, 0x0000, 0x0000, 0x0000, 0x0000,
    0x0000, 0x0000, 0x0000, 0x0000, 0x0000, 0x0000, 0x0000, 0x0000,
    0x0000, 0x0000, 0x0000, 0x0000, 0x0000, 0x0000, 0x0000, 0x0000,
    0x0000, 0x0000, 0x0000, 0x0000, 0x0000, 0x0000, 0x0000, 0x0000,
    0x0000, 0x0000, 0x0000, 0x0000, 0x0000, 0x0000, 0x0000, 0x0000,
    0x0000, 0x0000, 0x0000, 0x0000, 0x0000, 0x0000, 0x0000, 0x0000,
    0x0000, 0x0000, 0x0000, 0x0000, 0x0000, 0x0000, 0x0000, 0x0000,
    0x0000, 0x0000, 0x0000, 0x0000, 0x0000, 0x0000, 0x0000, 0x0000,
    0x0000, 0x0000, 0x0000, 0x0000, 0x0000, 0x0000, 0x0000, 0x0000,
    0x0000, 0x0000, 0x0000, 0x0000, 0x0000, 0x0000, 0x0000, 0x0000,
    0x0000, 0x0000, 0x0000, 0x0000, 0x0000, 0x0000, 0x0000, 0x0000,
    0x0000, 0x0000, 0x0000, 0x0000, 0x0000, 0x0000, 0x0000, 0x0000,
    0x0000, 0x0000, 0x0000, 0x0000, 0x0000, 0x0000, 0x0000, 0x0000,
    0x0000, 0x0000, 0x0000, 0x0000, 0x0000, 0x0000, 0x0000, 0x0000,
    0x0000, 0x0000, 0x0000, 0x0000, 0x0000, 0x0000, 0x0000, 0x0000,
    0x0000, 0x0000, 0x0000, 0x0000, 0x0000, 0x0000, 0x0000, 0x0000,
    0x0000, 0x0000, 0x0000, 0x0000, 0x0000, 0x0000, 0x0000, 0x0000,
    0x0000, 0x0000, 0x0000, 0x0000, 0x0000, 0x0000, 0x0000, 0x0000,
    0x0000, 0x0000, 0x0000, 0x0000, 0x0000, 0x0000, 0x0000, 0x0000,
    0x0000, 0x0000, 0x0000, 0x0000, 0x0000, 0x0000, 0x0000, 0x0000,
    0x0000, 0x0000, 0x0000, 0x0000, 0x0000, 0x0000, 0x0000, 0x0000,
    0x0000, 0x0000, 0x0000, 0x0000, 0x0000, 0x0000, 0x0000, 0x0000,
    0x0000, 0x0000, 0x0000, 0x0000, 0x0000, 0x0000, 0x0000, 0x0000,
    0x0000, 0x0000, 0x0000, 0x0000, 0x0000, 0x0000, 0x0000, 0x0000,
    0x0000, 0x0000, 0x0000, 0x0000, 0x0000, 0x0000, 0x0000, 0x0000,
    0x0000, 0x0000, 0x0000, 0x0000, 0x0000, 0x0000, 0x0000, 0x0000,
    0x0000, 0x0000, 0x0000, 0x0000, 0x0000, 0x0000, 0x0000, 0x0000,
    0x0000, 0x0000, 0x0000, 0x0000, 0x0000, 0x0000, 0x0000, 0x0000,
    0x0000, 0x0000, 0x0000, 0x0000, 0x0000, 0x0000, 0x0000, 0x0000,
    0x0000, 0x0000, 0x0000, 0x0000, 0x0000, 0x0000, 0x0000, 0x0000,
    0x0000, 0x0000, 0x0000, 0x0000, 0x0000, 0x0000, 0x0000, 0x0000,
    0x0000, 0x0000, 0x0000, 0x0000, 0x0000, 0x0000, 0x0000, 0x0000,
    0x0000, 0x0000, 0x0000, 0x0000, 0x0000, 0x0000, 0x0000, 0x0000,
    0x0000, 0x0000, 0x0000, 0x0000, 0x0000, 0x0000, 0x0000, 0x0000,
    0x0000, 0x0000, 0x0000, 0x0000, 0x0000, 0x0000, 0x0000, 0x0000,
    0x0000, 0x0000, 0x0000, 0x0000, 0x0000, 0x0000, 0x0000, 0x0000,
    0x0000, 0x0000, 0x0000, 0x0000, 0x0000, 0x0000, 0x0000, 0x0000,
    0x0000, 0x0000, 0x0000, 0x0000, 0x0000, 0x0000, 0x0000, 0x0000,
    0x0000, 0x0000, 0x0000, 0x0000, 0x0000, 0x0000, 0x0000, 0x0000,
    0x0000, 0x0000, 0x0000, 0x0000, 0x0000, 0x0000, 0x0000, 0x0000,
    0x0000, 0x0000, 0x0000, 0x0000, 0x0000, 0x0000, 0x0000, 0x0000,
    0x0000, 0x0000, 0x0000, 0x0000, 0x0000, 0x0000, 0x0000, 0x0000,
    0x0000, 0x0000, 0x0000, 0x0000, 0x0000, 0x0000, 0x0000, 0x0000,
    0x0000, 0x0000, 0x0000, 0x0000, 0x0000, 0x0000, 0x0000, 0x0000,
    0x0000, 0x0000, 0x0000, 0x0000, 0x0000, 0x0000, 0x0000, 0x0000,
    0x0000, 0x0000, 0x0000, 0x0000, 0x0000, 0x0000, 0x0000, 0x0000,
    0x0000, 0x0000, 0x0000, 0x0000, 0x0000, 0x0000, 0x0000, 0x0000,
    0x0000, 0x0000, 0x0000, 0x0000, 0x0000, 0x0000, 0x0000, 0x0000,
    0x0000, 0x0000, 0x0000, 0x0000, 0x0000, 0x0000, 0x0000, 0x0000,
    0x0000, 0x0000, 0x0000, 0x0000, 0x0000, 0x0000, 0x0000, 0x0000,
    0x0000, 0x0000, 0x0000, 0x0000, 0x0000, 0x0000, 0x0000, 0x0000,
    0x0000, 0x0000, 0x0000, 0x0000, 0x0000, 0x0000, 0x0000, 0x0000,
    0x0000, 0x0000, 0x0000, 0x0000, 0x0000, 0x0000, 0x0000, 0x0000,
    0x0000, 0x0000, 0x0000, 0x0000, 0x0000, 0x0000, 0x0000, 0x0000,
    0x0000, 0x0000, 0x0000, 0x0000, 0x0000, 0x0000, 0x0000, 0x0000,
    0x0000, 0x0000, 0x0000, 0x0000, 0x0000, 0x0000, 0x0000, 0x0000,
    0x0000, 0x0000, 0x0000, 0x0000, 0x0000, 0x0000, 0x0000, 0x0000,
    0x0000, 0x0000, 0x0000, 0x0000, 0x0000, 0x0000, 0x0000, 0x0000,
    0x0000, 0x0000, 0x0000, 0x0000, 0x0000, 0x0000, 0x0000, 0x0000,
    0x0000, 0x0000, 0x0000, 0x0000, 0x0000, 0x0000, 0x0000, 0x0000,
    0x0000, 0x0000, 0x0000, 0x0000, 0x0000, 0x0000, 0x0000, 0x0000,
    0x0000, 0x0000, 0x0000, 0x0000, 0x0000, 0x0000, 0x0000, 0x0000,
    0x0000, 0x0000, 0x0000, 0x0000, 0x0000, 0x0000, 0x0000, 0x0000,
    0x0000, 0x0000, 0x0000, 0x0000, 0x0000, 0x0000, 0x0000, 0x0000,
    0x0000, 0x0000, 0x0000, 0x0000, 0x0000, 0x0000, 0x0000, 0x0000,
    0x0000, 0x0000, 0x0000, 0x0000, 0x0000, 0x0000, 0x0000, 0x0000,
    0x0000, 0x0000, 0x0000, 0x0000, 0x0000, 0x0000, 0x0000, 0x0000,
    0x0000, 0x0000, 0x0000, 0x0000, 0x0000, 0x0000, 0x0000, 0x0000,
    0x0000, 0x0000, 0x0000, 0x0000, 0x0000, 0x0000, 0x0000, 0x0000,
    0x0000, 0x0000, 0x0000, 0x0000, 0x0000, 0x0000, 0x0000, 0x0000,
    0x0000, 0x0000, 0x0000, 0x0000, 0x0000, 0x0000, 0x0000, 0x0000,
    0x0000, 0x0000, 0x0000, 0x0000, 0x0000, 0x0000, 0x0000, 0x0000,
    0x0000, 0x0000, 0x0000, 0x0000, 0x0000, 0x0000, 0x0000, 0x0000,
    0x0000, 0x0000, 0x0000, 0x0000, 0x0000, 0x0000, 0x0000, 0x0000,
    0x0000, 0x0000, 0x0000, 0x0000, 0x0000, 0x0000, 0x0000, 0x0000,
    0x0000, 0x0000, 0x0000, 0x0000, 0x0000, 0x0000, 0x0000, 0x0000,
    0x0000, 0x0000, 0x0000, 0x0000, 0x0000, 0x0000, 0x0000, 0x0000,
    0x0000, 0x0000, 0x0000, 0x0000, 0x0000, 0x0000, 0x0000, 0x0000,
    0x0000, 0x0000, 0x0000, 0x0000, 0x0000, 0x0000, 0x0000, 0x0000,
    0x0000, 0x0000, 0x0000, 0x0000, 0x0000, 0x0000, 0x0000, 0x0000,
    0x0000, 0x0000, 0x0000, 0x0000, 0x0000, 0x0000, 0x0000, 0x0000,
    0x0000, 0x0000, 0x0000, 0x0000, 0x0000, 0x0000, 0x0000, 0x0000,
    0x0000, 0x0000, 0x0000, 0x0000, 0x0000, 0x0000, 0x0000, 0x0000,
    0x0000, 0x0000, 0x0000, 0x0000, 0x0000, 0x0000, 0x0000, 0x0000,
    0x0000, 0x0000, 0x0000, 0x0000, 0x0000, 0x0000, 0x0000, 0x0000,
    0x0000, 0x0000, 0x0000, 0x0000, 0x0000, 0x0000, 0x0000, 0x0000,
    0x0000, 0x0000, 0x0000, 0x0000, 0x0000, 0x0000, 0x0000, 0x0000,
    0x0000, 0x0000, 0x0000, 0x0000, 0x0000, 0x0000, 0x0000, 0x0000,
    0x0000, 0x0000, 0x0000, 0x0000, 0x0000, 0x0000, 0x0000, 0x0000,
    0x0000, 0x0000, 0x0000, 0x0000, 0x0000, 0x0000, 0x0000, 0x0000,
    0x0000, 0x0000, 0x0000, 0x0000, 0x0000, 0x0000, 0x0000, 0x0000,
    0x0000, 0x0000, 0x0000, 0x0000, 0x0000, 0x0000, 0x0000, 0x0000,
    0x0000, 0x0000, 0x0000, 0x0000, 0x0000, 0x0000, 0x0000, 0x0000,
    0x0000, 0x0000, 0x0000, 0x0000, 0x0000, 0x0000, 0x0000, 0x0000,
    0x0000, 0x0000, 0x0000, 0x0000, 0x0000, 0x0000, 0x0000, 0x0000,
};

static const DecorPlace VIEW_SNOW_1_DECOR[] = {
    DP(SIGNPOST, 6, 14),
    DP(FENCE, 8, 14),
    DP(FENCE_END, 10, 14),
    DP(LAMP, 12, 14),
    DP(ROCK, 14, 14),
    DP(BENCH, 16, 14),
    DP(BARREL, 19, 14),
    DP(CRATE, 21, 14),
    DP(CRATE_STACK, 23, 14),
    DP(SACKS, 25, 14),
    DP(WELL, 27, 14),
    DP(HAY_BALE, 30, 14),
    DP(WATER_TROUGH, 32, 14),
    DP(LANTERN_POST, 35, 14),
    DP(STONE_LANTERN, 37, 14),
    DP(CAMPFIRE, 1, 18),
    DP(WOODPILE, 3, 18),
    DP(STUMP, 6, 18),
    DP(LOG, 8, 18),
    DP(BOULDER, 11, 18),
    DP(PEBBLES, 14, 18),
    DP(DOCK, 16, 18),
    DP(DOCK_EDGE, 18, 18),
    DP(DOCK_POST, 20, 18),
    DP(BRIDGE_H, 22, 18),
    DP(BRIDGE_V, 24, 18),
    DP(PICNIC_TABLE, 26, 18),
    DP(NOTICE_BOARD, 29, 18),
    DP(CART, 32, 18),
    DP(KIN_STATUE, 35, 18),
    DP(SHRINE, 37, 18),
    DP(SIGN_ARROW, 1, 21),
    DP(GATE, 3, 21),
    DP(CLOTHESLINE, 5, 21),
    DP(WEATHER_VANE, 8, 21),
    DP(TELESCOPE, 10, 21),
    DP(SNOWMAN, 12, 21),
    DP(ICE_CRYSTAL, 14, 21),
    DP(ICE_BLOCKS, 16, 21),
    DP(HOT_SPRING, 18, 21),
    DP(STEAM, 23, 21),
    DP(WOLF_STATUE, 25, 21),
    DP(AURORA_STONE, 27, 21),
    DP(FROST_BANNER, 29, 21),
    DP(ICE_STATUE, 31, 21),
    DP(RIME_PILLAR, 33, 21),
};

static const u16 VIEW_SNOW_2_CELLS[440] = {
    0x0000, 0x0000, 0x0000, 0x0000, 0x0001, 0x0001, 0x0001, 0x0001,
    0x0002, 0x0002, 0x0002, 0x0002, 0x0000, 0x0000, 0x0000, 0x0000,
    0x0001, 0x0001, 0x0001, 0x0001, 0x0002, 0x0002, 0x0002, 0x0002,
    0x0000, 0x0000, 0x0000, 0x0000, 0x0001, 0x0001, 0x0001, 0x0001,
    0x0002, 0x0002, 0x0002, 0x0002, 0x0000, 0x0000, 0x0000, 0x0000,
    0x0000, 0x0000, 0x0000, 0x0000, 0x0001, 0x0001, 0x0001, 0x0001,
    0x0002, 0x0002, 0x0002, 0x0002, 0x0000, 0x0000, 0x0000, 0x0000,
    0x0001, 0x0001, 0x0001, 0x0001, 0x0002, 0x0002, 0x0002, 0x0002,
    0x0000, 0x0000, 0x0000, 0x0000, 0x0001, 0x0001, 0x0001, 0x0001,
    0x0002, 0x0002, 0x0002, 0x0002, 0x0000, 0x0000, 0x0000, 0x0000,
    0x0000, 0x0000, 0x0000, 0x0000, 0x0001, 0x0001, 0x0001, 0x0001,
    0x0002, 0x0002, 0x0002, 0x0002, 0x0000, 0x0000, 0x0000, 0x0000,
    0x0001, 0x0001, 0x0001, 0x0001, 0x0002, 0x0002, 0x0002, 0x0002,
    0x0000, 0x0000, 0x0000, 0x0000, 0x0001, 0x0001, 0x0001, 0x0001,
    0x0002, 0x0002, 0x0002, 0x0002, 0x0000, 0x0000, 0x0000, 0x0000,
    0x0000, 0x0000, 0x0000, 0x0000, 0x0001, 0x0001, 0x0001, 0x0001,
    0x0002, 0x0002, 0x0002, 0x0002, 0x0000, 0x0000, 0x0000, 0x0000,
    0x0001, 0x0001, 0x0001, 0x0001, 0x0002, 0x0002, 0x0002, 0x0002,
    0x0000, 0x0000, 0x0000, 0x0000, 0x0001, 0x0001, 0x0001, 0x0001,
    0x0002, 0x0002, 0x0002, 0x0002, 0x0000, 0x0000, 0x0000, 0x0000,
    0x0001, 0x0001, 0x0001, 0x0001, 0x0002, 0x0002, 0x0002, 0x0002,
    0x0000, 0x0000, 0x0000, 0x0000, 0x0001, 0x0001, 0x0001, 0x0001,
    0x0002, 0x0002, 0x0002, 0x0002, 0x0000, 0x0000, 0x0000, 0x0000,
    0x0001, 0x0001, 0x0001, 0x0001, 0x0002, 0x0002, 0x0002, 0x0002,
    0x0000, 0x0000, 0x0000, 0x0000, 0x0001, 0x0001, 0x0001, 0x0001,
    0x0001, 0x0001, 0x0001, 0x0001, 0x0002, 0x0002, 0x0002, 0x0002,
    0x0000, 0x0000, 0x0000, 0x0000, 0x0001, 0x0001, 0x0001, 0x0001,
    0x0002, 0x0002, 0x0002, 0x0002, 0x0000, 0x0000, 0x0000, 0x0000,
    0x0001, 0x0001, 0x0001, 0x0001, 0x0002, 0x0002, 0x0002, 0x0002,
    0x0000, 0x0000, 0x0000, 0x0000, 0x0001, 0x0001, 0x0001, 0x0001,
    0x0001, 0x0001, 0x0001, 0x0001, 0x0002, 0x0002, 0x0002, 0x0002,
    0x0000, 0x0000, 0x0000, 0x0000, 0x0001, 0x0001, 0x0001, 0x0001,
    0x0002, 0x0002, 0x0002, 0x0002, 0x0000, 0x0000, 0x0000, 0x0000,
    0x0001, 0x0001, 0x0001, 0x0001, 0x0002, 0x0002, 0x0002, 0x0002,
    0x0000, 0x0000, 0x0000, 0x0000, 0x0001, 0x0001, 0x0001, 0x0001,
    0x0001, 0x0001, 0x0001, 0x0001, 0x0002, 0x0002, 0x0002, 0x0002,
    0x0000, 0x0000, 0x0000, 0x0000, 0x0001, 0x0001, 0x0001, 0x0001,
    0x0002, 0x0002, 0x0002, 0x0002, 0x0000, 0x0000, 0x0000, 0x0000,
    0x0001, 0x0001, 0x0001, 0x0001, 0x0002, 0x0002, 0x0002, 0x0002,
    0x0000, 0x0000, 0x0000, 0x0000, 0x0001, 0x0001, 0x0001, 0x0001,
    0x0002, 0x0002, 0x0002, 0x0002, 0x0000, 0x0000, 0x0000, 0x0000,
    0x0001, 0x0001, 0x0001, 0x0001, 0x0002, 0x0002, 0x0002, 0x0002,
    0x0000, 0x0000, 0x0000, 0x0000, 0x0001, 0x0001, 0x0001, 0x0001,
    0x0002, 0x0002, 0x0002, 0x0002, 0x0000, 0x0000, 0x0000, 0x0000,
    0x0001, 0x0001, 0x0001, 0x0001, 0x0002, 0x0002, 0x0002, 0x0002,
    0x0002, 0x0002, 0x0002, 0x0002, 0x0000, 0x0000, 0x0000, 0x0000,
    0x0001, 0x0001, 0x0001, 0x0001, 0x0002, 0x0002, 0x0002, 0x0002,
    0x0000, 0x0000, 0x0000, 0x0000, 0x0001, 0x0001, 0x0001, 0x0001,
    0x0002, 0x0002, 0x0002, 0x0002, 0x0000, 0x0000, 0x0000, 0x0000,
    0x0001, 0x0001, 0x0001, 0x0001, 0x0002, 0x0002, 0x0002, 0x0002,
    0x0002, 0x0002, 0x0002, 0x0002, 0x0000, 0x0000, 0x0000, 0x0000,
    0x0001, 0x0001, 0x0001, 0x0001, 0x0002, 0x0002, 0x0002, 0x0002,
    0x0000, 0x0000, 0x0000, 0x0000, 0x0001, 0x0001, 0x0001, 0x0001,
    0x0002, 0x0002, 0x0002, 0x0002, 0x0000, 0x0000, 0x0000, 0x0000,
    0x0001, 0x0001, 0x0001, 0x0001, 0x0002, 0x0002, 0x0002, 0x0002,
};

static const u16 VIEW_SNOW_2_GROUND[440] = {
    0x0000, 0x0000, 0x0000, 0x0000, 0x0000, 0x0000, 0x0000, 0x0000,
    0x0000, 0x0000, 0x0000, 0x0000, 0x0000, 0x0000, 0x0000, 0x0000,
    0x0000, 0x0000, 0x0000, 0x0000, 0x0000, 0x0000, 0x0000, 0x0000,
    0x0000, 0x0000, 0x0000, 0x0000, 0x0000, 0x0000, 0x0000, 0x0000,
    0x0000, 0x0000, 0x0000, 0x0000, 0x0000, 0x0000, 0x0000, 0x0000,
    0x0000, 0x0000, 0x0000, 0x0000, 0x0000, 0x0000, 0x0000, 0x0000,
    0x0000, 0x0000, 0x0000, 0x0000, 0x0000, 0x0000, 0x0000, 0x0000,
    0x0000, 0x0000, 0x0000, 0x0000, 0x0000, 0x0000, 0x0000, 0x0000,
    0x0000, 0x0000, 0x0000, 0x0000, 0x0000, 0x0000, 0x0000, 0x0000,
    0x0000, 0x0000, 0x0000, 0x0000, 0x0000, 0x0000, 0x0000, 0x0000,
    0x0000, 0x0000, 0x0000, 0x0000, 0x0000, 0x0000, 0x0000, 0x0000,
    0x0000, 0x0000, 0x0000, 0x0000, 0x0000, 0x0000, 0x0000, 0x0000,
    0x0000, 0x0000, 0x0000, 0x0000, 0x0000, 0x0000, 0x0000, 0x0000,
    0x0000, 0x0000, 0x0000, 0x0000, 0x0000, 0x0000, 0x0000, 0x0000,
    0x0000, 0x0000, 0x0000, 0x0000, 0x0000, 0x0000, 0x0000, 0x0000,
    0x0000, 0x0000, 0x0000, 0x0000, 0x0000, 0x0000, 0x0000, 0x0000,
    0x0000, 0x0000, 0x0000, 0x0000, 0x0000, 0x0000, 0x0000, 0x0000,
    0x0000, 0x0000, 0x0000, 0x0000, 0x0000, 0x0000, 0x0000, 0x0000,
    0x0000, 0x0000, 0x0000, 0x0000, 0x0000, 0x0000, 0x0000, 0x0000,
    0x0000, 0x0000, 0x0000, 0x0000, 0x0000, 0x0000, 0x0000, 0x0000,
    0x0000, 0x0000, 0x0000, 0x0000, 0x0000, 0x0000, 0x0000, 0x0000,
    0x0000, 0x0000, 0x0000, 0x0000, 0x0000, 0x0000, 0x0000, 0x0000,
    0x0000, 0x0000, 0x0000, 0x0000, 0x0000, 0x0000, 0x0000, 0x0000,
    0x0000, 0x0000, 0x0000, 0x0000, 0x0000, 0x0000, 0x0000, 0x0000,
    0x0000, 0x0000, 0x0000, 0x0000, 0x0000, 0x0000, 0x0000, 0x0000,
    0x0000, 0x0000, 0x0000, 0x0000, 0x0000, 0x0000, 0x0000, 0x0000,
    0x0000, 0x0000, 0x0000, 0x0000, 0x0000, 0x0000, 0x0000, 0x0000,
    0x0000, 0x0000, 0x0000, 0x0000, 0x0000, 0x0000, 0x0000, 0x0000,
    0x0000, 0x0000, 0x0000, 0x0000, 0x0000, 0x0000, 0x0000, 0x0000,
    0x0000, 0x0000, 0x0000, 0x0000, 0x0000, 0x0000, 0x0000, 0x0000,
    0x0000, 0x0000, 0x0000, 0x0000, 0x0000, 0x0000, 0x0000, 0x0000,
    0x0000, 0x0000, 0x0000, 0x0000, 0x0000, 0x0000, 0x0000, 0x0000,
    0x0000, 0x0000, 0x0000, 0x0000, 0x0000, 0x0000, 0x0000, 0x0000,
    0x0000, 0x0000, 0x0000, 0x0000, 0x0000, 0x0000, 0x0000, 0x0000,
    0x0000, 0x0000, 0x0000, 0x0000, 0x0000, 0x0000, 0x0000, 0x0000,
    0x0000, 0x0000, 0x0000, 0x0000, 0x0000, 0x0000, 0x0000, 0x0000,
    0x0000, 0x0000, 0x0000, 0x0000, 0x0000, 0x0000, 0x0000, 0x0000,
    0x0000, 0x0000, 0x0000, 0x0000, 0x0000, 0x0000, 0x0000, 0x0000,
    0x0000, 0x0000, 0x0000, 0x0000, 0x0000, 0x0000, 0x0000, 0x0000,
    0x0000, 0x0000, 0x0000, 0x0000, 0x0000, 0x0000, 0x0000, 0x0000,
    0x0000, 0x0000, 0x0000, 0x0000, 0x0000, 0x0000, 0x0000, 0x0000,
    0x0000, 0x0000, 0x0000, 0x0000, 0x0000, 0x0000, 0x0000, 0x0000,
    0x0000, 0x0000, 0x0000, 0x0000, 0x0000, 0x0000, 0x0000, 0x0000,
    0x0000, 0x0000, 0x0000, 0x0000, 0x0000, 0x0000, 0x0000, 0x0000,
    0x0000, 0x0000, 0x0000, 0x0000, 0x0000, 0x0000, 0x0000, 0x0000,
    0x0000, 0x0000, 0x0000, 0x0000, 0x0000, 0x0000, 0x0000, 0x0000,
    0x0000, 0x0000, 0x0000, 0x0000, 0x0000, 0x0000, 0x0000, 0x0000,
    0x0000, 0x0000, 0x0000, 0x0000, 0x0000, 0x0000, 0x0000, 0x0000,
    0x0000, 0x0000, 0x0000, 0x0000, 0x0000, 0x0000, 0x0000, 0x0000,
    0x0000, 0x0000, 0x0000, 0x0000, 0x0000, 0x0000, 0x0000, 0x0000,
    0x0000, 0x0000, 0x0000, 0x0000, 0x0000, 0x0000, 0x0000, 0x0000,
    0x0000, 0x0000, 0x0000, 0x0000, 0x0000, 0x0000, 0x0000, 0x0000,
    0x0000, 0x0000, 0x0000, 0x0000, 0x0000, 0x0000, 0x0000, 0x0000,
    0x0000, 0x0000, 0x0000, 0x0000, 0x0000, 0x0000, 0x0000, 0x0000,
    0x0000, 0x0000, 0x0000, 0x0000, 0x0000, 0x0000, 0x0000, 0x0000,
};

static const DecorPlace VIEW_SNOW_2_DECOR[] = {
    DP(SKY_ARCH, 1, 1),
    DP(SLED, 5, 1),
    DP(SKI_RACK, 7, 1),
    DP(FROZEN_TREE, 9, 1),
    DP(WASH_BUCKET, 11, 1),
    DP(SNOW_CAIRN, 13, 1),
};

static const u16 VIEW_CAVE_1_CELLS[800] = {
    0x0000, 0x0000, 0x0000, 0x0000, 0x0001, 0x0001, 0x0001, 0x0001,
    0x0002, 0x0002, 0x0002, 0x0002, 0x0000, 0x0000, 0x0000, 0x0000,
    0x0001, 0x0001, 0x0001, 0x0001, 0x0002, 0x0002, 0x0002, 0x0002,
    0x0000, 0x0000, 0x0000, 0x0000, 0x0001, 0x0001, 0x0001, 0x0001,
    0x0002, 0x0002, 0x0002, 0x0002, 0x0000, 0x0000, 0x0000, 0x0000,
    0x0000, 0x0000, 0x0000, 0x0001, 0x0001, 0x0002, 0x0001, 0x0003,
    0x0002, 0x0004, 0x0002, 0x0005, 0x0000, 0x0006, 0x0000, 0x0007,
    0x0001, 0x0008, 0x0001, 0x0009, 0x0002, 0x000A, 0x0002, 0x000B,
    0x0000, 0x000C, 0x0000, 0x000D, 0x0001, 0x000E, 0x0001, 0x000F,
    0x0002, 0x0010, 0x0002, 0x0011, 0x0000, 0x0012, 0x0000, 0x0000,
    0x0000, 0x0000, 0x0000, 0x0000, 0x0001, 0x0001, 0x0001, 0x0001,
    0x0002, 0x0002, 0x0002, 0x0002, 0x0000, 0x0000, 0x0000, 0x0000,
    0x0001, 0x0001, 0x0001, 0x0001, 0x0002, 0x0002, 0x0002, 0x0002,
    0x0000, 0x0000, 0x0000, 0x0000, 0x0001, 0x0001, 0x0001, 0x0001,
    0x0002, 0x0002, 0x0002, 0x0002, 0x0000, 0x0000, 0x0000, 0x0000,
    0x0000, 0x0013, 0x0000, 0x0014, 0x0001, 0x0015, 0x0001, 0x0016,
    0x0002, 0x0017, 0x0002, 0x0018, 0x0000, 0x0019, 0x0000, 0x001A,
    0x0001, 0x001B, 0x0001, 0x001C, 0x0002, 0x001D, 0x0002, 0x0002,
    0x0000, 0x0000, 0x0000, 0x0000, 0xFFF1, 0xFFF1, 0xFFF1, 0xFFF1,
    0x0002, 0x0002, 0x0002, 0x0002, 0x0000, 0x0000, 0x0000, 0x0000,
    0x0001, 0x0001, 0x0001, 0x0001, 0x0002, 0x0002, 0x0002, 0x0002,
    0x0000, 0x0000, 0x0000, 0x0000, 0x0001, 0x0001, 0x0001, 0x0001,
    0x0002, 0x0002, 0x0002, 0x0002, 0x0000, 0x0000, 0x0000, 0xFFF0,
    0xFFF0, 0xFFF0, 0xFFF0, 0x0001, 0xFFF1, 0xFFF1, 0xFFF1, 0xFFF1,
    0x0000, 0x0000, 0x0000, 0x0000, 0x0001, 0x0001, 0x0001, 0x0001,
    0x0001, 0x0001, 0x0001, 0x0001, 0x0002, 0x0002, 0x0002, 0x0002,
    0x0000, 0x0000, 0x0000, 0x0000, 0x0001, 0x0001, 0x0001, 0x0001,
    0x0002, 0x0002, 0x0002, 0x0002, 0x0000, 0x0000, 0x0000, 0x0000,
    0x0001, 0x0001, 0x0001, 0x0001, 0xFFF1, 0xFFF1, 0xFFF1, 0xFFF1,
    0x0000, 0x0000, 0x0000, 0x0000, 0x0001, 0x0001, 0x0001, 0x0001,
    0x0001, 0x0001, 0x0001, 0x0001, 0x0002, 0x0002, 0x0002, 0x0002,
    0x0000, 0x0000, 0x0000, 0x0000, 0x0001, 0x0001, 0x0001, 0x0001,
    0x0002, 0x0002, 0x0002, 0x0002, 0x0000, 0x0000, 0x0000, 0x0000,
    0x0001, 0x0001, 0x0001, 0x0001, 0x0002, 0x0002, 0x0002, 0x0002,
    0x0000, 0x0000, 0x0000, 0x0000, 0x0001, 0x0001, 0x0001, 0x0001,
    0x0001, 0x0001, 0x0001, 0x0001, 0x0002, 0x0002, 0x0002, 0x0002,
    0x0000, 0x0000, 0x0000, 0x0000, 0x0001, 0x0001, 0x0001, 0x0001,
    0x0002, 0x0002, 0x0002, 0x0002, 0x0000, 0x0000, 0x0000, 0x0000,
    0x0001, 0x0001, 0x0001, 0x0001, 0x0002, 0x0002, 0x0002, 0x0002,
    0x0000, 0x0000, 0x0000, 0x0000, 0x0001, 0x0001, 0x0001, 0x0001,
    0x0002, 0x0002, 0x0002, 0x0002, 0x0000, 0x0000, 0x0000, 0x0000,
    0x0001, 0x0001, 0x0001, 0x0001, 0x0002, 0x0002, 0x0002, 0x0002,
    0x0000, 0x0000, 0x0000, 0x0000, 0x0001, 0x0001, 0x0001, 0x0001,
    0x0002, 0x0002, 0x0002, 0x0002, 0x0000, 0x0000, 0x0000, 0x0000,
    0x0001, 0x0001, 0x0001, 0x0001, 0x0002, 0x0002, 0x0002, 0x0002,
    0x0002, 0x0002, 0x0002, 0x0002, 0x0000, 0x0000, 0x0000, 0x0000,
    0x0001, 0x0001, 0x0001, 0x0001, 0x0002, 0x0002, 0x0002, 0x0002,
    0x0000, 0x0000, 0x0000, 0x0000, 0x0001, 0x0001, 0x0001, 0x0001,
    0x0002, 0x0002, 0x0002, 0x0002, 0x0000, 0x0000, 0x0000, 0x0000,
    0x0001, 0x0001, 0x0001, 0x0001, 0x0002, 0x0002, 0x0002, 0x0002,
    0x0002, 0x0002, 0x0002, 0x0002, 0x0000, 0x0000, 0x0000, 0x0000,
    0x0001, 0x0001, 0x0001, 0x0001, 0x0002, 0x0002, 0x0002, 0x0002,
    0x0000, 0x0000, 0x0000, 0x0000, 0x0001, 0x0001, 0x0001, 0x0001,
    0x0002, 0x0002, 0x0002, 0x0002, 0x0000, 0x0000, 0x0000, 0x0000,
    0x0001, 0x0001, 0x0001, 0x0001, 0x0002, 0x0002, 0x0002, 0x0002,
    0x0002, 0x0002, 0x0002, 0x0002, 0x0000, 0x0000, 0x0000, 0x0000,
    0x0001, 0x0001, 0x0001, 0x0001, 0x0002, 0x0002, 0x0002, 0x0002,
    0x0000, 0x0000, 0x0000, 0x0000, 0x0001, 0x0001, 0x0001, 0x0001,
    0x0002, 0x0002, 0x0002, 0x0002, 0x0000, 0x0000, 0x0000, 0x0000,
    0x0001, 0x0001, 0x0001, 0x0001, 0x0002, 0x0002, 0x0002, 0x0002,
    0x0000, 0x0000, 0x0000, 0x0000, 0x0001, 0x0001, 0x0001, 0x0001,
    0x0002, 0x0002, 0x0002, 0x0002, 0x0000, 0x0000, 0x0000, 0x0000,
    0x0001, 0x0001, 0x0001, 0x0001, 0x0002, 0x0002, 0x0002, 0x0002,
    0x0000, 0x0000, 0x0000, 0x0000, 0x0001, 0x0001, 0x0001, 0x0001,
    0x0002, 0x0002, 0x0002, 0x0002, 0x0000, 0x0000, 0x0000, 0x0000,
    0x0000, 0x0000, 0x0000, 0x0000, 0x0001, 0x0001, 0x0001, 0x0001,
    0x0002, 0x0002, 0x0002, 0x0002, 0x0000, 0x0000, 0x0000, 0x0000,
    0x0001, 0x0001, 0x0001, 0x0001, 0x0002, 0x0002, 0x0002, 0x0002,
    0x0000, 0x0000, 0x0000, 0x0000, 0x0001, 0x0001, 0x0001, 0x0001,
    0x0002, 0x0002, 0x0002, 0x0002, 0x0000, 0x0000, 0x0000, 0x0000,
    0x0000, 0x0000, 0x0000, 0x0000, 0x0001, 0x0001, 0x0001, 0x0001,
    0x0002, 0x0002, 0x0002, 0x0002, 0x0000, 0x0000, 0x0000, 0x0000,
    0x0001, 0x0001, 0x0001, 0x0001, 0x0002, 0x0002, 0x0002, 0x0002,
    0x0000, 0x0000, 0x0000, 0x0000, 0x0001, 0x0001, 0x0001, 0x0001,
    0x0002, 0x0002, 0x0002, 0x0002, 0x0000, 0x0000, 0x0000, 0x0000,
    0x0000, 0x0000, 0x0000, 0x0000, 0x0001, 0x0001, 0x0001, 0x0001,
    0x0002, 0x0002, 0x0002, 0x0002, 0x0000, 0x0000, 0x0000, 0x0000,
    0x0001, 0x0001, 0x0001, 0x0001, 0x0002, 0x0002, 0x0002, 0x0002,
    0x0000, 0x0000, 0x0000, 0x0000, 0x0001, 0x0001, 0x0001, 0x0001,
    0x0002, 0x0002, 0x0002, 0x0002, 0x0000, 0x0000, 0x0000, 0x0000,
    0x0001, 0x0001, 0x0001, 0x0001, 0x0002, 0x0002, 0x0002, 0x0002,
    0x0000, 0x0000, 0x0000, 0x0000, 0x0001, 0x0001, 0x0001, 0x0001,
    0x0002, 0x0002, 0x0002, 0x0002, 0x0000, 0x0000, 0x0000, 0x0000,
    0x0001, 0x0001, 0x0001, 0x0001, 0x0002, 0x0002, 0x0002, 0x0002,
    0x0000, 0x0000, 0x0000, 0x0000, 0x0001, 0x0001, 0x0001, 0x0001,
    0x0001, 0x0001, 0x0001, 0x0001, 0x0002, 0x0002, 0x0002, 0x0002,
    0x0000, 0x0000, 0x0000, 0x0000, 0x0001, 0x0001, 0x0001, 0x0001,
    0x0002, 0x0002, 0x0002, 0x0002, 0x0000, 0x0000, 0x0000, 0x0000,
    0x0001, 0x0001, 0x0001, 0x0001, 0x0002, 0x0002, 0x0002, 0x0002,
    0x0000, 0x0000, 0x0000, 0x0000, 0x0001, 0x0001, 0x0001, 0x0001,
    0x0001, 0x0001, 0x0001, 0x0001, 0x0002, 0x0002, 0x0002, 0x0002,
    0x0000, 0x0000, 0x0000, 0x0000, 0x0001, 0x0001, 0x0001, 0x0001,
    0x0002, 0x0002, 0x0002, 0x0002, 0x0000, 0x0000, 0x0000, 0x0000,
    0x0001, 0x0001, 0x0001, 0x0001, 0x0002, 0x0002, 0x0002, 0x0002,
    0x0000, 0x0000, 0x0000, 0x0000, 0x0001, 0x0001, 0x0001, 0x0001,
    0x0001, 0x0001, 0x0001, 0x0001, 0x0002, 0x0002, 0x0002, 0x0002,
    0x0000, 0x0000, 0x0000, 0x0000, 0x0001, 0x0001, 0x0001, 0x0001,
    0x0002, 0x0002, 0x0002, 0x0002, 0x0000, 0x0000, 0x0000, 0x0000,
    0x0001, 0x0001, 0x0001, 0x0001, 0x0002, 0x0002, 0x0002, 0x0002,
    0x0000, 0x0000, 0x0000, 0x0000, 0x0001, 0x0001, 0x0001, 0x0001,
};

static const u16 VIEW_CAVE_1_GROUND[800] = {
    0x0000, 0x0000, 0x0000, 0x0000, 0x0000, 0x0000, 0x0000, 0x0000,
    0x0000, 0x0000, 0x0000, 0x0000, 0x0000, 0x0000, 0x0000, 0x0000,
    0x0000, 0x0000, 0x0000, 0x0000, 0x0000, 0x0000, 0x0000, 0x0000,
    0x0000, 0x0000, 0x0000, 0x0000, 0x0000, 0x0000, 0x0000, 0x0000,
    0x0000, 0x0000, 0x0000, 0x0000, 0x0000, 0x0000, 0x0000, 0x0000,
    0x0000, 0x0000, 0x0000, 0x0000, 0x0000, 0x0000, 0x0000, 0x0000,
    0x0000, 0x0000, 0x0000, 0x0000, 0x0000, 0x0000, 0x0000, 0x0000,
    0x0000, 0x0000, 0x0000, 0x0000, 0x0000, 0x0000, 0x0000, 0x0000,
    0x0000, 0x0000, 0x0000, 0x0000, 0x0000, 0x0000, 0x0000, 0x0000,
    0x0000, 0x0000, 0x0000, 0x0000, 0x0000, 0x0000, 0x0000, 0x0000,
    0x0000, 0x0000, 0x0000, 0x0000, 0x0000, 0x0000, 0x0000, 0x0000,
    0x0000, 0x0000, 0x0000, 0x0000, 0x0000, 0x0000, 0x0000, 0x0000,
    0x0000, 0x0000, 0x0000, 0x0000, 0x0000, 0x0000, 0x0000, 0x0000,
    0x0000, 0x0000, 0x0000, 0x0000, 0x0000, 0x0000, 0x0000, 0x0000,
    0x0000, 0x0000, 0x0000, 0x0000, 0x0000, 0x0000, 0x0000, 0x0000,
    0x0000, 0x0000, 0x0000, 0x0000, 0x0000, 0x0000, 0x0000, 0x0000,
    0x0000, 0x0000, 0x0000, 0x0000, 0x0000, 0x0000, 0x0000, 0x0000,
    0x0000, 0x0000, 0x0000, 0x0000, 0x0000, 0x0000, 0x0000, 0x0000,
    0x0000, 0x0000, 0x0000, 0x0000, 0x0000, 0x0000, 0x0000, 0x0000,
    0x0000, 0x0000, 0x0000, 0x0000, 0x0000, 0x0000, 0x0000, 0x0000,
    0x0000, 0x0000, 0x0000, 0x0000, 0x0000, 0x0000, 0x0000, 0x0000,
    0x0000, 0x0000, 0x0000, 0x0000, 0x0000, 0x0000, 0x0000, 0x0000,
    0x0000, 0x0000, 0x0000, 0x0000, 0x0000, 0x0000, 0x0000, 0x0000,
    0x0000, 0x0000, 0x0000, 0x0000, 0x0000, 0x0000, 0x0000, 0x0000,
    0x0000, 0x0000, 0x0000, 0x0000, 0x0000, 0x0000, 0x0000, 0x0000,
    0x0000, 0x0000, 0x0000, 0x0000, 0x0000, 0x0000, 0x0000, 0x0000,
    0x0000, 0x0000, 0x0000, 0x0000, 0x0000, 0x0000, 0x0000, 0x0000,
    0x0000, 0x0000, 0x0000, 0x0000, 0x0000, 0x0000, 0x0000, 0x0000,
    0x0000, 0x0000, 0x0000, 0x0000, 0x0000, 0x0000, 0x0000, 0x0000,
    0x0000, 0x0000, 0x0000, 0x0000, 0x0000, 0x0000, 0x0000, 0x0000,
    0x0000, 0x0000, 0x0000, 0x0000, 0x0000, 0x0000, 0x0000, 0x0000,
    0x0000, 0x0000, 0x0000, 0x0000, 0x0000, 0x0000, 0x0000, 0x0000,
    0x0000, 0x0000, 0x0000, 0x0000, 0x0000, 0x0000, 0x0000, 0x0000,
    0x0000, 0x0000, 0x0000, 0x0000, 0x0000, 0x0000, 0x0000, 0x0000,
    0x0000, 0x0000, 0x0000, 0x0000, 0x0000, 0x0000, 0x0000, 0x0000,
    0x0000, 0x0000, 0x0000, 0x0000, 0x0000, 0x0000, 0x0000, 0x0000,
    0x0000, 0x0000, 0x0000, 0x0000, 0x0000, 0x0000, 0x0000, 0x0000,
    0x0000, 0x0000, 0x0000, 0x0000, 0x0000, 0x0000, 0x0000, 0x0000,
    0x0000, 0x0000, 0x0000, 0x0000, 0x0000, 0x0000, 0x0000, 0x0000,
    0x0000, 0x0000, 0x0000, 0x0000, 0x0000, 0x0000, 0x0000, 0x0000,
    0x0000, 0x0000, 0x0000, 0x0000, 0x0000, 0x0000, 0x0000, 0x0000,
    0x0000, 0x0000, 0x0000, 0x0000, 0x0000, 0x0000, 0x0000, 0x0000,
    0x0000, 0x0000, 0x0000, 0x0000, 0x0000, 0x0000, 0x0000, 0x0000,
    0x0000, 0x0000, 0x0000, 0x0000, 0x0000, 0x0000, 0x0000, 0x0000,
    0x0000, 0x0000, 0x0000, 0x0000, 0x0000, 0x0000, 0x0000, 0x0000,
    0x0000, 0x0000, 0x0000, 0x0000, 0x0000, 0x0000, 0x0000, 0x0000,
    0x0000, 0x0000, 0x0000, 0x0000, 0x0000, 0x0000, 0x0000, 0x0000,
    0x0000, 0x0000, 0x0000, 0x0000, 0x0000, 0x0000, 0x0000, 0x0000,
    0x0000, 0x0000, 0x0000, 0x0000, 0x0000, 0x0000, 0x0000, 0x0000,
    0x0000, 0x0000, 0x0000, 0x0000, 0x0000, 0x0000, 0x0000, 0x0000,
    0x0000, 0x0000, 0x0000, 0x0000, 0x0000, 0x0000, 0x0000, 0x0000,
    0x0000, 0x0000, 0x0000, 0x0000, 0x0000, 0x0000, 0x0000, 0x0000,
    0x0000, 0x0000, 0x0000, 0x0000, 0x0000, 0x0000, 0x0000, 0x0000,
    0x0000, 0x0000, 0x0000, 0x0000, 0x0000, 0x0000, 0x0000, 0x0000,
    0x0000, 0x0000, 0x0000, 0x0000, 0x0000, 0x0000, 0x0000, 0x0000,
    0x0000, 0x0000, 0x0000, 0x0000, 0x0000, 0x0000, 0x0000, 0x0000,
    0x0000, 0x0000, 0x0000, 0x0000, 0x0000, 0x0000, 0x0000, 0x0000,
    0x0000, 0x0000, 0x0000, 0x0000, 0x0000, 0x0000, 0x0000, 0x0000,
    0x0000, 0x0000, 0x0000, 0x0000, 0x0000, 0x0000, 0x0000, 0x0000,
    0x0000, 0x0000, 0x0000, 0x0000, 0x0000, 0x0000, 0x0000, 0x0000,
    0x0000, 0x0000, 0x0000, 0x0000, 0x0000, 0x0000, 0x0000, 0x0000,
    0x0000, 0x0000, 0x0000, 0x0000, 0x0000, 0x0000, 0x0000, 0x0000,
    0x0000, 0x0000, 0x0000, 0x0000, 0x0000, 0x0000, 0x0000, 0x0000,
    0x0000, 0x0000, 0x0000, 0x0000, 0x0000, 0x0000, 0x0000, 0x0000,
    0x0000, 0x0000, 0x0000, 0x0000, 0x0000, 0x0000, 0x0000, 0x0000,
    0x0000, 0x0000, 0x0000, 0x0000, 0x0000, 0x0000, 0x0000, 0x0000,
    0x0000, 0x0000, 0x0000, 0x0000, 0x0000, 0x0000, 0x0000, 0x0000,
    0x0000, 0x0000, 0x0000, 0x0000, 0x0000, 0x0000, 0x0000, 0x0000,
    0x0000, 0x0000, 0x0000, 0x0000, 0x0000, 0x0000, 0x0000, 0x0000,
    0x0000, 0x0000, 0x0000, 0x0000, 0x0000, 0x0000, 0x0000, 0x0000,
    0x0000, 0x0000, 0x0000, 0x0000, 0x0000, 0x0000, 0x0000, 0x0000,
    0x0000, 0x0000, 0x0000, 0x0000, 0x0000, 0x0000, 0x0000, 0x0000,
    0x0000, 0x0000, 0x0000, 0x0000, 0x0000, 0x0000, 0x0000, 0x0000,
    0x0000, 0x0000, 0x0000, 0x0000, 0x0000, 0x0000, 0x0000, 0x0000,
    0x0000, 0x0000, 0x0000, 0x0000, 0x0000, 0x0000, 0x0000, 0x0000,
    0x0000, 0x0000, 0x0000, 0x0000, 0x0000, 0x0000, 0x0000, 0x0000,
    0x0000, 0x0000, 0x0000, 0x0000, 0x0000, 0x0000, 0x0000, 0x0000,
    0x0000, 0x0000, 0x0000, 0x0000, 0x0000, 0x0000, 0x0000, 0x0000,
    0x0000, 0x0000, 0x0000, 0x0000, 0x0000, 0x0000, 0x0000, 0x0000,
    0x0000, 0x0000, 0x0000, 0x0000, 0x0000, 0x0000, 0x0000, 0x0000,
    0x0000, 0x0000, 0x0000, 0x0000, 0x0000, 0x0000, 0x0000, 0x0000,
    0x0000, 0x0000, 0x0000, 0x0000, 0x0000, 0x0000, 0x0000, 0x0000,
    0x0000, 0x0000, 0x0000, 0x0000, 0x0000, 0x0000, 0x0000, 0x0000,
    0x0000, 0x0000, 0x0000, 0x0000, 0x0000, 0x0000, 0x0000, 0x0000,
    0x0000, 0x0000, 0x0000, 0x0000, 0x0000, 0x0000, 0x0000, 0x0000,
    0x0000, 0x0000, 0x0000, 0x0000, 0x0000, 0x0000, 0x0000, 0x0000,
    0x0000, 0x0000, 0x0000, 0x0000, 0x0000, 0x0000, 0x0000, 0x0000,
    0x0000, 0x0000, 0x0000, 0x0000, 0x0000, 0x0000, 0x0000, 0x0000,
    0x0000, 0x0000, 0x0000, 0x0000, 0x0000, 0x0000, 0x0000, 0x0000,
    0x0000, 0x0000, 0x0000, 0x0000, 0x0000, 0x0000, 0x0000, 0x0000,
    0x0000, 0x0000, 0x0000, 0x0000, 0x0000, 0x0000, 0x0000, 0x0000,
    0x0000, 0x0000, 0x0000, 0x0000, 0x0000, 0x0000, 0x0000, 0x0000,
    0x0000, 0x0000, 0x0000, 0x0000, 0x0000, 0x0000, 0x0000, 0x0000,
    0x0000, 0x0000, 0x0000, 0x0000, 0x0000, 0x0000, 0x0000, 0x0000,
    0x0000, 0x0000, 0x0000, 0x0000, 0x0000, 0x0000, 0x0000, 0x0000,
    0x0000, 0x0000, 0x0000, 0x0000, 0x0000, 0x0000, 0x0000, 0x0000,
    0x0000, 0x0000, 0x0000, 0x0000, 0x0000, 0x0000, 0x0000, 0x0000,
    0x0000, 0x0000, 0x0000, 0x0000, 0x0000, 0x0000, 0x0000, 0x0000,
    0x0000, 0x0000, 0x0000, 0x0000, 0x0000, 0x0000, 0x0000, 0x0000,
    0x0000, 0x0000, 0x0000, 0x0000, 0x0000, 0x0000, 0x0000, 0x0000,
};

static const DecorPlace VIEW_CAVE_1_DECOR[] = {
    DP(SIGNPOST, 33, 3),
    DP(ROCK, 35, 3),
    DP(BARREL, 37, 3),
    DP(CRATE, 1, 7),
    DP(CRATE_STACK, 3, 7),
    DP(SACKS, 5, 7),
    DP(LANTERN_POST, 7, 7),
    DP(CAMPFIRE, 9, 7),
    DP(LOG, 11, 7),
    DP(BOULDER, 14, 7),
    DP(PEBBLES, 17, 7),
    DP(BRIDGE_H, 19, 7),
    DP(BRIDGE_V, 21, 7),
    DP(SIGN_ARROW, 23, 7),
    DP(CAVE_CRYSTAL, 25, 7),
    DP(AMETHYST, 27, 7),
    DP(CRYSTAL_PILLAR, 29, 7),
    DP(STALAGMITE, 31, 7),
    DP(GLOWCAP, 33, 7),
    DP(MINE_CART, 35, 7),
    DP(ORE_ROCKS, 37, 7),
    DP(MOONBEAM, 1, 10),
    DP(MOTH_DAIS, 3, 10),
    DP(RAILS_H, 6, 10),
    DP(RAILS_V, 8, 10),
    DP(ORE_CART, 10, 10),
    DP(ORE_PILE, 12, 10),
    DP(CAVE_FUNGAL_SHELF, 14, 10),
};

static const u16 VIEW_GRIM_1_CELLS[920] = {
    0x0000, 0x0000, 0x0000, 0x0000, 0x0001, 0x0001, 0x0001, 0x0001,
    0x0002, 0x0002, 0x0002, 0x0002, 0x0000, 0x0000, 0x0000, 0x0000,
    0x0001, 0x0001, 0x0001, 0x0001, 0x0002, 0x0002, 0x0002, 0x0002,
    0x0000, 0x0000, 0x0000, 0x0000, 0x0001, 0x0001, 0x0001, 0x0001,
    0x0002, 0x0002, 0x0002, 0x0002, 0x0000, 0x0000, 0x0000, 0x0000,
    0x0000, 0x0000, 0x0000, 0x0001, 0x0001, 0x0002, 0x0001, 0x0003,
    0x0002, 0x0004, 0x0002, 0x0005, 0x0000, 0x0006, 0x0000, 0x0007,
    0x0001, 0x0008, 0x0001, 0x0009, 0x0002, 0x000A, 0x0002, 0x000B,
    0x0000, 0x000C, 0x0000, 0x000D, 0x0001, 0x000E, 0x0001, 0x0015,
    0x0002, 0x0016, 0x0002, 0x0017, 0x0000, 0x0018, 0x0000, 0x0000,
    0x0000, 0x0000, 0x0000, 0x0000, 0x0001, 0x0001, 0x0001, 0x0001,
    0x0002, 0x0002, 0x0002, 0x0002, 0x0000, 0x0000, 0x0000, 0x0000,
    0x0001, 0x0001, 0x0001, 0x0001, 0x0002, 0x0002, 0x0002, 0x0002,
    0x0000, 0x0000, 0x0000, 0x0000, 0x0001, 0x0001, 0x0001, 0x0001,
    0x0002, 0x0002, 0x0002, 0x0002, 0x0000, 0x0000, 0x0000, 0x0000,
    0x0000, 0x0019, 0x0000, 0x001A, 0x0001, 0x001B, 0x0001, 0x001C,
    0x0002, 0x001D, 0x0002, 0x001E, 0x0000, 0x001F, 0x0000, 0x0020,
    0x0001, 0x000F, 0x0001, 0x000F, 0x0002, 0x000F, 0x0002, 0x0011,
    0x0000, 0x0011, 0x0000, 0x0011, 0x0001, 0x0013, 0x0001, 0x0013,
    0x0002, 0x0013, 0x0002, 0x0021, 0x0022, 0x0023, 0x0024, 0x0000,
    0x0001, 0x0001, 0x0001, 0x0001, 0x0002, 0x0002, 0x0002, 0x0002,
    0x0000, 0x0000, 0x0000, 0x0000, 0x0001, 0x0001, 0x0001, 0x0001,
    0x0002, 0x0010, 0x0002, 0x0010, 0x0000, 0x0010, 0x0000, 0x0012,
    0x0001, 0x0012, 0x0001, 0x0012, 0x0002, 0x0014, 0x0002, 0x0014,
    0x0000, 0x0014, 0x0000, 0x0025, 0x0026, 0x0027, 0x0028, 0x0001,
    0x0001, 0x0001, 0x0001, 0x0001, 0x0002, 0x0002, 0x0002, 0x0002,
    0x0000, 0x0000, 0x0000, 0x0000, 0x0001, 0x0001, 0x0001, 0x0001,
    0x0002, 0x0002, 0x0002, 0x0002, 0x0000, 0x0000, 0x0000, 0x0000,
    0x0001, 0x0001, 0x0001, 0x0001, 0x0002, 0x0002, 0x0002, 0x0002,
    0x0000, 0x0000, 0x0000, 0x0029, 0x002A, 0x002B, 0x002C, 0x0001,
    0x0001, 0x0001, 0x0001, 0x0001, 0x0002, 0x0002, 0x0002, 0x0002,
    0x0000, 0x0000, 0x0000, 0x0000, 0x0001, 0x0001, 0x0001, 0x0001,
    0x0002, 0x0002, 0x0002, 0x0002, 0x0000, 0x0000, 0x0000, 0x0000,
    0x0001, 0x0001, 0x0001, 0x0001, 0x0002, 0x0002, 0x0002, 0x0002,
    0x0000, 0x0000, 0x0000, 0x002D, 0x002E, 0x002F, 0x0030, 0x0001,
    0x0001, 0x0001, 0x0001, 0x0001, 0x0002, 0x0002, 0x0002, 0x0002,
    0x0000, 0x0000, 0x0000, 0x0000, 0x0001, 0x0001, 0x0001, 0x0001,
    0x0002, 0x0002, 0x0002, 0x0002, 0x0000, 0x0000, 0x0000, 0x0000,
    0x0001, 0x0001, 0x0001, 0x0001, 0x0002, 0x0002, 0x0002, 0x0002,
    0x0000, 0x0000, 0x0000, 0x0000, 0x0001, 0x0001, 0x0001, 0x0001,
    0x0002, 0x0031, 0x0032, 0x0033, 0x0034, 0x0000, 0x0041, 0x0042,
    0x0043, 0x0044, 0x0001, 0x0051, 0x0052, 0x0053, 0x0054, 0x0055,
    0x0000, 0x0065, 0x0066, 0x0067, 0x0068, 0x0069, 0x0001, 0x0079,
    0x007A, 0x007B, 0x007C, 0x007D, 0x0000, 0x0000, 0x0000, 0x0000,
    0x0001, 0x0001, 0xFFF1, 0xFFF1, 0xFFF1, 0xFFF1, 0x0002, 0x0002,
    0x0002, 0x0035, 0x0036, 0x0037, 0x0038, 0x0000, 0x0045, 0x0046,
    0x0047, 0x0048, 0x0001, 0x0056, 0x0057, 0x0058, 0x0059, 0x005A,
    0x0000, 0x006A, 0x006B, 0x006C, 0x006D, 0x006E, 0x0001, 0x007E,
    0x007F, 0x0080, 0x0081, 0x0082, 0x0000, 0xFFF0, 0xFFF0, 0xFFF0,
    0xFFF0, 0x0001, 0xFFF1, 0xFFF1, 0xFFF1, 0xFFF1, 0x0002, 0x0002,
    0x0002, 0x0039, 0x003A, 0x003B, 0x003C, 0x0000, 0x0049, 0x004A,
    0x004B, 0x004C, 0x0001, 0x005B, 0x005C, 0x005D, 0x005E, 0x005F,
    0x0000, 0x006F, 0x0070, 0x0071, 0x0072, 0x0073, 0x0001, 0x0083,
    0x0084, 0x0085, 0x0086, 0x0087, 0x0000, 0x0000, 0x0000, 0x0000,
    0x0001, 0x0001, 0xFFF1, 0xFFF1, 0xFFF1, 0xFFF1, 0x0002, 0x0002,
    0x0002, 0x003D, 0x003E, 0x003F, 0x0040, 0x0000, 0x004D, 0x004E,
    0x004F, 0x0050, 0x0001, 0x0060, 0x0061, 0x0062, 0x0063, 0x0064,
    0x0000, 0x0074, 0x0075, 0x0076, 0x0077, 0x0078, 0x0001, 0x0088,
    0x0089, 0x008A, 0x008B, 0x008C, 0x0000, 0x0000, 0x0000, 0x0000,
    0x0001, 0x0001, 0x0001, 0x0001, 0x0002, 0x0002, 0x0002, 0x0002,
    0x0000, 0x0000, 0x0000, 0x0000, 0x0001, 0x0001, 0x0001, 0x0001,
    0x0002, 0x0002, 0x0002, 0x0002, 0x0000, 0x0000, 0x0000, 0x0000,
    0x0001, 0x0001, 0x0001, 0x0001, 0x0002, 0x0002, 0x0002, 0x0002,
    0x0000, 0x0000, 0x0000, 0x0000, 0x0001, 0x0001, 0x0001, 0x0001,
    0x0002, 0x0002, 0x0002, 0x0002, 0x0000, 0x0000, 0x0000, 0x0000,
    0x0000, 0x0000, 0x0000, 0x0000, 0x0001, 0x0001, 0x0001, 0x0001,
    0x0002, 0x0002, 0x0002, 0x0002, 0x0000, 0x0000, 0x0000, 0x0000,
    0x0001, 0x0001, 0x0001, 0x0001, 0x0002, 0x0002, 0x0002, 0x0002,
    0x0000, 0x0000, 0x0000, 0x0000, 0x0001, 0x0001, 0x0001, 0x0001,
    0x0002, 0x0002, 0x0002, 0x0002, 0x0000, 0x0000, 0x0000, 0x0000,
    0x0000, 0x0000, 0x0000, 0x0000, 0x0001, 0x0001, 0x0001, 0x0001,
    0x0002, 0x0002, 0x0002, 0x0002, 0x0000, 0x0000, 0x0000, 0x0000,
    0x0001, 0x0001, 0x0001, 0x0001, 0x0002, 0x0002, 0x0002, 0x0002,
    0x0000, 0x0000, 0x0000, 0x0000, 0x0001, 0x0001, 0x0001, 0x0001,
    0x0002, 0x0002, 0x0002, 0x0002, 0x0000, 0x0000, 0x0000, 0x0000,
    0x0000, 0x0000, 0x0000, 0x0000, 0x0001, 0x0001, 0x0001, 0x0001,
    0x0002, 0x0002, 0x0002, 0x0002, 0x0000, 0x0000, 0x0000, 0x0000,
    0x0001, 0x0001, 0x0001, 0x0001, 0x0002, 0x0002, 0x0002, 0x0002,
    0x0000, 0x0000, 0x0000, 0x0000, 0x0001, 0x0001, 0x0001, 0x0001,
    0x0002, 0x0002, 0x0002, 0x0002, 0x0000, 0x0000, 0x0000, 0x0000,
    0x0001, 0x0001, 0x0001, 0x0001, 0x0002, 0x0002, 0x0002, 0x0002,
    0x0000, 0x0000, 0x0000, 0x0000, 0x0001, 0x0001, 0x0001, 0x0001,
    0x0002, 0x0002, 0x0002, 0x0002, 0x0000, 0x0000, 0x0000, 0x0000,
    0x0001, 0x0001, 0x0001, 0x0001, 0x0002, 0x0002, 0x0002, 0x0002,
    0x0000, 0x0000, 0x0000, 0x0000, 0x0001, 0x0001, 0x0001, 0x0001,
    0x0001, 0x0001, 0x0001, 0x0001, 0x0002, 0x0002, 0x0002, 0x0002,
    0x0000, 0x0000, 0x0000, 0x0000, 0x0001, 0x0001, 0x0001, 0x0001,
    0x0002, 0x0002, 0x0002, 0x0002, 0x0000, 0x0000, 0x0000, 0x0000,
    0x0001, 0x0001, 0x0001, 0x0001, 0x0002, 0x0002, 0x0002, 0x0002,
    0x0000, 0x0000, 0x0000, 0x0000, 0x0001, 0x0001, 0x0001, 0x0001,
    0x0001, 0x0001, 0x0001, 0x0001, 0x0002, 0x0002, 0x0002, 0x0002,
    0x0000, 0x0000, 0x0000, 0x0000, 0x0001, 0x0001, 0x0001, 0x0001,
    0x0002, 0x0002, 0x0002, 0x0002, 0x0000, 0x0000, 0x0000, 0x0000,
    0x0001, 0x0001, 0x0001, 0x0001, 0x0002, 0x0002, 0x0002, 0x0002,
    0x0000, 0x0000, 0x0000, 0x0000, 0x0001, 0x0001, 0x0001, 0x0001,
    0x0001, 0x0001, 0x0001, 0x0001, 0x0002, 0x0002, 0x0002, 0x0002,
    0x0000, 0x0000, 0x0000, 0x0000, 0x0001, 0x0001, 0x0001, 0x0001,
    0x0002, 0x0002, 0x0002, 0x0002, 0x0000, 0x0000, 0x0000, 0x0000,
    0x0001, 0x0001, 0x0001, 0x0001, 0x0002, 0x0002, 0x0002, 0x0002,
    0x0000, 0x0000, 0x0000, 0x0000, 0x0001, 0x0001, 0x0001, 0x0001,
    0x0002, 0x0002, 0x0002, 0x0002, 0x0000, 0x0000, 0x0000, 0x0000,
    0x0001, 0x0001, 0x0001, 0x0001, 0x0002, 0x0002, 0x0002, 0x0002,
    0x0000, 0x0000, 0x0000, 0x0000, 0x0001, 0x0001, 0x0001, 0x0001,
    0x0002, 0x0002, 0x0002, 0x0002, 0x0000, 0x0000, 0x0000, 0x0000,
    0x0001, 0x0001, 0x0001, 0x0001, 0x0002, 0x0002, 0x0002, 0x0002,
    0x0002, 0x0002, 0x0002, 0x0002, 0x0000, 0x0000, 0x0000, 0x0000,
    0x0001, 0x0001, 0x0001, 0x0001, 0x0002, 0x0002, 0x0002, 0x0002,
    0x0000, 0x0000, 0x0000, 0x0000, 0x0001, 0x0001, 0x0001, 0x0001,
    0x0002, 0x0002, 0x0002, 0x0002, 0x0000, 0x0000, 0x0000, 0x0000,
    0x0001, 0x0001, 0x0001, 0x0001, 0x0002, 0x0002, 0x0002, 0x0002,
    0x0002, 0x0002, 0x0002, 0x0002, 0x0000, 0x0000, 0x0000, 0x0000,
    0x0001, 0x0001, 0x0001, 0x0001, 0x0002, 0x0002, 0x0002, 0x0002,
    0x0000, 0x0000, 0x0000, 0x0000, 0x0001, 0x0001, 0x0001, 0x0001,
    0x0002, 0x0002, 0x0002, 0x0002, 0x0000, 0x0000, 0x0000, 0x0000,
    0x0001, 0x0001, 0x0001, 0x0001, 0x0002, 0x0002, 0x0002, 0x0002,
};

static const u16 VIEW_GRIM_1_GROUND[920] = {
    0x0000, 0x0000, 0x0000, 0x0000, 0x0000, 0x0000, 0x0000, 0x0000,
    0x0000, 0x0000, 0x0000, 0x0000, 0x0000, 0x0000, 0x0000, 0x0000,
    0x0000, 0x0000, 0x0000, 0x0000, 0x0000, 0x0000, 0x0000, 0x0000,
    0x0000, 0x0000, 0x0000, 0x0000, 0x0000, 0x0000, 0x0000, 0x0000,
    0x0000, 0x0000, 0x0000, 0x0000, 0x0000, 0x0000, 0x0000, 0x0000,
    0x0000, 0x0000, 0x0000, 0x0000, 0x0000, 0x0000, 0x0000, 0x0000,
    0x0000, 0x0000, 0x0000, 0x0000, 0x0000, 0x0000, 0x0000, 0x0000,
    0x0000, 0x0000, 0x0000, 0x0000, 0x0000, 0x0000, 0x0000, 0x0000,
    0x0000, 0x0000, 0x0000, 0x0000, 0x0000, 0x0000, 0x0000, 0x0000,
    0x0000, 0x0000, 0x0000, 0x0000, 0x0000, 0x0000, 0x0000, 0x0000,
    0x0000, 0x0000, 0x0000, 0x0000, 0x0000, 0x0000, 0x0000, 0x0000,
    0x0000, 0x0000, 0x0000, 0x0000, 0x0000, 0x0000, 0x0000, 0x0000,
    0x0000, 0x0000, 0x0000, 0x0000, 0x0000, 0x0000, 0x0000, 0x0000,
    0x0000, 0x0000, 0x0000, 0x0000, 0x0000, 0x0000, 0x0000, 0x0000,
    0x0000, 0x0000, 0x0000, 0x0000, 0x0000, 0x0000, 0x0000, 0x0000,
    0x0000, 0x0000, 0x0000, 0x0000, 0x0000, 0x0000, 0x0000, 0x0000,
    0x0000, 0x0000, 0x0000, 0x0000, 0x0000, 0x0000, 0x0000, 0x0000,
    0x0000, 0x0000, 0x0000, 0x0001, 0x0000, 0x0002, 0x0000, 0x0000,
    0x0000, 0x0001, 0x0000, 0x0002, 0x0000, 0x0000, 0x0000, 0x0001,
    0x0000, 0x0002, 0x0000, 0x0000, 0x0000, 0x0000, 0x0000, 0x0000,
    0x0000, 0x0000, 0x0000, 0x0000, 0x0000, 0x0000, 0x0000, 0x0000,
    0x0000, 0x0000, 0x0000, 0x0000, 0x0000, 0x0000, 0x0000, 0x0000,
    0x0000, 0x0000, 0x0000, 0x0001, 0x0000, 0x0002, 0x0000, 0x0000,
    0x0000, 0x0001, 0x0000, 0x0002, 0x0000, 0x0000, 0x0000, 0x0001,
    0x0000, 0x0002, 0x0000, 0x0000, 0x0000, 0x0000, 0x0000, 0x0000,
    0x0000, 0x0000, 0x0000, 0x0000, 0x0000, 0x0000, 0x0000, 0x0000,
    0x0000, 0x0000, 0x0000, 0x0000, 0x0000, 0x0000, 0x0000, 0x0000,
    0x0000, 0x0000, 0x0000, 0x0000, 0x0000, 0x0000, 0x0000, 0x0000,
    0x0000, 0x0000, 0x0000, 0x0000, 0x0000, 0x0000, 0x0000, 0x0000,
    0x0000, 0x0000, 0x0000, 0x0000, 0x0000, 0x0000, 0x0000, 0x0000,
    0x0000, 0x0000, 0x0000, 0x0000, 0x0000, 0x0000, 0x0000, 0x0000,
    0x0000, 0x0000, 0x0000, 0x0000, 0x0000, 0x0000, 0x0000, 0x0000,
    0x0000, 0x0000, 0x0000, 0x0000, 0x0000, 0x0000, 0x0000, 0x0000,
    0x0000, 0x0000, 0x0000, 0x0000, 0x0000, 0x0000, 0x0000, 0x0000,
    0x0000, 0x0000, 0x0000, 0x0000, 0x0000, 0x0000, 0x0000, 0x0000,
    0x0000, 0x0000, 0x0000, 0x0000, 0x0000, 0x0000, 0x0000, 0x0000,
    0x0000, 0x0000, 0x0000, 0x0000, 0x0000, 0x0000, 0x0000, 0x0000,
    0x0000, 0x0000, 0x0000, 0x0000, 0x0000, 0x0000, 0x0000, 0x0000,
    0x0000, 0x0000, 0x0000, 0x0000, 0x0000, 0x0000, 0x0000, 0x0000,
    0x0000, 0x0000, 0x0000, 0x0000, 0x0000, 0x0000, 0x0000, 0x0000,
    0x0000, 0x0000, 0x0000, 0x0000, 0x0000, 0x0000, 0x0000, 0x0000,
    0x0000, 0x0000, 0x0000, 0x0000, 0x0000, 0x0000, 0x0000, 0x0000,
    0x0000, 0x0000, 0x0000, 0x0000, 0x0000, 0x0000, 0x0000, 0x0000,
    0x0000, 0x0000, 0x0000, 0x0000, 0x0000, 0x0000, 0x0000, 0x0000,
    0x0000, 0x0000, 0x0000, 0x0000, 0x0000, 0x0000, 0x0000, 0x0000,
    0x0000, 0x0000, 0x0000, 0x0000, 0x0000, 0x0000, 0x0000, 0x0000,
    0x0000, 0x0000, 0x0000, 0x0000, 0x0000, 0x0000, 0x0000, 0x0000,
    0x0000, 0x0000, 0x0000, 0x0000, 0x0000, 0x0000, 0x0000, 0x0000,
    0x0000, 0x0000, 0x0000, 0x0000, 0x0000, 0x0000, 0x0000, 0x0000,
    0x0000, 0x0000, 0x0000, 0x0000, 0x0000, 0x0000, 0x0000, 0x0000,
    0x0000, 0x0000, 0x0000, 0x0000, 0x0000, 0x0000, 0x0000, 0x0000,
    0x0000, 0x0000, 0x0000, 0x0000, 0x0000, 0x0000, 0x0000, 0x0000,
    0x0000, 0x0000, 0x0000, 0x0000, 0x0000, 0x0000, 0x0000, 0x0000,
    0x0000, 0x0000, 0x0000, 0x0000, 0x0000, 0x0000, 0x0000, 0x0000,
    0x0000, 0x0000, 0x0000, 0x0000, 0x0000, 0x0000, 0x0000, 0x0000,
    0x0000, 0x0000, 0x0000, 0x0000, 0x0000, 0x0000, 0x0000, 0x0000,
    0x0000, 0x0000, 0x0000, 0x0000, 0x0000, 0x0000, 0x0000, 0x0000,
    0x0000, 0x0000, 0x0000, 0x0000, 0x0000, 0x0000, 0x0000, 0x0000,
    0x0000, 0x0000, 0x0000, 0x0000, 0x0000, 0x0000, 0x0000, 0x0000,
    0x0000, 0x0000, 0x0000, 0x0000, 0x0000, 0x0000, 0x0000, 0x0000,
    0x0000, 0x0000, 0x0000, 0x0000, 0x0000, 0x0000, 0x0000, 0x0000,
    0x0000, 0x0000, 0x0000, 0x0000, 0x0000, 0x0000, 0x0000, 0x0000,
    0x0000, 0x0000, 0x0000, 0x0000, 0x0000, 0x0000, 0x0000, 0x0000,
    0x0000, 0x0000, 0x0000, 0x0000, 0x0000, 0x0000, 0x0000, 0x0000,
    0x0000, 0x0000, 0x0000, 0x0000, 0x0000, 0x0000, 0x0000, 0x0000,
    0x0000, 0x0000, 0x0000, 0x0000, 0x0000, 0x0000, 0x0000, 0x0000,
    0x0000, 0x0000, 0x0000, 0x0000, 0x0000, 0x0000, 0x0000, 0x0000,
    0x0000, 0x0000, 0x0000, 0x0000, 0x0000, 0x0000, 0x0000, 0x0000,
    0x0000, 0x0000, 0x0000, 0x0000, 0x0000, 0x0000, 0x0000, 0x0000,
    0x0000, 0x0000, 0x0000, 0x0000, 0x0000, 0x0000, 0x0000, 0x0000,
    0x0000, 0x0000, 0x0000, 0x0000, 0x0000, 0x0000, 0x0000, 0x0000,
    0x0000, 0x0000, 0x0000, 0x0000, 0x0000, 0x0000, 0x0000, 0x0000,
    0x0000, 0x0000, 0x0000, 0x0000, 0x0000, 0x0000, 0x0000, 0x0000,
    0x0000, 0x0000, 0x0000, 0x0000, 0x0000, 0x0000, 0x0000, 0x0000,
    0x0000, 0x0000, 0x0000, 0x0000, 0x0000, 0x0000, 0x0000, 0x0000,
    0x0000, 0x0000, 0x0000, 0x0000, 0x0000, 0x0000, 0x0000, 0x0000,
    0x0000, 0x0000, 0x0000, 0x0000, 0x0000, 0x0000, 0x0000, 0x0000,
    0x0000, 0x0000, 0x0000, 0x0000, 0x0000, 0x0000, 0x0000, 0x0000,
    0x0000, 0x0000, 0x0000, 0x0000, 0x0000, 0x0000, 0x0000, 0x0000,
    0x0000, 0x0000, 0x0000, 0x0000, 0x0000, 0x0000, 0x0000, 0x0000,
    0x0000, 0x0000, 0x0000, 0x0000, 0x0000, 0x0000, 0x0000, 0x0000,
    0x0000, 0x0000, 0x0000, 0x0000, 0x0000, 0x0000, 0x0000, 0x0000,
    0x0000, 0x0000, 0x0000, 0x0000, 0x0000, 0x0000, 0x0000, 0x0000,
    0x0000, 0x0000, 0x0000, 0x0000, 0x0000, 0x0000, 0x0000, 0x0000,
    0x0000, 0x0000, 0x0000, 0x0000, 0x0000, 0x0000, 0x0000, 0x0000,
    0x0000, 0x0000, 0x0000, 0x0000, 0x0000, 0x0000, 0x0000, 0x0000,
    0x0000, 0x0000, 0x0000, 0x0000, 0x0000, 0x0000, 0x0000, 0x0000,
    0x0000, 0x0000, 0x0000, 0x0000, 0x0000, 0x0000, 0x0000, 0x0000,
    0x0000, 0x0000, 0x0000, 0x0000, 0x0000, 0x0000, 0x0000, 0x0000,
    0x0000, 0x0000, 0x0000, 0x0000, 0x0000, 0x0000, 0x0000, 0x0000,
    0x0000, 0x0000, 0x0000, 0x0000, 0x0000, 0x0000, 0x0000, 0x0000,
    0x0000, 0x0000, 0x0000, 0x0000, 0x0000, 0x0000, 0x0000, 0x0000,
    0x0000, 0x0000, 0x0000, 0x0000, 0x0000, 0x0000, 0x0000, 0x0000,
    0x0000, 0x0000, 0x0000, 0x0000, 0x0000, 0x0000, 0x0000, 0x0000,
    0x0000, 0x0000, 0x0000, 0x0000, 0x0000, 0x0000, 0x0000, 0x0000,
    0x0000, 0x0000, 0x0000, 0x0000, 0x0000, 0x0000, 0x0000, 0x0000,
    0x0000, 0x0000, 0x0000, 0x0000, 0x0000, 0x0000, 0x0000, 0x0000,
    0x0000, 0x0000, 0x0000, 0x0000, 0x0000, 0x0000, 0x0000, 0x0000,
    0x0000, 0x0000, 0x0000, 0x0000, 0x0000, 0x0000, 0x0000, 0x0000,
    0x0000, 0x0000, 0x0000, 0x0000, 0x0000, 0x0000, 0x0000, 0x0000,
    0x0000, 0x0000, 0x0000, 0x0000, 0x0000, 0x0000, 0x0000, 0x0000,
    0x0000, 0x0000, 0x0000, 0x0000, 0x0000, 0x0000, 0x0000, 0x0000,
    0x0000, 0x0000, 0x0000, 0x0000, 0x0000, 0x0000, 0x0000, 0x0000,
    0x0000, 0x0000, 0x0000, 0x0000, 0x0000, 0x0000, 0x0000, 0x0000,
    0x0000, 0x0000, 0x0000, 0x0000, 0x0000, 0x0000, 0x0000, 0x0000,
    0x0000, 0x0000, 0x0000, 0x0000, 0x0000, 0x0000, 0x0000, 0x0000,
    0x0000, 0x0000, 0x0000, 0x0000, 0x0000, 0x0000, 0x0000, 0x0000,
    0x0000, 0x0000, 0x0000, 0x0000, 0x0000, 0x0000, 0x0000, 0x0000,
    0x0000, 0x0000, 0x0000, 0x0000, 0x0000, 0x0000, 0x0000, 0x0000,
    0x0000, 0x0000, 0x0000, 0x0000, 0x0000, 0x0000, 0x0000, 0x0000,
    0x0000, 0x0000, 0x0000, 0x0000, 0x0000, 0x0000, 0x0000, 0x0000,
    0x0000, 0x0000, 0x0000, 0x0000, 0x0000, 0x0000, 0x0000, 0x0000,
    0x0000, 0x0000, 0x0000, 0x0000, 0x0000, 0x0000, 0x0000, 0x0000,
    0x0000, 0x0000, 0x0000, 0x0000, 0x0000, 0x0000, 0x0000, 0x0000,
    0x0000, 0x0000, 0x0000, 0x0000, 0x0000, 0x0000, 0x0000, 0x0000,
};

static const DecorPlace VIEW_GRIM_1_DECOR[] = {
    DP(GR_SIGN, 1, 13),
    DP(GR_GRAVE, 3, 13),
    DP(GR_CROSS, 5, 13),
    DP(GR_FENCE, 7, 13),
    DP(GR_BONES, 9, 13),
    DP(GR_SHRUB, 11, 13),
    DP(GR_STUMP, 13, 13),
    DP(GR_CART, 15, 13),
    DP(GR_LANTERN, 18, 13),
    DP(GR_WISP, 20, 13),
    DP(GR_BELL, 22, 13),
    DP(GR_MOORING, 24, 13),
    DP(GR_PUMPKIN, 26, 13),
    DP(GR_MEMORIAL, 28, 13),
};

static const u16 VIEW_CRYPT_1_CELLS[560] = {
    0x0006, 0x0006, 0x0006, 0x0006, 0x0007, 0x0007, 0x0007, 0x0007,
    0x0006, 0x0006, 0x0006, 0x0006, 0x0007, 0x0007, 0x0007, 0x0007,
    0x0006, 0x0006, 0x0006, 0x0006, 0x0007, 0x0007, 0x0007, 0x0007,
    0x0006, 0x0006, 0x0006, 0x0006, 0x0007, 0x0007, 0x0007, 0x0007,
    0x0006, 0x0006, 0x0006, 0x0006, 0x0007, 0x0007, 0x0007, 0x0007,
    0x0006, 0x0000, 0x0006, 0x0001, 0x0007, 0x0002, 0x0007, 0x0003,
    0x0006, 0x0004, 0x0006, 0x0005, 0x0007, 0x0006, 0x0007, 0x0007,
    0x0006, 0x0008, 0x0006, 0x0009, 0x0007, 0x000A, 0x0007, 0x000B,
    0x0006, 0x000C, 0x0006, 0x000D, 0x0007, 0x000E, 0x0007, 0x000F,
    0x0006, 0x0010, 0x0006, 0x0011, 0x0007, 0x0012, 0x0007, 0x0007,
    0x0006, 0x0006, 0x0006, 0x0006, 0x0007, 0x0007, 0x0007, 0x0007,
    0x0006, 0x0006, 0x0006, 0x0006, 0x0007, 0x0007, 0x0007, 0x0007,
    0x0006, 0x0006, 0x0006, 0x0006, 0x0007, 0x0007, 0x0007, 0x0007,
    0x0006, 0x0006, 0x0006, 0x0006, 0x0007, 0x0007, 0x0007, 0x0007,
    0x0006, 0x0006, 0x0006, 0x0006, 0x0007, 0x0007, 0x0007, 0x0007,
    0x0006, 0x0006, 0x0006, 0x0006, 0x0007, 0x0007, 0x0007, 0x0007,
    0x0006, 0x0006, 0x0006, 0x0006, 0x0007, 0x0007, 0x0007, 0x0007,
    0x0006, 0x0006, 0x0006, 0x0006, 0x0007, 0x0007, 0x0007, 0x0007,
    0x0006, 0x0006, 0x0006, 0x0006, 0x0007, 0x0007, 0x0007, 0x0007,
    0x0006, 0x0006, 0x0006, 0x0006, 0x0007, 0x0007, 0x0007, 0x0007,
    0x0007, 0x0007, 0x0007, 0x0007, 0x0006, 0x0006, 0x0006, 0x0006,
    0x0007, 0x0007, 0x0007, 0x0007, 0x0006, 0x0006, 0x0006, 0x0006,
    0x0007, 0x0007, 0x0007, 0x0007, 0x0006, 0x0006, 0x0006, 0x0006,
    0x0007, 0x0007, 0x0007, 0x0007, 0x0006, 0x0006, 0x0006, 0x0006,
    0x0007, 0x0007, 0x0007, 0x0007, 0x0006, 0x0006, 0x0006, 0x0006,
    0x0007, 0x0007, 0x0007, 0x0007, 0x0006, 0x0006, 0x0006, 0x0006,
    0x0007, 0x0007, 0x0007, 0x0007, 0x0006, 0x0006, 0x0006, 0x0006,
    0x0007, 0x0007, 0x0007, 0x0007, 0x0006, 0x0006, 0x0006, 0x0006,
    0x0007, 0x0007, 0x0007, 0x0007, 0x0006, 0x0006, 0x0006, 0x0006,
    0x0007, 0x0007, 0x0007, 0x0007, 0x0006, 0x0006, 0x0006, 0x0006,
    0x0007, 0x0007, 0x0007, 0x0007, 0x0006, 0x0006, 0x0006, 0x0006,
    0x0007, 0x0007, 0x0007, 0x0007, 0x0006, 0x0006, 0x0006, 0x0006,
    0x0007, 0x0007, 0x0007, 0x0007, 0x0006, 0x0006, 0x0006, 0x0006,
    0x0007, 0x0007, 0x0007, 0x0007, 0x0006, 0x0006, 0x0006, 0x0006,
    0x0007, 0x0007, 0x0007, 0x0007, 0x0006, 0x0006, 0x0006, 0x0006,
    0x0007, 0x0007, 0x0007, 0x0007, 0x0006, 0x0006, 0x0006, 0x0006,
    0x0007, 0x0007, 0x0007, 0x0007, 0x0006, 0x0006, 0x0006, 0x0006,
    0x0007, 0x0007, 0x0007, 0x0007, 0x0006, 0x0006, 0x0006, 0x0006,
    0x0007, 0x0007, 0x0007, 0x0007, 0x0006, 0x0006, 0x0006, 0x0006,
    0x0007, 0x0007, 0x0007, 0x0007, 0x0006, 0x0006, 0x0006, 0x0006,
    0x0006, 0x0006, 0x0006, 0x0006, 0x0007, 0x0007, 0x0007, 0x0007,
    0x0006, 0x0006, 0x0006, 0x0006, 0x0007, 0x0007, 0x0007, 0x0007,
    0x0006, 0x0006, 0x0006, 0x0006, 0x0007, 0x0007, 0x0007, 0x0007,
    0x0006, 0x0006, 0x0006, 0x0006, 0x0007, 0x0007, 0x0007, 0x0007,
    0x0006, 0x0006, 0x0006, 0x0006, 0x0007, 0x0007, 0x0007, 0x0007,
    0x0006, 0x0006, 0x0006, 0x0006, 0x0007, 0x0007, 0x0007, 0x0007,
    0x0006, 0x0006, 0x0006, 0x0006, 0x0007, 0x0007, 0x0007, 0x0007,
    0x0006, 0x0006, 0x0006, 0x0006, 0x0007, 0x0007, 0x0007, 0x0007,
    0x0006, 0x0006, 0x0006, 0x0006, 0x0007, 0x0007, 0x0007, 0x0007,
    0x0006, 0x0006, 0x0006, 0x0006, 0x0007, 0x0007, 0x0007, 0x0007,
    0x0006, 0x0006, 0x0006, 0x0006, 0x0007, 0x0007, 0x0007, 0x0007,
    0x0006, 0x0006, 0x0006, 0x0006, 0x0007, 0x0007, 0x0007, 0x0007,
    0x0006, 0x0006, 0x0006, 0x0006, 0x0007, 0x0007, 0x0007, 0x0007,
    0x0006, 0x0006, 0x0006, 0x0006, 0x0007, 0x0007, 0x0007, 0x0007,
    0x0006, 0x0006, 0x0006, 0x0006, 0x0007, 0x0007, 0x0007, 0x0007,
    0x0006, 0x0006, 0x0006, 0x0006, 0x0007, 0x0007, 0x0007, 0x0007,
    0x0006, 0x0006, 0x0006, 0x0006, 0x0007, 0x0007, 0x0007, 0x0007,
    0x0006, 0x0006, 0x0006, 0x0006, 0x0007, 0x0007, 0x0007, 0x0007,
    0x0006, 0x0006, 0x0006, 0x0006, 0x0007, 0x0007, 0x0007, 0x0007,
    0x0006, 0x0006, 0x0006, 0x0006, 0x0007, 0x0007, 0x0007, 0x0007,
    0x0007, 0x0007, 0x0007, 0x0007, 0x0006, 0x0006, 0x0006, 0x0006,
    0x0007, 0x0007, 0x0007, 0x0007, 0x0006, 0x0006, 0x0006, 0x0006,
    0x0007, 0x0007, 0x0007, 0x0007, 0x0006, 0x0006, 0x0006, 0x0006,
    0x0007, 0x0007, 0x0007, 0x0007, 0x0006, 0x0006, 0x0006, 0x0006,
    0x0007, 0x0007, 0x0007, 0x0007, 0x0006, 0x0006, 0x0006, 0x0006,
    0x0007, 0x0007, 0x0007, 0x0007, 0x0006, 0x0006, 0x0006, 0x0006,
    0x0007, 0x0007, 0x0007, 0x0007, 0x0006, 0x0006, 0x0006, 0x0006,
    0x0007, 0x0007, 0x0007, 0x0007, 0x0006, 0x0006, 0x0006, 0x0006,
    0x0007, 0x0007, 0x0007, 0x0007, 0x0006, 0x0006, 0x0006, 0x0006,
    0x0007, 0x0007, 0x0007, 0x0007, 0x0006, 0x0006, 0x0006, 0x0006,
};

static const u16 VIEW_CRYPT_1_GROUND[560] = {
    0x0000, 0x0000, 0x0000, 0x0000, 0x0000, 0x0000, 0x0000, 0x0000,
    0x0000, 0x0000, 0x0000, 0x0000, 0x0000, 0x0000, 0x0000, 0x0000,
    0x0000, 0x0000, 0x0000, 0x0000, 0x0000, 0x0000, 0x0000, 0x0000,
    0x0000, 0x0000, 0x0000, 0x0000, 0x0000, 0x0000, 0x0000, 0x0000,
    0x0000, 0x0000, 0x0000, 0x0000, 0x0000, 0x0000, 0x0000, 0x0000,
    0x0000, 0x0000, 0x0000, 0x0000, 0x0000, 0x0000, 0x0000, 0x0000,
    0x0000, 0x0000, 0x0000, 0x0000, 0x0000, 0x0000, 0x0000, 0x0000,
    0x0000, 0x0000, 0x0000, 0x0000, 0x0000, 0x0000, 0x0000, 0x0000,
    0x0000, 0x0000, 0x0000, 0x0000, 0x0000, 0x0000, 0x0000, 0x0000,
    0x0000, 0x0000, 0x0000, 0x0000, 0x0000, 0x0000, 0x0000, 0x0000,
    0x0000, 0x0000, 0x0000, 0x0000, 0x0000, 0x0000, 0x0000, 0x0000,
    0x0000, 0x0000, 0x0000, 0x0000, 0x0000, 0x0000, 0x0000, 0x0000,
    0x0000, 0x0000, 0x0000, 0x0000, 0x0000, 0x0000, 0x0000, 0x0000,
    0x0000, 0x0000, 0x0000, 0x0000, 0x0000, 0x0000, 0x0000, 0x0000,
    0x0000, 0x0000, 0x0000, 0x0000, 0x0000, 0x0000, 0x0000, 0x0000,
    0x0000, 0x0000, 0x0000, 0x0000, 0x0000, 0x0000, 0x0000, 0x0000,
    0x0000, 0x0000, 0x0000, 0x0000, 0x0000, 0x0000, 0x0000, 0x0000,
    0x0000, 0x0000, 0x0000, 0x0000, 0x0000, 0x0000, 0x0000, 0x0000,
    0x0000, 0x0000, 0x0000, 0x0000, 0x0000, 0x0000, 0x0000, 0x0000,
    0x0000, 0x0000, 0x0000, 0x0000, 0x0000, 0x0000, 0x0000, 0x0000,
    0x0000, 0x0000, 0x0000, 0x0000, 0x0000, 0x0000, 0x0000, 0x0000,
    0x0000, 0x0000, 0x0000, 0x0000, 0x0000, 0x0000, 0x0000, 0x0000,
    0x0000, 0x0000, 0x0000, 0x0000, 0x0000, 0x0000, 0x0000, 0x0000,
    0x0000, 0x0000, 0x0000, 0x0000, 0x0000, 0x0000, 0x0000, 0x0000,
    0x0000, 0x0000, 0x0000, 0x0000, 0x0000, 0x0000, 0x0000, 0x0000,
    0x0000, 0x0000, 0x0000, 0x0000, 0x0000, 0x0000, 0x0000, 0x0000,
    0x0000, 0x0000, 0x0000, 0x0000, 0x0000, 0x0000, 0x0000, 0x0000,
    0x0000, 0x0000, 0x0000, 0x0000, 0x0000, 0x0000, 0x0000, 0x0000,
    0x0000, 0x0000, 0x0000, 0x0000, 0x0000, 0x0000, 0x0000, 0x0000,
    0x0000, 0x0000, 0x0000, 0x0000, 0x0000, 0x0000, 0x0000, 0x0000,
    0x0000, 0x0000, 0x0000, 0x0000, 0x0000, 0x0000, 0x0000, 0x0000,
    0x0000, 0x0000, 0x0000, 0x0000, 0x0000, 0x0000, 0x0000, 0x0000,
    0x0000, 0x0000, 0x0000, 0x0000, 0x0000, 0x0000, 0x0000, 0x0000,
    0x0000, 0x0000, 0x0000, 0x0000, 0x0000, 0x0000, 0x0000, 0x0000,
    0x0000, 0x0000, 0x0000, 0x0000, 0x0000, 0x0000, 0x0000, 0x0000,
    0x0000, 0x0000, 0x0000, 0x0000, 0x0000, 0x0000, 0x0000, 0x0000,
    0x0000, 0x0000, 0x0000, 0x0000, 0x0000, 0x0000, 0x0000, 0x0000,
    0x0000, 0x0000, 0x0000, 0x0000, 0x0000, 0x0000, 0x0000, 0x0000,
    0x0000, 0x0000, 0x0000, 0x0000, 0x0000, 0x0000, 0x0000, 0x0000,
    0x0000, 0x0000, 0x0000, 0x0000, 0x0000, 0x0000, 0x0000, 0x0000,
    0x0000, 0x0000, 0x0000, 0x0000, 0x0000, 0x0000, 0x0000, 0x0000,
    0x0000, 0x0000, 0x0000, 0x0000, 0x0000, 0x0000, 0x0000, 0x0000,
    0x0000, 0x0000, 0x0000, 0x0000, 0x0000, 0x0000, 0x0000, 0x0000,
    0x0000, 0x0000, 0x0000, 0x0000, 0x0000, 0x0000, 0x0000, 0x0000,
    0x0000, 0x0000, 0x0000, 0x0000, 0x0000, 0x0000, 0x0000, 0x0000,
    0x0000, 0x0000, 0x0000, 0x0000, 0x0000, 0x0000, 0x0000, 0x0000,
    0x0000, 0x0000, 0x0000, 0x0000, 0x0000, 0x0000, 0x0000, 0x0000,
    0x0000, 0x0000, 0x0000, 0x0000, 0x0000, 0x0000, 0x0000, 0x0000,
    0x0000, 0x0000, 0x0000, 0x0000, 0x0000, 0x0000, 0x0000, 0x0000,
    0x0000, 0x0000, 0x0000, 0x0000, 0x0000, 0x0000, 0x0000, 0x0000,
    0x0000, 0x0000, 0x0000, 0x0000, 0x0000, 0x0000, 0x0000, 0x0000,
    0x0000, 0x0000, 0x0000, 0x0000, 0x0000, 0x0000, 0x0000, 0x0000,
    0x0000, 0x0000, 0x0000, 0x0000, 0x0000, 0x0000, 0x0000, 0x0000,
    0x0000, 0x0000, 0x0000, 0x0000, 0x0000, 0x0000, 0x0000, 0x0000,
    0x0000, 0x0000, 0x0000, 0x0000, 0x0000, 0x0000, 0x0000, 0x0000,
    0x0000, 0x0000, 0x0000, 0x0000, 0x0000, 0x0000, 0x0000, 0x0000,
    0x0000, 0x0000, 0x0000, 0x0000, 0x0000, 0x0000, 0x0000, 0x0000,
    0x0000, 0x0000, 0x0000, 0x0000, 0x0000, 0x0000, 0x0000, 0x0000,
    0x0000, 0x0000, 0x0000, 0x0000, 0x0000, 0x0000, 0x0000, 0x0000,
    0x0000, 0x0000, 0x0000, 0x0000, 0x0000, 0x0000, 0x0000, 0x0000,
    0x0000, 0x0000, 0x0000, 0x0000, 0x0000, 0x0000, 0x0000, 0x0000,
    0x0000, 0x0000, 0x0000, 0x0000, 0x0000, 0x0000, 0x0000, 0x0000,
    0x0000, 0x0000, 0x0000, 0x0000, 0x0000, 0x0000, 0x0000, 0x0000,
    0x0000, 0x0000, 0x0000, 0x0000, 0x0000, 0x0000, 0x0000, 0x0000,
    0x0000, 0x0000, 0x0000, 0x0000, 0x0000, 0x0000, 0x0000, 0x0000,
    0x0000, 0x0000, 0x0000, 0x0000, 0x0000, 0x0000, 0x0000, 0x0000,
    0x0000, 0x0000, 0x0000, 0x0000, 0x0000, 0x0000, 0x0000, 0x0000,
    0x0000, 0x0000, 0x0000, 0x0000, 0x0000, 0x0000, 0x0000, 0x0000,
    0x0000, 0x0000, 0x0000, 0x0000, 0x0000, 0x0000, 0x0000, 0x0000,
    0x0000, 0x0000, 0x0000, 0x0000, 0x0000, 0x0000, 0x0000, 0x0000,
};

static const DecorPlace VIEW_CRYPT_1_DECOR[] = {
    DP(CR_SKULLS, 1, 3),
    DP(CR_CANDLES, 3, 3),
    DP(CR_SARCOPHAGUS, 5, 3),
    DP(CR_COFFIN, 7, 3),
    DP(CR_BRAZIER, 9, 3),
    DP(CR_URN, 11, 3),
    DP(CR_STATUE, 13, 3),
    DP(CR_BANNER, 15, 3),
    DP(CR_CHAINS, 17, 3),
    DP(CR_THRONE, 19, 3),
    DP(CR_PEDESTAL, 23, 3),
    DP(CR_PLAQUE, 25, 3),
};

static const u16 VIEW_VOLCANIC_1_CELLS[1200] = {
    0x0000, 0x0000, 0x0000, 0x0000, 0x0001, 0x0001, 0x0001, 0x0001,
    0x0002, 0x0002, 0x0002, 0x0002, 0x0000, 0x0000, 0x0000, 0x0000,
    0x0001, 0x0001, 0x0001, 0x0001, 0x0002, 0x0002, 0x0002, 0x0002,
    0x0000, 0x0000, 0x0000, 0x0000, 0x0001, 0x0001, 0x0001, 0x0001,
    0x0002, 0x0002, 0x0002, 0x0002, 0x0000, 0x0000, 0x0000, 0x0000,
    0x0000, 0x0000, 0x0000, 0x0001, 0x0001, 0x0002, 0x0001, 0x0003,
    0x0002, 0x0004, 0x0002, 0x0005, 0x0000, 0x0006, 0x0000, 0x0007,
    0x0001, 0x0008, 0x0001, 0x0009, 0x0002, 0x000A, 0x0002, 0x000B,
    0x0000, 0x000C, 0x0000, 0x000D, 0x0001, 0x000E, 0x0001, 0x0013,
    0x0002, 0x0014, 0x0002, 0x0015, 0x0000, 0x0016, 0x0000, 0x0000,
    0x0000, 0x0000, 0x0000, 0x0000, 0x0001, 0x0001, 0x0001, 0x0001,
    0x0002, 0x0002, 0x0002, 0x0002, 0x0000, 0x0000, 0x0000, 0x0000,
    0x0001, 0x0001, 0x0001, 0x0001, 0x0002, 0x0002, 0x0002, 0x0002,
    0x0000, 0x0000, 0x0000, 0x0000, 0x0001, 0x0001, 0x0001, 0x0001,
    0x0002, 0x0002, 0x0002, 0x0002, 0x0000, 0x0000, 0x0000, 0x0000,
    0x0000, 0x0017, 0x0000, 0x0018, 0x0001, 0x0019, 0x0001, 0x001A,
    0x0002, 0x001B, 0x0002, 0x001C, 0x0000, 0x001D, 0x0000, 0x001E,
    0x0001, 0x001F, 0x0001, 0x0020, 0x0002, 0x0021, 0x0002, 0x0022,
    0x0000, 0x0023, 0x0000, 0x0024, 0x0001, 0x0025, 0x0001, 0x0026,
    0x0002, 0x0027, 0x0002, 0x0028, 0x0000, 0x0029, 0x0000, 0x0000,
    0x0001, 0x0001, 0x0001, 0x0001, 0x0002, 0x0002, 0x0002, 0x0002,
    0x0000, 0x0000, 0x0000, 0x0000, 0x0001, 0x0001, 0x0001, 0x0001,
    0x0002, 0x0002, 0x0002, 0x0002, 0x0000, 0x0000, 0x0000, 0x0000,
    0x0001, 0x0001, 0x0001, 0x0001, 0x0002, 0x0002, 0x0002, 0x0002,
    0x0000, 0x0000, 0x0000, 0x0000, 0x0001, 0x0001, 0x0001, 0x0001,
    0x0001, 0x002A, 0x0001, 0x002B, 0x0002, 0x002C, 0x0002, 0x002D,
    0x0000, 0x002E, 0x0000, 0x002F, 0x0001, 0x0030, 0x0001, 0x0031,
    0x0002, 0x0032, 0x0002, 0x0033, 0x0000, 0x000F, 0x0000, 0x000F,
    0x0001, 0x000F, 0x0001, 0x0011, 0x0002, 0x0011, 0x0002, 0x0011,
    0x0000, 0x0034, 0x0035, 0x0036, 0x0037, 0x0038, 0x0001, 0x0001,
    0x0001, 0x0001, 0x0001, 0x0001, 0x0002, 0x0002, 0x0002, 0x0002,
    0x0000, 0x0000, 0x0000, 0x0000, 0x0001, 0x0001, 0x0001, 0x0001,
    0x0002, 0x0002, 0x0002, 0x0002, 0x0000, 0x0010, 0x0000, 0x0010,
    0x0001, 0x0010, 0x0001, 0x0012, 0x0002, 0x0012, 0x0002, 0x0012,
    0x0000, 0x0039, 0x003A, 0x003B, 0x003C, 0x003D, 0x0001, 0x0001,
    0x0001, 0x0001, 0x0001, 0x0001, 0x0002, 0x0002, 0x0002, 0x0002,
    0x0000, 0x0000, 0x0000, 0x0000, 0x0001, 0x0001, 0x0001, 0x0001,
    0x0002, 0x0002, 0x0002, 0x0002, 0x0000, 0x0000, 0x0000, 0x0000,
    0x0001, 0x0001, 0x0001, 0x0001, 0x0002, 0x0002, 0x0002, 0x0002,
    0x0000, 0x003E, 0x003F, 0x0040, 0x0041, 0x0042, 0x0001, 0x0001,
    0x0002, 0x0002, 0x0002, 0x0002, 0x0000, 0x0000, 0x0000, 0x0000,
    0x0001, 0x0001, 0x0001, 0x0001, 0x0002, 0x0002, 0x0002, 0x0002,
    0x0000, 0x0000, 0x0000, 0x0000, 0x0001, 0x0001, 0x0001, 0x0001,
    0x0002, 0x0002, 0x0002, 0x0002, 0x0000, 0x0000, 0x0000, 0x0000,
    0x0001, 0x0043, 0x0044, 0x0045, 0x0046, 0x0047, 0x0002, 0x0002,
    0x0002, 0x0002, 0x0002, 0x0002, 0x0000, 0x0000, 0x0000, 0x0000,
    0x0001, 0x0001, 0x0001, 0x0001, 0x0002, 0x0002, 0x0002, 0x0002,
    0x0000, 0x0000, 0x0000, 0x0000, 0x0001, 0x0001, 0x0001, 0x0001,
    0x0002, 0x0002, 0x0002, 0x0002, 0x0000, 0x0000, 0x0000, 0x0000,
    0x0001, 0x0001, 0x0001, 0x0001, 0x0002, 0x0002, 0x0002, 0x0002,
    0x0002, 0x0048, 0x0049, 0x004A, 0x004B, 0x004C, 0x0000, 0x005C,
    0x005D, 0x005E, 0x005F, 0x0060, 0x0002, 0x0070, 0x0071, 0x0072,
    0x0073, 0x0074, 0x0000, 0x0084, 0x0085, 0x0086, 0x0087, 0x0088,
    0x0002, 0x0098, 0x0099, 0x009A, 0x009B, 0x009C, 0x009D, 0x009E,
    0x0001, 0x00BB, 0x00BC, 0x00BD, 0x0002, 0x0002, 0x0002, 0x0002,
    0x0002, 0x004D, 0x004E, 0x004F, 0x0050, 0x0051, 0x0000, 0x0061,
    0x0062, 0x0063, 0x0064, 0x0065, 0x0002, 0x0075, 0x0076, 0x0077,
    0x0078, 0x0079, 0x0000, 0x0089, 0x008A, 0x008B, 0x008C, 0x008D,
    0x0002, 0x009F, 0x00A0, 0x00A1, 0x00A2, 0x00A3, 0x00A4, 0x00A5,
    0x0001, 0x00BE, 0x00BF, 0x00C0, 0x0002, 0x0002, 0x0002, 0x0002,
    0x0000, 0x0052, 0x0053, 0x0054, 0x0055, 0x0056, 0x0001, 0x0066,
    0x0067, 0x0068, 0x0069, 0x006A, 0x0000, 0x007A, 0x007B, 0x007C,
    0x007D, 0x007E, 0x0001, 0x008E, 0x008F, 0x0090, 0x0091, 0x0092,
    0x0000, 0x00A6, 0x00A7, 0x00A8, 0x00A9, 0x00AA, 0x00AB, 0x00AC,
    0x0002, 0x0002, 0x0002, 0x0002, 0x0000, 0x0000, 0x0000, 0x0000,
    0x0000, 0x0057, 0x0058, 0x0059, 0x005A, 0x005B, 0x0001, 0x006B,
    0x006C, 0x006D, 0x006E, 0x006F, 0x0000, 0x007F, 0x0080, 0x0081,
    0x0082, 0x0083, 0x0001, 0x0093, 0x0094, 0x0095, 0x0096, 0x0097,
    0x0000, 0x00AD, 0x00AE, 0x00AF, 0x00B0, 0x00B1, 0x00B2, 0x00B3,
    0x0002, 0x0002, 0x0002, 0x0002, 0x0000, 0x0000, 0x0000, 0x0000,
    0x0000, 0x0000, 0x0000, 0x0000, 0x0001, 0x0001, 0x0001, 0x0001,
    0x0002, 0x0002, 0x0002, 0x0002, 0x0000, 0x0000, 0x0000, 0x0000,
    0x0001, 0x0001, 0x0001, 0x0001, 0x0002, 0x0002, 0x0002, 0x0002,
    0x0000, 0x00B4, 0x00B5, 0x00B6, 0x00B7, 0x00B8, 0x00B9, 0x00BA,
    0x0002, 0x0002, 0x0002, 0x0002, 0x0000, 0x0000, 0x0000, 0x0000,
    0x0000, 0x0000, 0x0000, 0x0000, 0x0001, 0x0001, 0x0001, 0x0001,
    0x0002, 0x0002, 0x0002, 0x0002, 0x0000, 0x0000, 0x0000, 0x0000,
    0x0001, 0x0001, 0x0001, 0x0001, 0x0002, 0x0002, 0x0002, 0x0002,
    0x0000, 0x0000, 0x0000, 0x0000, 0x0001, 0x0001, 0x0001, 0x0001,
    0x0002, 0x0002, 0x0002, 0x0002, 0x0000, 0x0000, 0x0000, 0x0000,
    0x0001, 0x00C1, 0x00C2, 0x00C3, 0x0002, 0x0002, 0x0002, 0x0002,
    0x0000, 0x0000, 0xFFF1, 0xFFF1, 0xFFF1, 0xFFF1, 0x0001, 0x0001,
    0x0002, 0x0002, 0x0002, 0x0002, 0x0000, 0x0000, 0x0000, 0x0000,
    0x0001, 0x0001, 0x0001, 0x0001, 0x0002, 0x0002, 0x0002, 0x0002,
    0x0000, 0x0000, 0x0000, 0x0000, 0x0001, 0x0001, 0x0001, 0x0001,
    0x0001, 0x00C4, 0x00C5, 0x00C6, 0x0002, 0xFFF0, 0xFFF0, 0xFFF0,
    0xFFF0, 0x0000, 0xFFF1, 0xFFF1, 0xFFF1, 0xFFF1, 0x0001, 0x0001,
    0x0002, 0x0002, 0x0002, 0x0002, 0x0000, 0x0000, 0x0000, 0x0000,
    0x0001, 0x0001, 0x0001, 0x0001, 0x0002, 0x0002, 0x0002, 0x0002,
    0x0000, 0x0000, 0x0000, 0x0000, 0x0001, 0x0001, 0x0001, 0x0001,
    0x0001, 0x0001, 0x0001, 0x0001, 0x0002, 0x0002, 0x0002, 0x0002,
    0x0000, 0x0000, 0xFFF1, 0xFFF1, 0xFFF1, 0xFFF1, 0x0001, 0x0001,
    0x0002, 0x0002, 0x0002, 0x0002, 0x0000, 0x0000, 0x0000, 0x0000,
    0x0001, 0x0001, 0x0001, 0x0001, 0x0002, 0x0002, 0x0002, 0x0002,
    0x0000, 0x0000, 0x0000, 0x0000, 0x0001, 0x0001, 0x0001, 0x0001,
    0x0001, 0x0001, 0x0001, 0x0001, 0x0002, 0x0002, 0x0002, 0x0002,
    0x0000, 0x0000, 0x0000, 0x0000, 0x0001, 0x0001, 0x0001, 0x0001,
    0x0002, 0x0002, 0x0002, 0x0002, 0x0000, 0x0000, 0x0000, 0x0000,
    0x0001, 0x0001, 0x0001, 0x0001, 0x0002, 0x0002, 0x0002, 0x0002,
    0x0000, 0x0000, 0x0000, 0x0000, 0x0001, 0x0001, 0x0001, 0x0001,
    0x0002, 0x0002, 0x0002, 0x0002, 0x0000, 0x0000, 0x0000, 0x0000,
    0x0001, 0x0001, 0x0001, 0x0001, 0x0002, 0x0002, 0x0002, 0x0002,
    0x0000, 0x0000, 0x0000, 0x0000, 0x0001, 0x0001, 0x0001, 0x0001,
    0x0002, 0x0002, 0x0002, 0x0002, 0x0000, 0x0000, 0x0000, 0x0000,
    0x0001, 0x0001, 0x0001, 0x0001, 0x0002, 0x0002, 0x0002, 0x0002,
    0x0002, 0x0002, 0x0002, 0x0002, 0x0000, 0x0000, 0x0000, 0x0000,
    0x0001, 0x0001, 0x0001, 0x0001, 0x0002, 0x0002, 0x0002, 0x0002,
    0x0000, 0x0000, 0x0000, 0x0000, 0x0001, 0x0001, 0x0001, 0x0001,
    0x0002, 0x0002, 0x0002, 0x0002, 0x0000, 0x0000, 0x0000, 0x0000,
    0x0001, 0x0001, 0x0001, 0x0001, 0x0002, 0x0002, 0x0002, 0x0002,
    0x0002, 0x0002, 0x0002, 0x0002, 0x0000, 0x0000, 0x0000, 0x0000,
    0x0001, 0x0001, 0x0001, 0x0001, 0x0002, 0x0002, 0x0002, 0x0002,
    0x0000, 0x0000, 0x0000, 0x0000, 0x0001, 0x0001, 0x0001, 0x0001,
    0x0002, 0x0002, 0x0002, 0x0002, 0x0000, 0x0000, 0x0000, 0x0000,
    0x0001, 0x0001, 0x0001, 0x0001, 0x0002, 0x0002, 0x0002, 0x0002,
    0x0002, 0x0002, 0x0002, 0x0002, 0x0000, 0x0000, 0x0000, 0x0000,
    0x0001, 0x0001, 0x0001, 0x0001, 0x0002, 0x0002, 0x0002, 0x0002,
    0x0000, 0x0000, 0x0000, 0x0000, 0x0001, 0x0001, 0x0001, 0x0001,
    0x0002, 0x0002, 0x0002, 0x0002, 0x0000, 0x0000, 0x0000, 0x0000,
    0x0001, 0x0001, 0x0001, 0x0001, 0x0002, 0x0002, 0x0002, 0x0002,
    0x0000, 0x0000, 0x0000, 0x0000, 0x0001, 0x0001, 0x0001, 0x0001,
    0x0002, 0x0002, 0x0002, 0x0002, 0x0000, 0x0000, 0x0000, 0x0000,
    0x0001, 0x0001, 0x0001, 0x0001, 0x0002, 0x0002, 0x0002, 0x0002,
    0x0000, 0x0000, 0x0000, 0x0000, 0x0001, 0x0001, 0x0001, 0x0001,
    0x0002, 0x0002, 0x0002, 0x0002, 0x0000, 0x0000, 0x0000, 0x0000,
    0x0000, 0x0000, 0x0000, 0x0000, 0x0001, 0x0001, 0x0001, 0x0001,
    0x0002, 0x0002, 0x0002, 0x0002, 0x0000, 0x0000, 0x0000, 0x0000,
    0x0001, 0x0001, 0x0001, 0x0001, 0x0002, 0x0002, 0x0002, 0x0002,
    0x0000, 0x0000, 0x0000, 0x0000, 0x0001, 0x0001, 0x0001, 0x0001,
    0x0002, 0x0002, 0x0002, 0x0002, 0x0000, 0x0000, 0x0000, 0x0000,
    0x0000, 0x0000, 0x0000, 0x0000, 0x0001, 0x0001, 0x0001, 0x0001,
    0x0002, 0x0002, 0x0002, 0x0002, 0x0000, 0x0000, 0x0000, 0x0000,
    0x0001, 0x0001, 0x0001, 0x0001, 0x0002, 0x0002, 0x0002, 0x0002,
    0x0000, 0x0000, 0x0000, 0x0000, 0x0001, 0x0001, 0x0001, 0x0001,
    0x0002, 0x0002, 0x0002, 0x0002, 0x0000, 0x0000, 0x0000, 0x0000,
    0x0000, 0x0000, 0x0000, 0x0000, 0x0001, 0x0001, 0x0001, 0x0001,
    0x0002, 0x0002, 0x0002, 0x0002, 0x0000, 0x0000, 0x0000, 0x0000,
    0x0001, 0x0001, 0x0001, 0x0001, 0x0002, 0x0002, 0x0002, 0x0002,
    0x0000, 0x0000, 0x0000, 0x0000, 0x0001, 0x0001, 0x0001, 0x0001,
    0x0002, 0x0002, 0x0002, 0x0002, 0x0000, 0x0000, 0x0000, 0x0000,
    0x0001, 0x0001, 0x0001, 0x0001, 0x0002, 0x0002, 0x0002, 0x0002,
    0x0000, 0x0000, 0x0000, 0x0000, 0x0001, 0x0001, 0x0001, 0x0001,
    0x0002, 0x0002, 0x0002, 0x0002, 0x0000, 0x0000, 0x0000, 0x0000,
    0x0001, 0x0001, 0x0001, 0x0001, 0x0002, 0x0002, 0x0002, 0x0002,
    0x0000, 0x0000, 0x0000, 0x0000, 0x0001, 0x0001, 0x0001, 0x0001,
    0x0001, 0x0001, 0x0001, 0x0001, 0x0002, 0x0002, 0x0002, 0x0002,
    0x0000, 0x0000, 0x0000, 0x0000, 0x0001, 0x0001, 0x0001, 0x0001,
    0x0002, 0x0002, 0x0002, 0x0002, 0x0000, 0x0000, 0x0000, 0x0000,
    0x0001, 0x0001, 0x0001, 0x0001, 0x0002, 0x0002, 0x0002, 0x0002,
    0x0000, 0x0000, 0x0000, 0x0000, 0x0001, 0x0001, 0x0001, 0x0001,
};

static const u16 VIEW_VOLCANIC_1_GROUND[1200] = {
    0x0000, 0x0000, 0x0000, 0x0000, 0x0000, 0x0000, 0x0000, 0x0000,
    0x0000, 0x0000, 0x0000, 0x0000, 0x0000, 0x0000, 0x0000, 0x0000,
    0x0000, 0x0000, 0x0000, 0x0000, 0x0000, 0x0000, 0x0000, 0x0000,
    0x0000, 0x0000, 0x0000, 0x0000, 0x0000, 0x0000, 0x0000, 0x0000,
    0x0000, 0x0000, 0x0000, 0x0000, 0x0000, 0x0000, 0x0000, 0x0000,
    0x0000, 0x0000, 0x0000, 0x0000, 0x0000, 0x0000, 0x0000, 0x0000,
    0x0000, 0x0000, 0x0000, 0x0000, 0x0000, 0x0000, 0x0000, 0x0000,
    0x0000, 0x0000, 0x0000, 0x0000, 0x0000, 0x0000, 0x0000, 0x0000,
    0x0000, 0x0000, 0x0000, 0x0000, 0x0000, 0x0000, 0x0000, 0x0000,
    0x0000, 0x0000, 0x0000, 0x0000, 0x0000, 0x0000, 0x0000, 0x0000,
    0x0000, 0x0000, 0x0000, 0x0000, 0x0000, 0x0000, 0x0000, 0x0000,
    0x0000, 0x0000, 0x0000, 0x0000, 0x0000, 0x0000, 0x0000, 0x0000,
    0x0000, 0x0000, 0x0000, 0x0000, 0x0000, 0x0000, 0x0000, 0x0000,
    0x0000, 0x0000, 0x0000, 0x0000, 0x0000, 0x0000, 0x0000, 0x0000,
    0x0000, 0x0000, 0x0000, 0x0000, 0x0000, 0x0000, 0x0000, 0x0000,
    0x0000, 0x0000, 0x0000, 0x0000, 0x0000, 0x0000, 0x0000, 0x0000,
    0x0000, 0x0000, 0x0000, 0x0000, 0x0000, 0x0000, 0x0000, 0x0000,
    0x0000, 0x0000, 0x0000, 0x0000, 0x0000, 0x0000, 0x0000, 0x0000,
    0x0000, 0x0000, 0x0000, 0x0000, 0x0000, 0x0000, 0x0000, 0x0000,
    0x0000, 0x0000, 0x0000, 0x0000, 0x0000, 0x0000, 0x0000, 0x0000,
    0x0000, 0x0000, 0x0000, 0x0000, 0x0000, 0x0000, 0x0000, 0x0000,
    0x0000, 0x0000, 0x0000, 0x0000, 0x0000, 0x0000, 0x0000, 0x0000,
    0x0000, 0x0000, 0x0000, 0x0000, 0x0000, 0x0000, 0x0000, 0x0000,
    0x0000, 0x0000, 0x0000, 0x0000, 0x0000, 0x0000, 0x0000, 0x0000,
    0x0000, 0x0000, 0x0000, 0x0000, 0x0000, 0x0000, 0x0000, 0x0000,
    0x0000, 0x0000, 0x0000, 0x0000, 0x0000, 0x0000, 0x0000, 0x0000,
    0x0000, 0x0000, 0x0000, 0x0000, 0x0000, 0x0000, 0x0000, 0x0000,
    0x0000, 0x0000, 0x0000, 0x0000, 0x0000, 0x0000, 0x0000, 0x0001,
    0x0000, 0x0002, 0x0000, 0x0000, 0x0000, 0x0001, 0x0000, 0x0002,
    0x0000, 0x0000, 0x0000, 0x0000, 0x0000, 0x0000, 0x0000, 0x0000,
    0x0000, 0x0000, 0x0000, 0x0000, 0x0000, 0x0000, 0x0000, 0x0000,
    0x0000, 0x0000, 0x0000, 0x0000, 0x0000, 0x0000, 0x0000, 0x0000,
    0x0000, 0x0000, 0x0000, 0x0000, 0x0000, 0x0000, 0x0000, 0x0001,
    0x0000, 0x0002, 0x0000, 0x0000, 0x0000, 0x0001, 0x0000, 0x0002,
    0x0000, 0x0000, 0x0000, 0x0000, 0x0000, 0x0000, 0x0000, 0x0000,
    0x0000, 0x0000, 0x0000, 0x0000, 0x0000, 0x0000, 0x0000, 0x0000,
    0x0000, 0x0000, 0x0000, 0x0000, 0x0000, 0x0000, 0x0000, 0x0000,
    0x0000, 0x0000, 0x0000, 0x0000, 0x0000, 0x0000, 0x0000, 0x0000,
    0x0000, 0x0000, 0x0000, 0x0000, 0x0000, 0x0000, 0x0000, 0x0000,
    0x0000, 0x0000, 0x0000, 0x0000, 0x0000, 0x0000, 0x0000, 0x0000,
    0x0000, 0x0000, 0x0000, 0x0000, 0x0000, 0x0000, 0x0000, 0x0000,
    0x0000, 0x0000, 0x0000, 0x0000, 0x0000, 0x0000, 0x0000, 0x0000,
    0x0000, 0x0000, 0x0000, 0x0000, 0x0000, 0x0000, 0x0000, 0x0000,
    0x0000, 0x0000, 0x0000, 0x0000, 0x0000, 0x0000, 0x0000, 0x0000,
    0x0000, 0x0000, 0x0000, 0x0000, 0x0000, 0x0000, 0x0000, 0x0000,
    0x0000, 0x0000, 0x0000, 0x0000, 0x0000, 0x0000, 0x0000, 0x0000,
    0x0000, 0x0000, 0x0000, 0x0000, 0x0000, 0x0000, 0x0000, 0x0000,
    0x0000, 0x0000, 0x0000, 0x0000, 0x0000, 0x0000, 0x0000, 0x0000,
    0x0000, 0x0000, 0x0000, 0x0000, 0x0000, 0x0000, 0x0000, 0x0000,
    0x0000, 0x0000, 0x0000, 0x0000, 0x0000, 0x0000, 0x0000, 0x0000,
    0x0000, 0x0000, 0x0000, 0x0000, 0x0000, 0x0000, 0x0000, 0x0000,
    0x0000, 0x0000, 0x0000, 0x0000, 0x0000, 0x0000, 0x0000, 0x0000,
    0x0000, 0x0000, 0x0000, 0x0000, 0x0000, 0x0000, 0x0000, 0x0000,
    0x0000, 0x0000, 0x0000, 0x0000, 0x0000, 0x0000, 0x0000, 0x0000,
    0x0000, 0x0000, 0x0000, 0x0000, 0x0000, 0x0000, 0x0000, 0x0000,
    0x0000, 0x0000, 0x0000, 0x0000, 0x0000, 0x0000, 0x0000, 0x0000,
    0x0000, 0x0000, 0x0000, 0x0000, 0x0000, 0x0000, 0x0000, 0x0000,
    0x0000, 0x0000, 0x0000, 0x0000, 0x0000, 0x0000, 0x0000, 0x0000,
    0x0000, 0x0000, 0x0000, 0x0000, 0x0000, 0x0000, 0x0000, 0x0000,
    0x0000, 0x0000, 0x0000, 0x0000, 0x0000, 0x0000, 0x0000, 0x0000,
    0x0000, 0x0000, 0x0000, 0x0000, 0x0000, 0x0000, 0x0000, 0x0000,
    0x0000, 0x0000, 0x0000, 0x0000, 0x0000, 0x0000, 0x0000, 0x0000,
    0x0000, 0x0000, 0x0000, 0x0000, 0x0000, 0x0000, 0x0000, 0x0000,
    0x0000, 0x0000, 0x0000, 0x0000, 0x0000, 0x0000, 0x0000, 0x0000,
    0x0000, 0x0000, 0x0000, 0x0000, 0x0000, 0x0000, 0x0000, 0x0000,
    0x0000, 0x0000, 0x0000, 0x0000, 0x0000, 0x0000, 0x0000, 0x0000,
    0x0000, 0x0000, 0x0000, 0x0000, 0x0000, 0x0000, 0x0000, 0x0000,
    0x0000, 0x0000, 0x0000, 0x0000, 0x0000, 0x0000, 0x0000, 0x0000,
    0x0000, 0x0000, 0x0000, 0x0000, 0x0000, 0x0000, 0x0000, 0x0000,
    0x0000, 0x0000, 0x0000, 0x0000, 0x0000, 0x0000, 0x0000, 0x0000,
    0x0000, 0x0000, 0x0000, 0x0000, 0x0000, 0x0000, 0x0000, 0x0000,
    0x0000, 0x0000, 0x0000, 0x0000, 0x0000, 0x0000, 0x0000, 0x0000,
    0x0000, 0x0000, 0x0000, 0x0000, 0x0000, 0x0000, 0x0000, 0x0000,
    0x0000, 0x0000, 0x0000, 0x0000, 0x0000, 0x0000, 0x0000, 0x0000,
    0x0000, 0x0000, 0x0000, 0x0000, 0x0000, 0x0000, 0x0000, 0x0000,
    0x0000, 0x0000, 0x0000, 0x0000, 0x0000, 0x0000, 0x0000, 0x0000,
    0x0000, 0x0000, 0x0000, 0x0000, 0x0000, 0x0000, 0x0000, 0x0000,
    0x0000, 0x0000, 0x0000, 0x0000, 0x0000, 0x0000, 0x0000, 0x0000,
    0x0000, 0x0000, 0x0000, 0x0000, 0x0000, 0x0000, 0x0000, 0x0000,
    0x0000, 0x0000, 0x0000, 0x0000, 0x0000, 0x0000, 0x0000, 0x0000,
    0x0000, 0x0000, 0x0000, 0x0000, 0x0000, 0x0000, 0x0000, 0x0000,
    0x0000, 0x0000, 0x0000, 0x0000, 0x0000, 0x0000, 0x0000, 0x0000,
    0x0000, 0x0000, 0x0000, 0x0000, 0x0000, 0x0000, 0x0000, 0x0000,
    0x0000, 0x0000, 0x0000, 0x0000, 0x0000, 0x0000, 0x0000, 0x0000,
    0x0000, 0x0000, 0x0000, 0x0000, 0x0000, 0x0000, 0x0000, 0x0000,
    0x0000, 0x0000, 0x0000, 0x0000, 0x0000, 0x0000, 0x0000, 0x0000,
    0x0000, 0x0000, 0x0000, 0x0000, 0x0000, 0x0000, 0x0000, 0x0000,
    0x0000, 0x0000, 0x0000, 0x0000, 0x0000, 0x0000, 0x0000, 0x0000,
    0x0000, 0x0000, 0x0000, 0x0000, 0x0000, 0x0000, 0x0000, 0x0000,
    0x0000, 0x0000, 0x0000, 0x0000, 0x0000, 0x0000, 0x0000, 0x0000,
    0x0000, 0x0000, 0x0000, 0x0000, 0x0000, 0x0000, 0x0000, 0x0000,
    0x0000, 0x0000, 0x0000, 0x0000, 0x0000, 0x0000, 0x0000, 0x0000,
    0x0000, 0x0000, 0x0000, 0x0000, 0x0000, 0x0000, 0x0000, 0x0000,
    0x0000, 0x0000, 0x0000, 0x0000, 0x0000, 0x0000, 0x0000, 0x0000,
    0x0000, 0x0000, 0x0000, 0x0000, 0x0000, 0x0000, 0x0000, 0x0000,
    0x0000, 0x0000, 0x0000, 0x0000, 0x0000, 0x0000, 0x0000, 0x0000,
    0x0000, 0x0000, 0x0000, 0x0000, 0x0000, 0x0000, 0x0000, 0x0000,
    0x0000, 0x0000, 0x0000, 0x0000, 0x0000, 0x0000, 0x0000, 0x0000,
    0x0000, 0x0000, 0x0000, 0x0000, 0x0000, 0x0000, 0x0000, 0x0000,
    0x0000, 0x0000, 0x0000, 0x0000, 0x0000, 0x0000, 0x0000, 0x0000,
    0x0000, 0x0000, 0x0000, 0x0000, 0x0000, 0x0000, 0x0000, 0x0000,
    0x0000, 0x0000, 0x0000, 0x0000, 0x0000, 0x0000, 0x0000, 0x0000,
    0x0000, 0x0000, 0x0000, 0x0000, 0x0000, 0x0000, 0x0000, 0x0000,
    0x0000, 0x0000, 0x0000, 0x0000, 0x0000, 0x0000, 0x0000, 0x0000,
    0x0000, 0x0000, 0x0000, 0x0000, 0x0000, 0x0000, 0x0000, 0x0000,
    0x0000, 0x0000, 0x0000, 0x0000, 0x0000, 0x0000, 0x0000, 0x0000,
    0x0000, 0x0000, 0x0000, 0x0000, 0x0000, 0x0000, 0x0000, 0x0000,
    0x0000, 0x0000, 0x0000, 0x0000, 0x0000, 0x0000, 0x0000, 0x0000,
    0x0000, 0x0000, 0x0000, 0x0000, 0x0000, 0x0000, 0x0000, 0x0000,
    0x0000, 0x0000, 0x0000, 0x0000, 0x0000, 0x0000, 0x0000, 0x0000,
    0x0000, 0x0000, 0x0000, 0x0000, 0x0000, 0x0000, 0x0000, 0x0000,
    0x0000, 0x0000, 0x0000, 0x0000, 0x0000, 0x0000, 0x0000, 0x0000,
    0x0000, 0x0000, 0x0000, 0x0000, 0x0000, 0x0000, 0x0000, 0x0000,
    0x0000, 0x0000, 0x0000, 0x0000, 0x0000, 0x0000, 0x0000, 0x0000,
    0x0000, 0x0000, 0x0000, 0x0000, 0x0000, 0x0000, 0x0000, 0x0000,
    0x0000, 0x0000, 0x0000, 0x0000, 0x0000, 0x0000, 0x0000, 0x0000,
    0x0000, 0x0000, 0x0000, 0x0000, 0x0000, 0x0000, 0x0000, 0x0000,
    0x0000, 0x0000, 0x0000, 0x0000, 0x0000, 0x0000, 0x0000, 0x0000,
    0x0000, 0x0000, 0x0000, 0x0000, 0x0000, 0x0000, 0x0000, 0x0000,
    0x0000, 0x0000, 0x0000, 0x0000, 0x0000, 0x0000, 0x0000, 0x0000,
    0x0000, 0x0000, 0x0000, 0x0000, 0x0000, 0x0000, 0x0000, 0x0000,
    0x0000, 0x0000, 0x0000, 0x0000, 0x0000, 0x0000, 0x0000, 0x0000,
    0x0000, 0x0000, 0x0000, 0x0000, 0x0000, 0x0000, 0x0000, 0x0000,
    0x0000, 0x0000, 0x0000, 0x0000, 0x0000, 0x0000, 0x0000, 0x0000,
    0x0000, 0x0000, 0x0000, 0x0000, 0x0000, 0x0000, 0x0000, 0x0000,
    0x0000, 0x0000, 0x0000, 0x0000, 0x0000, 0x0000, 0x0000, 0x0000,
    0x0000, 0x0000, 0x0000, 0x0000, 0x0000, 0x0000, 0x0000, 0x0000,
    0x0000, 0x0000, 0x0000, 0x0000, 0x0000, 0x0000, 0x0000, 0x0000,
    0x0000, 0x0000, 0x0000, 0x0000, 0x0000, 0x0000, 0x0000, 0x0000,
    0x0000, 0x0000, 0x0000, 0x0000, 0x0000, 0x0000, 0x0000, 0x0000,
    0x0000, 0x0000, 0x0000, 0x0000, 0x0000, 0x0000, 0x0000, 0x0000,
    0x0000, 0x0000, 0x0000, 0x0000, 0x0000, 0x0000, 0x0000, 0x0000,
    0x0000, 0x0000, 0x0000, 0x0000, 0x0000, 0x0000, 0x0000, 0x0000,
    0x0000, 0x0000, 0x0000, 0x0000, 0x0000, 0x0000, 0x0000, 0x0000,
    0x0000, 0x0000, 0x0000, 0x0000, 0x0000, 0x0000, 0x0000, 0x0000,
    0x0000, 0x0000, 0x0000, 0x0000, 0x0000, 0x0000, 0x0000, 0x0000,
    0x0000, 0x0000, 0x0000, 0x0000, 0x0000, 0x0000, 0x0000, 0x0000,
    0x0000, 0x0000, 0x0000, 0x0000, 0x0000, 0x0000, 0x0000, 0x0000,
    0x0000, 0x0000, 0x0000, 0x0000, 0x0000, 0x0000, 0x0000, 0x0000,
    0x0000, 0x0000, 0x0000, 0x0000, 0x0000, 0x0000, 0x0000, 0x0000,
    0x0000, 0x0000, 0x0000, 0x0000, 0x0000, 0x0000, 0x0000, 0x0000,
    0x0000, 0x0000, 0x0000, 0x0000, 0x0000, 0x0000, 0x0000, 0x0000,
    0x0000, 0x0000, 0x0000, 0x0000, 0x0000, 0x0000, 0x0000, 0x0000,
    0x0000, 0x0000, 0x0000, 0x0000, 0x0000, 0x0000, 0x0000, 0x0000,
    0x0000, 0x0000, 0x0000, 0x0000, 0x0000, 0x0000, 0x0000, 0x0000,
    0x0000, 0x0000, 0x0000, 0x0000, 0x0000, 0x0000, 0x0000, 0x0000,
    0x0000, 0x0000, 0x0000, 0x0000, 0x0000, 0x0000, 0x0000, 0x0000,
    0x0000, 0x0000, 0x0000, 0x0000, 0x0000, 0x0000, 0x0000, 0x0000,
    0x0000, 0x0000, 0x0000, 0x0000, 0x0000, 0x0000, 0x0000, 0x0000,
    0x0000, 0x0000, 0x0000, 0x0000, 0x0000, 0x0000, 0x0000, 0x0000,
};

static const DecorPlace VIEW_VOLCANIC_1_DECOR[] = {
    DP(SIGNPOST, 15, 16),
    DP(FENCE, 17, 16),
    DP(FENCE_END, 19, 16),
    DP(BENCH, 21, 16),
    DP(BARREL, 24, 16),
    DP(CRATE, 26, 16),
    DP(CRATE_STACK, 28, 16),
    DP(SACKS, 30, 16),
    DP(WATER_TROUGH, 32, 16),
    DP(LANTERN_POST, 35, 16),
    DP(CAMPFIRE, 37, 16),
    DP(WOODPILE, 1, 20),
    DP(STEAM_VENT, 4, 20),
    DP(OBSIDIAN, 6, 20),
    DP(EMBER_ROCK, 8, 20),
    DP(LAVA_ORE_CART, 10, 20),
    DP(FORGE_ANVIL, 12, 20),
    DP(FURNACE, 14, 20),
    DP(BIG_BELL, 17, 20),
    DP(BRAZIER, 20, 20),
    DP(COAL_PILE, 22, 20),
    DP(TOOL_RACK, 24, 20),
    DP(SALAMANDER_STATUE, 26, 20),
    DP(SMOKE, 28, 20),
    DP(HALL_BANNER, 30, 20),
};

static const u16 VIEW_DREAM_1_CELLS[1080] = {
    0x0000, 0x0000, 0x0000, 0x0000, 0x0001, 0x0001, 0x0001, 0x0001,
    0x0002, 0x0002, 0x0002, 0x0002, 0x0000, 0x0000, 0x0000, 0x0000,
    0x0001, 0x0001, 0x0001, 0x0001, 0x0002, 0x0002, 0x0002, 0x0002,
    0x0000, 0x0000, 0x0000, 0x0000, 0x0001, 0x0001, 0x0001, 0x0001,
    0x0002, 0x0002, 0x0002, 0x0002, 0x0000, 0x0000, 0x0000, 0x0000,
    0x0000, 0x0000, 0x0000, 0x0001, 0x0001, 0x0002, 0x0001, 0x0003,
    0x0002, 0x0004, 0x0002, 0x0005, 0x0000, 0x0006, 0x0000, 0x0007,
    0x0001, 0x0008, 0x0001, 0x0009, 0x0002, 0x000A, 0x0002, 0x000B,
    0x0000, 0x000E, 0x0000, 0x000F, 0x0001, 0x0010, 0x0001, 0x0011,
    0x0002, 0x0012, 0x0002, 0x0013, 0x0000, 0x0014, 0x0000, 0x0000,
    0x0000, 0x0000, 0x0000, 0x0000, 0x0001, 0x0001, 0x0001, 0x0001,
    0x0002, 0x0002, 0x0002, 0x0002, 0x0000, 0x0000, 0x0000, 0x0000,
    0x0001, 0x0001, 0x0001, 0x0001, 0x0002, 0x0002, 0x0002, 0x0002,
    0x0000, 0x0000, 0x0000, 0x0000, 0x0001, 0x0001, 0x0001, 0x0001,
    0x0002, 0x0002, 0x0002, 0x0002, 0x0000, 0x0000, 0x0000, 0x0000,
    0x0000, 0x0015, 0x0000, 0x0016, 0x0001, 0x0017, 0x0001, 0x0018,
    0x0002, 0x0019, 0x0002, 0x001A, 0x0000, 0x000C, 0x0000, 0x000C,
    0x0001, 0x000C, 0x0001, 0x001B, 0x001C, 0x001D, 0x001E, 0x001F,
    0x0000, 0x002F, 0x0030, 0x0031, 0x0032, 0x0033, 0x0001, 0x0043,
    0x0044, 0x0045, 0x0046, 0x0047, 0x0000, 0x0000, 0x0000, 0x0000,
    0x0001, 0x0001, 0x0001, 0x0001, 0x0002, 0x0002, 0x0002, 0x0002,
    0x0000, 0x0000, 0x0000, 0x0000, 0x0001, 0x000D, 0x0001, 0x000D,
    0x0002, 0x000D, 0x0002, 0x0020, 0x0021, 0x0022, 0x0023, 0x0024,
    0x0001, 0x0034, 0x0035, 0x0036, 0x0037, 0x0038, 0x0002, 0x0048,
    0x0049, 0x004A, 0x004B, 0x004C, 0x0001, 0x0001, 0x0001, 0x0001,
    0x0001, 0x0001, 0x0001, 0x0001, 0x0002, 0x0002, 0x0002, 0x0002,
    0x0000, 0x0000, 0x0000, 0x0000, 0x0001, 0x0001, 0x0001, 0x0001,
    0x0002, 0x0002, 0x0002, 0x0025, 0x0026, 0x0027, 0x0028, 0x0029,
    0x0001, 0x0039, 0x003A, 0x003B, 0x003C, 0x003D, 0x0002, 0x004D,
    0x004E, 0x004F, 0x0050, 0x0051, 0x0001, 0x0001, 0x0001, 0x0001,
    0x0001, 0x0001, 0x0001, 0x0001, 0x0002, 0x0002, 0x0002, 0x0002,
    0x0000, 0x0000, 0x0000, 0x0000, 0x0001, 0x0001, 0x0001, 0x0001,
    0x0002, 0x0002, 0x0002, 0x002A, 0x002B, 0x002C, 0x002D, 0x002E,
    0x0001, 0x003E, 0x003F, 0x0040, 0x0041, 0x0042, 0x0002, 0x0052,
    0x0053, 0x0054, 0x0055, 0x0056, 0x0001, 0x0001, 0x0001, 0x0001,
    0x0001, 0x0001, 0x0001, 0x0001, 0x0002, 0x0002, 0x0002, 0x0002,
    0x0000, 0x0000, 0x0000, 0x0000, 0x0001, 0x0001, 0x0001, 0x0001,
    0x0002, 0x0002, 0x0002, 0x0002, 0x0000, 0x0000, 0x0000, 0x0000,
    0x0001, 0x0001, 0x0001, 0x0001, 0x0002, 0x0002, 0x0002, 0x0002,
    0x0000, 0x0000, 0x0000, 0x0000, 0x0001, 0x0001, 0x0001, 0x0001,
    0x0002, 0x0057, 0x0058, 0x0059, 0x005A, 0x005B, 0x0000, 0x006B,
    0x006C, 0x006D, 0x0001, 0x007A, 0x007B, 0x007C, 0x0002, 0x0089,
    0x008A, 0x008B, 0x008C, 0x008D, 0x008E, 0x008F, 0x0001, 0x00AC,
    0x00AD, 0x00AE, 0x00AF, 0x00B0, 0x00B1, 0x00B2, 0x0000, 0x0000,
    0x0001, 0x0001, 0x0001, 0x0001, 0x0002, 0x0002, 0x0002, 0x0002,
    0x0002, 0x005C, 0x005D, 0x005E, 0x005F, 0x0060, 0x0000, 0x006E,
    0x006F, 0x0070, 0x0001, 0x007D, 0x007E, 0x007F, 0x0002, 0x0090,
    0x0091, 0x0092, 0x0093, 0x0094, 0x0095, 0x0096, 0x0001, 0x00B3,
    0x00B4, 0x00B5, 0x00B6, 0x00B7, 0x00B8, 0x00B9, 0x0000, 0xFFF0,
    0xFFF0, 0xFFF0, 0xFFF0, 0x0001, 0x0002, 0x0002, 0x0002, 0x0002,
    0x0002, 0x0061, 0x0062, 0x0063, 0x0064, 0x0065, 0x0000, 0x0071,
    0x0072, 0x0073, 0x0001, 0x0080, 0x0081, 0x0082, 0x0002, 0x0097,
    0x0098, 0x0099, 0x009A, 0x009B, 0x009C, 0x009D, 0x0001, 0x00BA,
    0x00BB, 0x00BC, 0x00BD, 0x00BE, 0x00BF, 0x00C0, 0x0000, 0x0000,
    0x0001, 0x0001, 0x0001, 0x0001, 0x0002, 0x0002, 0x0002, 0x0002,
    0x0002, 0x0066, 0x0067, 0x0068, 0x0069, 0x006A, 0x0000, 0x0074,
    0x0075, 0x0076, 0x0001, 0x0083, 0x0084, 0x0085, 0x0002, 0x009E,
    0x009F, 0x00A0, 0x00A1, 0x00A2, 0x00A3, 0x00A4, 0x0001, 0x00C1,
    0x00C2, 0x00C3, 0x00C4, 0x00C5, 0x00C6, 0x00C7, 0x0000, 0x0000,
    0x0001, 0x0001, 0x0001, 0x0001, 0x0002, 0x0002, 0x0002, 0x0002,
    0x0000, 0x0000, 0x0000, 0x0000, 0x0001, 0x0001, 0x0001, 0x0077,
    0x0078, 0x0079, 0x0002, 0x0086, 0x0087, 0x0088, 0x0000, 0x00A5,
    0x00A6, 0x00A7, 0x00A8, 0x00A9, 0x00AA, 0x00AB, 0x0002, 0x00C8,
    0x00C9, 0x00CA, 0x00CB, 0x00CC, 0x00CD, 0x00CE, 0x0001, 0x0001,
    0x0002, 0x0002, 0x0002, 0x0002, 0x0000, 0x0000, 0x0000, 0x0000,
    0x0000, 0x0000, 0x0000, 0x0000, 0x0001, 0x0001, 0x0001, 0x0001,
    0x0002, 0x0002, 0x0002, 0x0002, 0x0000, 0x0000, 0x0000, 0x0000,
    0x0001, 0x0001, 0x0001, 0x0001, 0x0002, 0x0002, 0x0002, 0x0002,
    0x0000, 0x0000, 0x0000, 0x0000, 0x0001, 0x0001, 0x0001, 0x0001,
    0x0002, 0x0002, 0x0002, 0x0002, 0x0000, 0x0000, 0x0000, 0x0000,
    0x0000, 0xFFF1, 0xFFF1, 0xFFF1, 0xFFF1, 0x0001, 0x0001, 0x0001,
    0x0002, 0x0002, 0x0002, 0x0002, 0x0000, 0x0000, 0x0000, 0x0000,
    0x0001, 0x0001, 0x0001, 0x0001, 0x0002, 0x0002, 0x0002, 0x0002,
    0x0000, 0x0000, 0x0000, 0x0000, 0x0001, 0x0001, 0x0001, 0x0001,
    0x0002, 0x0002, 0x0002, 0x0002, 0x0000, 0x0000, 0x0000, 0x0000,
    0x0000, 0xFFF1, 0xFFF1, 0xFFF1, 0xFFF1, 0x0001, 0x0001, 0x0001,
    0x0002, 0x0002, 0x0002, 0x0002, 0x0000, 0x0000, 0x0000, 0x0000,
    0x0001, 0x0001, 0x0001, 0x0001, 0x0002, 0x0002, 0x0002, 0x0002,
    0x0000, 0x0000, 0x0000, 0x0000, 0x0001, 0x0001, 0x0001, 0x0001,
    0x0002, 0x0002, 0x0002, 0x0002, 0x0000, 0x0000, 0x0000, 0x0000,
    0x0001, 0xFFF1, 0xFFF1, 0xFFF1, 0xFFF1, 0x0002, 0x0002, 0x0002,
    0x0000, 0x0000, 0x0000, 0x0000, 0x0001, 0x0001, 0x0001, 0x0001,
    0x0002, 0x0002, 0x0002, 0x0002, 0x0000, 0x0000, 0x0000, 0x0000,
    0x0001, 0x0001, 0x0001, 0x0001, 0x0002, 0x0002, 0x0002, 0x0002,
    0x0000, 0x0000, 0x0000, 0x0000, 0x0001, 0x0001, 0x0001, 0x0001,
    0x0001, 0x0001, 0x0001, 0x0001, 0x0002, 0x0002, 0x0002, 0x0002,
    0x0000, 0x0000, 0x0000, 0x0000, 0x0001, 0x0001, 0x0001, 0x0001,
    0x0002, 0x0002, 0x0002, 0x0002, 0x0000, 0x0000, 0x0000, 0x0000,
    0x0001, 0x0001, 0x0001, 0x0001, 0x0002, 0x0002, 0x0002, 0x0002,
    0x0000, 0x0000, 0x0000, 0x0000, 0x0001, 0x0001, 0x0001, 0x0001,
    0x0001, 0x0001, 0x0001, 0x0001, 0x0002, 0x0002, 0x0002, 0x0002,
    0x0000, 0x0000, 0x0000, 0x0000, 0x0001, 0x0001, 0x0001, 0x0001,
    0x0002, 0x0002, 0x0002, 0x0002, 0x0000, 0x0000, 0x0000, 0x0000,
    0x0001, 0x0001, 0x0001, 0x0001, 0x0002, 0x0002, 0x0002, 0x0002,
    0x0000, 0x0000, 0x0000, 0x0000, 0x0001, 0x0001, 0x0001, 0x0001,
    0x0001, 0x0001, 0x0001, 0x0001, 0x0002, 0x0002, 0x0002, 0x0002,
    0x0000, 0x0000, 0x0000, 0x0000, 0x0001, 0x0001, 0x0001, 0x0001,
    0x0002, 0x0002, 0x0002, 0x0002, 0x0000, 0x0000, 0x0000, 0x0000,
    0x0001, 0x0001, 0x0001, 0x0001, 0x0002, 0x0002, 0x0002, 0x0002,
    0x0000, 0x0000, 0x0000, 0x0000, 0x0001, 0x0001, 0x0001, 0x0001,
    0x0002, 0x0002, 0x0002, 0x0002, 0x0000, 0x0000, 0x0000, 0x0000,
    0x0001, 0x0001, 0x0001, 0x0001, 0x0002, 0x0002, 0x0002, 0x0002,
    0x0000, 0x0000, 0x0000, 0x0000, 0x0001, 0x0001, 0x0001, 0x0001,
    0x0002, 0x0002, 0x0002, 0x0002, 0x0000, 0x0000, 0x0000, 0x0000,
    0x0001, 0x0001, 0x0001, 0x0001, 0x0002, 0x0002, 0x0002, 0x0002,
    0x0002, 0x0002, 0x0002, 0x0002, 0x0000, 0x0000, 0x0000, 0x0000,
    0x0001, 0x0001, 0x0001, 0x0001, 0x0002, 0x0002, 0x0002, 0x0002,
    0x0000, 0x0000, 0x0000, 0x0000, 0x0001, 0x0001, 0x0001, 0x0001,
    0x0002, 0x0002, 0x0002, 0x0002, 0x0000, 0x0000, 0x0000, 0x0000,
    0x0001, 0x0001, 0x0001, 0x0001, 0x0002, 0x0002, 0x0002, 0x0002,
    0x0002, 0x0002, 0x0002, 0x0002, 0x0000, 0x0000, 0x0000, 0x0000,
    0x0001, 0x0001, 0x0001, 0x0001, 0x0002, 0x0002, 0x0002, 0x0002,
    0x0000, 0x0000, 0x0000, 0x0000, 0x0001, 0x0001, 0x0001, 0x0001,
    0x0002, 0x0002, 0x0002, 0x0002, 0x0000, 0x0000, 0x0000, 0x0000,
    0x0001, 0x0001, 0x0001, 0x0001, 0x0002, 0x0002, 0x0002, 0x0002,
    0x0002, 0x0002, 0x0002, 0x0002, 0x0000, 0x0000, 0x0000, 0x0000,
    0x0001, 0x0001, 0x0001, 0x0001, 0x0002, 0x0002, 0x0002, 0x0002,
    0x0000, 0x0000, 0x0000, 0x0000, 0x0001, 0x0001, 0x0001, 0x0001,
    0x0002, 0x0002, 0x0002, 0x0002, 0x0000, 0x0000, 0x0000, 0x0000,
    0x0001, 0x0001, 0x0001, 0x0001, 0x0002, 0x0002, 0x0002, 0x0002,
    0x0000, 0x0000, 0x0000, 0x0000, 0x0001, 0x0001, 0x0001, 0x0001,
    0x0002, 0x0002, 0x0002, 0x0002, 0x0000, 0x0000, 0x0000, 0x0000,
    0x0001, 0x0001, 0x0001, 0x0001, 0x0002, 0x0002, 0x0002, 0x0002,
    0x0000, 0x0000, 0x0000, 0x0000, 0x0001, 0x0001, 0x0001, 0x0001,
    0x0002, 0x0002, 0x0002, 0x0002, 0x0000, 0x0000, 0x0000, 0x0000,
    0x0000, 0x0000, 0x0000, 0x0000, 0x0001, 0x0001, 0x0001, 0x0001,
    0x0002, 0x0002, 0x0002, 0x0002, 0x0000, 0x0000, 0x0000, 0x0000,
    0x0001, 0x0001, 0x0001, 0x0001, 0x0002, 0x0002, 0x0002, 0x0002,
    0x0000, 0x0000, 0x0000, 0x0000, 0x0001, 0x0001, 0x0001, 0x0001,
    0x0002, 0x0002, 0x0002, 0x0002, 0x0000, 0x0000, 0x0000, 0x0000,
    0x0000, 0x0000, 0x0000, 0x0000, 0x0001, 0x0001, 0x0001, 0x0001,
    0x0002, 0x0002, 0x0002, 0x0002, 0x0000, 0x0000, 0x0000, 0x0000,
    0x0001, 0x0001, 0x0001, 0x0001, 0x0002, 0x0002, 0x0002, 0x0002,
    0x0000, 0x0000, 0x0000, 0x0000, 0x0001, 0x0001, 0x0001, 0x0001,
    0x0002, 0x0002, 0x0002, 0x0002, 0x0000, 0x0000, 0x0000, 0x0000,
};

static const u16 VIEW_DREAM_1_GROUND[1080] = {
    0x0000, 0x0000, 0x0000, 0x0000, 0x0000, 0x0000, 0x0000, 0x0000,
    0x0000, 0x0000, 0x0000, 0x0000, 0x0000, 0x0000, 0x0000, 0x0000,
    0x0000, 0x0000, 0x0000, 0x0000, 0x0000, 0x0000, 0x0000, 0x0000,
    0x0000, 0x0000, 0x0000, 0x0000, 0x0000, 0x0000, 0x0000, 0x0000,
    0x0000, 0x0000, 0x0000, 0x0000, 0x0000, 0x0000, 0x0000, 0x0000,
    0x0000, 0x0000, 0x0000, 0x0000, 0x0000, 0x0000, 0x0000, 0x0000,
    0x0000, 0x0000, 0x0000, 0x0000, 0x0000, 0x0000, 0x0000, 0x0000,
    0x0000, 0x0000, 0x0000, 0x0000, 0x0000, 0x0000, 0x0000, 0x0000,
    0x0000, 0x0000, 0x0000, 0x0000, 0x0000, 0x0000, 0x0000, 0x0000,
    0x0000, 0x0000, 0x0000, 0x0000, 0x0000, 0x0000, 0x0000, 0x0000,
    0x0000, 0x0000, 0x0000, 0x0000, 0x0000, 0x0000, 0x0000, 0x0000,
    0x0000, 0x0000, 0x0000, 0x0000, 0x0000, 0x0000, 0x0000, 0x0000,
    0x0000, 0x0000, 0x0000, 0x0000, 0x0000, 0x0000, 0x0000, 0x0000,
    0x0000, 0x0000, 0x0000, 0x0000, 0x0000, 0x0000, 0x0000, 0x0000,
    0x0000, 0x0000, 0x0000, 0x0000, 0x0000, 0x0000, 0x0000, 0x0000,
    0x0000, 0x0000, 0x0000, 0x0000, 0x0000, 0x0000, 0x0000, 0x0000,
    0x0000, 0x0000, 0x0000, 0x0000, 0x0000, 0x0000, 0x0000, 0x0001,
    0x0000, 0x0002, 0x0000, 0x0000, 0x0000, 0x0000, 0x0000, 0x0000,
    0x0000, 0x0000, 0x0000, 0x0000, 0x0000, 0x0000, 0x0000, 0x0000,
    0x0000, 0x0000, 0x0000, 0x0000, 0x0000, 0x0000, 0x0000, 0x0000,
    0x0000, 0x0000, 0x0000, 0x0000, 0x0000, 0x0000, 0x0000, 0x0000,
    0x0000, 0x0000, 0x0000, 0x0000, 0x0000, 0x0000, 0x0000, 0x0001,
    0x0000, 0x0002, 0x0000, 0x0000, 0x0000, 0x0000, 0x0000, 0x0000,
    0x0000, 0x0000, 0x0000, 0x0000, 0x0000, 0x0000, 0x0000, 0x0000,
    0x0000, 0x0000, 0x0000, 0x0000, 0x0000, 0x0000, 0x0000, 0x0000,
    0x0000, 0x0000, 0x0000, 0x0000, 0x0000, 0x0000, 0x0000, 0x0000,
    0x0000, 0x0000, 0x0000, 0x0000, 0x0000, 0x0000, 0x0000, 0x0000,
    0x0000, 0x0000, 0x0000, 0x0000, 0x0000, 0x0000, 0x0000, 0x0000,
    0x0000, 0x0000, 0x0000, 0x0000, 0x0000, 0x0000, 0x0000, 0x0000,
    0x0000, 0x0000, 0x0000, 0x0000, 0x0000, 0x0000, 0x0000, 0x0000,
    0x0000, 0x0000, 0x0000, 0x0000, 0x0000, 0x0000, 0x0000, 0x0000,
    0x0000, 0x0000, 0x0000, 0x0000, 0x0000, 0x0000, 0x0000, 0x0000,
    0x0000, 0x0000, 0x0000, 0x0000, 0x0000, 0x0000, 0x0000, 0x0000,
    0x0000, 0x0000, 0x0000, 0x0000, 0x0000, 0x0000, 0x0000, 0x0000,
    0x0000, 0x0000, 0x0000, 0x0000, 0x0000, 0x0000, 0x0000, 0x0000,
    0x0000, 0x0000, 0x0000, 0x0000, 0x0000, 0x0000, 0x0000, 0x0000,
    0x0000, 0x0000, 0x0000, 0x0000, 0x0000, 0x0000, 0x0000, 0x0000,
    0x0000, 0x0000, 0x0000, 0x0000, 0x0000, 0x0000, 0x0000, 0x0000,
    0x0000, 0x0000, 0x0000, 0x0000, 0x0000, 0x0000, 0x0000, 0x0000,
    0x0000, 0x0000, 0x0000, 0x0000, 0x0000, 0x0000, 0x0000, 0x0000,
    0x0000, 0x0000, 0x0000, 0x0000, 0x0000, 0x0000, 0x0000, 0x0000,
    0x0000, 0x0000, 0x0000, 0x0000, 0x0000, 0x0000, 0x0000, 0x0000,
    0x0000, 0x0000, 0x0000, 0x0000, 0x0000, 0x0000, 0x0000, 0x0000,
    0x0000, 0x0000, 0x0000, 0x0000, 0x0000, 0x0000, 0x0000, 0x0000,
    0x0000, 0x0000, 0x0000, 0x0000, 0x0000, 0x0000, 0x0000, 0x0000,
    0x0000, 0x0000, 0x0000, 0x0000, 0x0000, 0x0000, 0x0000, 0x0000,
    0x0000, 0x0000, 0x0000, 0x0000, 0x0000, 0x0000, 0x0000, 0x0000,
    0x0000, 0x0000, 0x0000, 0x0000, 0x0000, 0x0000, 0x0000, 0x0000,
    0x0000, 0x0000, 0x0000, 0x0000, 0x0000, 0x0000, 0x0000, 0x0000,
    0x0000, 0x0000, 0x0000, 0x0000, 0x0000, 0x0000, 0x0000, 0x0000,
    0x0000, 0x0000, 0x0000, 0x0000, 0x0000, 0x0000, 0x0000, 0x0000,
    0x0000, 0x0000, 0x0000, 0x0000, 0x0000, 0x0000, 0x0000, 0x0000,
    0x0000, 0x0000, 0x0000, 0x0000, 0x0000, 0x0000, 0x0000, 0x0000,
    0x0000, 0x0000, 0x0000, 0x0000, 0x0000, 0x0000, 0x0000, 0x0000,
    0x0000, 0x0000, 0x0000, 0x0000, 0x0000, 0x0000, 0x0000, 0x0000,
    0x0000, 0x0000, 0x0000, 0x0000, 0x0000, 0x0000, 0x0000, 0x0000,
    0x0000, 0x0000, 0x0000, 0x0000, 0x0000, 0x0000, 0x0000, 0x0000,
    0x0000, 0x0000, 0x0000, 0x0000, 0x0000, 0x0000, 0x0000, 0x0000,
    0x0000, 0x0000, 0x0000, 0x0000, 0x0000, 0x0000, 0x0000, 0x0000,
    0x0000, 0x0000, 0x0000, 0x0000, 0x0000, 0x0000, 0x0000, 0x0000,
    0x0000, 0x0000, 0x0000, 0x0000, 0x0000, 0x0000, 0x0000, 0x0000,
    0x0000, 0x0000, 0x0000, 0x0000, 0x0000, 0x0000, 0x0000, 0x0000,
    0x0000, 0x0000, 0x0000, 0x0000, 0x0000, 0x0000, 0x0000, 0x0000,
    0x0000, 0x0000, 0x0000, 0x0000, 0x0000, 0x0000, 0x0000, 0x0000,
    0x0000, 0x0000, 0x0000, 0x0000, 0x0000, 0x0000, 0x0000, 0x0000,
    0x0000, 0x0000, 0x0000, 0x0000, 0x0000, 0x0000, 0x0000, 0x0000,
    0x0000, 0x0000, 0x0000, 0x0000, 0x0000, 0x0000, 0x0000, 0x0000,
    0x0000, 0x0000, 0x0000, 0x0000, 0x0000, 0x0000, 0x0000, 0x0000,
    0x0000, 0x0000, 0x0000, 0x0000, 0x0000, 0x0000, 0x0000, 0x0000,
    0x0000, 0x0000, 0x0000, 0x0000, 0x0000, 0x0000, 0x0000, 0x0000,
    0x0000, 0x0000, 0x0000, 0x0000, 0x0000, 0x0000, 0x0000, 0x0000,
    0x0000, 0x0000, 0x0000, 0x0000, 0x0000, 0x0000, 0x0000, 0x0000,
    0x0000, 0x0000, 0x0000, 0x0000, 0x0000, 0x0000, 0x0000, 0x0000,
    0x0000, 0x0000, 0x0000, 0x0000, 0x0000, 0x0000, 0x0000, 0x0000,
    0x0000, 0x0000, 0x0000, 0x0000, 0x0000, 0x0000, 0x0000, 0x0000,
    0x0000, 0x0000, 0x0000, 0x0000, 0x0000, 0x0000, 0x0000, 0x0000,
    0x0000, 0x0000, 0x0000, 0x0000, 0x0000, 0x0000, 0x0000, 0x0000,
    0x0000, 0x0000, 0x0000, 0x0000, 0x0000, 0x0000, 0x0000, 0x0000,
    0x0000, 0x0000, 0x0000, 0x0000, 0x0000, 0x0000, 0x0000, 0x0000,
    0x0000, 0x0000, 0x0000, 0x0000, 0x0000, 0x0000, 0x0000, 0x0000,
    0x0000, 0x0000, 0x0000, 0x0000, 0x0000, 0x0000, 0x0000, 0x0000,
    0x0000, 0x0000, 0x0000, 0x0000, 0x0000, 0x0000, 0x0000, 0x0000,
    0x0000, 0x0000, 0x0000, 0x0000, 0x0000, 0x0000, 0x0000, 0x0000,
    0x0000, 0x0000, 0x0000, 0x0000, 0x0000, 0x0000, 0x0000, 0x0000,
    0x0000, 0x0000, 0x0000, 0x0000, 0x0000, 0x0000, 0x0000, 0x0000,
    0x0000, 0x0000, 0x0000, 0x0000, 0x0000, 0x0000, 0x0000, 0x0000,
    0x0000, 0x0000, 0x0000, 0x0000, 0x0000, 0x0000, 0x0000, 0x0000,
    0x0000, 0x0000, 0x0000, 0x0000, 0x0000, 0x0000, 0x0000, 0x0000,
    0x0000, 0x0000, 0x0000, 0x0000, 0x0000, 0x0000, 0x0000, 0x0000,
    0x0000, 0x0000, 0x0000, 0x0000, 0x0000, 0x0000, 0x0000, 0x0000,
    0x0000, 0x0000, 0x0000, 0x0000, 0x0000, 0x0000, 0x0000, 0x0000,
    0x0000, 0x0000, 0x0000, 0x0000, 0x0000, 0x0000, 0x0000, 0x0000,
    0x0000, 0x0000, 0x0000, 0x0000, 0x0000, 0x0000, 0x0000, 0x0000,
    0x0000, 0x0000, 0x0000, 0x0000, 0x0000, 0x0000, 0x0000, 0x0000,
    0x0000, 0x0000, 0x0000, 0x0000, 0x0000, 0x0000, 0x0000, 0x0000,
    0x0000, 0x0000, 0x0000, 0x0000, 0x0000, 0x0000, 0x0000, 0x0000,
    0x0000, 0x0000, 0x0000, 0x0000, 0x0000, 0x0000, 0x0000, 0x0000,
    0x0000, 0x0000, 0x0000, 0x0000, 0x0000, 0x0000, 0x0000, 0x0000,
    0x0000, 0x0000, 0x0000, 0x0000, 0x0000, 0x0000, 0x0000, 0x0000,
    0x0000, 0x0000, 0x0000, 0x0000, 0x0000, 0x0000, 0x0000, 0x0000,
    0x0000, 0x0000, 0x0000, 0x0000, 0x0000, 0x0000, 0x0000, 0x0000,
    0x0000, 0x0000, 0x0000, 0x0000, 0x0000, 0x0000, 0x0000, 0x0000,
    0x0000, 0x0000, 0x0000, 0x0000, 0x0000, 0x0000, 0x0000, 0x0000,
    0x0000, 0x0000, 0x0000, 0x0000, 0x0000, 0x0000, 0x0000, 0x0000,
    0x0000, 0x0000, 0x0000, 0x0000, 0x0000, 0x0000, 0x0000, 0x0000,
    0x0000, 0x0000, 0x0000, 0x0000, 0x0000, 0x0000, 0x0000, 0x0000,
    0x0000, 0x0000, 0x0000, 0x0000, 0x0000, 0x0000, 0x0000, 0x0000,
    0x0000, 0x0000, 0x0000, 0x0000, 0x0000, 0x0000, 0x0000, 0x0000,
    0x0000, 0x0000, 0x0000, 0x0000, 0x0000, 0x0000, 0x0000, 0x0000,
    0x0000, 0x0000, 0x0000, 0x0000, 0x0000, 0x0000, 0x0000, 0x0000,
    0x0000, 0x0000, 0x0000, 0x0000, 0x0000, 0x0000, 0x0000, 0x0000,
    0x0000, 0x0000, 0x0000, 0x0000, 0x0000, 0x0000, 0x0000, 0x0000,
    0x0000, 0x0000, 0x0000, 0x0000, 0x0000, 0x0000, 0x0000, 0x0000,
    0x0000, 0x0000, 0x0000, 0x0000, 0x0000, 0x0000, 0x0000, 0x0000,
    0x0000, 0x0000, 0x0000, 0x0000, 0x0000, 0x0000, 0x0000, 0x0000,
    0x0000, 0x0000, 0x0000, 0x0000, 0x0000, 0x0000, 0x0000, 0x0000,
    0x0000, 0x0000, 0x0000, 0x0000, 0x0000, 0x0000, 0x0000, 0x0000,
    0x0000, 0x0000, 0x0000, 0x0000, 0x0000, 0x0000, 0x0000, 0x0000,
    0x0000, 0x0000, 0x0000, 0x0000, 0x0000, 0x0000, 0x0000, 0x0000,
    0x0000, 0x0000, 0x0000, 0x0000, 0x0000, 0x0000, 0x0000, 0x0000,
    0x0000, 0x0000, 0x0000, 0x0000, 0x0000, 0x0000, 0x0000, 0x0000,
    0x0000, 0x0000, 0x0000, 0x0000, 0x0000, 0x0000, 0x0000, 0x0000,
    0x0000, 0x0000, 0x0000, 0x0000, 0x0000, 0x0000, 0x0000, 0x0000,
    0x0000, 0x0000, 0x0000, 0x0000, 0x0000, 0x0000, 0x0000, 0x0000,
    0x0000, 0x0000, 0x0000, 0x0000, 0x0000, 0x0000, 0x0000, 0x0000,
    0x0000, 0x0000, 0x0000, 0x0000, 0x0000, 0x0000, 0x0000, 0x0000,
    0x0000, 0x0000, 0x0000, 0x0000, 0x0000, 0x0000, 0x0000, 0x0000,
    0x0000, 0x0000, 0x0000, 0x0000, 0x0000, 0x0000, 0x0000, 0x0000,
    0x0000, 0x0000, 0x0000, 0x0000, 0x0000, 0x0000, 0x0000, 0x0000,
    0x0000, 0x0000, 0x0000, 0x0000, 0x0000, 0x0000, 0x0000, 0x0000,
    0x0000, 0x0000, 0x0000, 0x0000, 0x0000, 0x0000, 0x0000, 0x0000,
    0x0000, 0x0000, 0x0000, 0x0000, 0x0000, 0x0000, 0x0000, 0x0000,
    0x0000, 0x0000, 0x0000, 0x0000, 0x0000, 0x0000, 0x0000, 0x0000,
    0x0000, 0x0000, 0x0000, 0x0000, 0x0000, 0x0000, 0x0000, 0x0000,
    0x0000, 0x0000, 0x0000, 0x0000, 0x0000, 0x0000, 0x0000, 0x0000,
};

static const DecorPlace VIEW_DREAM_1_DECOR[] = {
    DP(SIGNPOST, 6, 14),
    DP(FENCE, 8, 14),
    DP(FENCE_END, 10, 14),
    DP(BENCH, 12, 14),
    DP(BARREL, 15, 14),
    DP(CRATE, 17, 14),
    DP(LANTERN_POST, 19, 14),
    DP(MOON_LANTERN, 21, 14),
    DP(FLOAT_PAGES, 23, 14),
    DP(BOOK_PILE, 25, 14),
    DP(READING_DESK, 27, 14),
    DP(BOOKCASE, 30, 14),
    DP(MOONSTONE, 32, 14),
    DP(PETALS, 34, 14),
    DP(STANDING_MIRROR, 36, 14),
    DP(DREAM_STATUE, 38, 14),
    DP(SCRIPT_PEDESTAL, 1, 18),
};

static const u16 VIEW_FARM_1_CELLS[2360] = {
    0x0000, 0x0000, 0x0000, 0x0000, 0x0001, 0x0001, 0x0001, 0x0001,
    0x0002, 0x0002, 0x0002, 0x0002, 0x0000, 0x0000, 0x0000, 0x0000,
    0x0001, 0x0001, 0x0001, 0x0001, 0x0002, 0x0002, 0x0002, 0x0002,
    0x0000, 0x0000, 0x0000, 0x0000, 0x0001, 0x0001, 0x0001, 0x0001,
    0x0002, 0x0002, 0x0002, 0x0002, 0x0000, 0x0000, 0x0000, 0x0000,
    0x0000, 0x0000, 0x0000, 0x0001, 0x0001, 0x0002, 0x0001, 0x0003,
    0x0002, 0x0004, 0x0002, 0x0005, 0x0000, 0x0006, 0x0000, 0x0007,
    0x0001, 0x0008, 0x0001, 0x0009, 0x0002, 0x000A, 0x0002, 0x000B,
    0x0000, 0x000C, 0x0000, 0x000D, 0x0001, 0x000E, 0x0001, 0x0083,
    0x0002, 0x0084, 0x0002, 0x000F, 0x0000, 0x000F, 0x0000, 0x0000,
    0x0000, 0x0000, 0x0000, 0x0000, 0x0001, 0x0001, 0x0001, 0x0001,
    0x0002, 0x0002, 0x0002, 0x0002, 0x0000, 0x0000, 0x0000, 0x0000,
    0x0001, 0x0001, 0x0001, 0x0001, 0x0002, 0x0002, 0x0002, 0x0002,
    0x0000, 0x0000, 0x0000, 0x0000, 0x0001, 0x0001, 0x0001, 0x0001,
    0x0002, 0x0002, 0x0002, 0x0010, 0x0000, 0x0010, 0x0000, 0x0000,
    0x0000, 0x0000, 0x0000, 0x0000, 0x0001, 0x0001, 0x0001, 0x0001,
    0x0002, 0x0002, 0x0002, 0x0002, 0x0000, 0x0000, 0x0000, 0x0000,
    0x0001, 0x0001, 0x0001, 0x0001, 0x0002, 0x0002, 0x0002, 0x0002,
    0x0000, 0x0000, 0x0000, 0x0000, 0x0001, 0x0001, 0x0001, 0x0001,
    0x0002, 0x0002, 0x0002, 0x0002, 0x0000, 0x0000, 0x0000, 0x0000,
    0x0001, 0x000F, 0x0001, 0x0011, 0x0002, 0x0011, 0x0002, 0x0011,
    0x0000, 0x0012, 0x0000, 0x0012, 0x0001, 0x0012, 0x0001, 0x0013,
    0x0002, 0x0013, 0x0002, 0x0013, 0x0000, 0x0014, 0x0000, 0x0014,
    0x0001, 0x0014, 0x0001, 0x0015, 0x0002, 0x0015, 0x0002, 0x0015,
    0x0000, 0x0016, 0x0000, 0x0016, 0x0001, 0x0016, 0x0001, 0x0001,
    0x0001, 0x0010, 0x0001, 0x0001, 0x0002, 0x0002, 0x0002, 0x0002,
    0x0000, 0x0000, 0x0000, 0x0000, 0x0001, 0x0001, 0x0001, 0x0001,
    0x0002, 0x0002, 0x0002, 0x0002, 0x0000, 0x0000, 0x0000, 0x0000,
    0x0001, 0x0001, 0x0001, 0x0001, 0x0002, 0x0002, 0x0002, 0x0002,
    0x0000, 0x0000, 0x0000, 0x0000, 0x0001, 0x0001, 0x0001, 0x0001,
    0x0001, 0x0001, 0x0001, 0x0001, 0x0002, 0x0002, 0x0002, 0x0002,
    0x0000, 0x0000, 0x0000, 0x0000, 0x0001, 0x0001, 0x0001, 0x0001,
    0x0002, 0x0002, 0x0002, 0x0002, 0x0000, 0x0000, 0x0000, 0x0000,
    0x0001, 0x0001, 0x0001, 0x0001, 0x0002, 0x0002, 0x0002, 0x0002,
    0x0000, 0x0000, 0x0000, 0x0000, 0x0001, 0x0001, 0x0001, 0x0001,
    0x0001, 0x0017, 0x0001, 0x0017, 0x0002, 0x0017, 0x0002, 0x0018,
    0x0000, 0x0018, 0x0000, 0x0018, 0x0001, 0x0019, 0x0001, 0x0019,
    0x0002, 0x0019, 0x0002, 0x001A, 0x0000, 0x001A, 0x0000, 0x001A,
    0x0001, 0x001B, 0x0001, 0x001B, 0x0002, 0x001B, 0x0002, 0x001C,
    0x0000, 0x001C, 0x0000, 0x001C, 0x0001, 0x001D, 0x0001, 0x0001,
    0x0002, 0x0002, 0x0002, 0x0002, 0x0000, 0x0000, 0x0000, 0x0000,
    0x0001, 0x0001, 0x0001, 0x0001, 0x0002, 0x0002, 0x0002, 0x0002,
    0x0000, 0x0000, 0x0000, 0x0000, 0x0001, 0x0001, 0x0001, 0x0001,
    0x0002, 0x0002, 0x0002, 0x0002, 0x0000, 0x0000, 0x0000, 0x0000,
    0x0001, 0x0001, 0x0001, 0x0001, 0x0002, 0x0002, 0x0002, 0x0002,
    0x0002, 0x001D, 0x0002, 0x001D, 0x0000, 0x001E, 0x0000, 0x001E,
    0x0001, 0x001E, 0x0001, 0x001F, 0x0002, 0x001F, 0x0002, 0x001F,
    0x0000, 0x0020, 0x0000, 0x0020, 0x0001, 0x0020, 0x0001, 0x0021,
    0x0002, 0x0021, 0x0002, 0x0021, 0x0000, 0x0022, 0x0000, 0x0022,
    0x0001, 0x0022, 0x0001, 0x0023, 0x0002, 0x0023, 0x0002, 0x0002,
    0x0002, 0x0002, 0x0002, 0x0002, 0x0000, 0x0000, 0x0000, 0x0000,
    0x0001, 0x0001, 0x0001, 0x0001, 0x0002, 0x0002, 0x0002, 0x0002,
    0x0000, 0x0000, 0x0000, 0x0000, 0x0001, 0x0001, 0x0001, 0x0001,
    0x0002, 0x0002, 0x0002, 0x0002, 0x0000, 0x0000, 0x0000, 0x0000,
    0x0001, 0x0001, 0x0001, 0x0001, 0x0002, 0x0002, 0x0002, 0x0002,
    0x0002, 0x0023, 0x0002, 0x0024, 0x0000, 0x0024, 0x0000, 0x0024,
    0x0001, 0x0025, 0x0001, 0x0025, 0x0002, 0x0025, 0x0002, 0x0026,
    0x0000, 0x0026, 0x0000, 0x0026, 0x0001, 0x0027, 0x0001, 0x0027,
    0x0002, 0x0027, 0x0002, 0x0028, 0x0000, 0x0028, 0x0000, 0x0028,
    0x0001, 0x0029, 0x0001, 0x0029, 0x0002, 0x0029, 0x0002, 0x0002,
    0x0000, 0x0000, 0x0000, 0x0000, 0x0001, 0x0001, 0x0001, 0x0001,
    0x0002, 0x0002, 0x0002, 0x0002, 0x0000, 0x0000, 0x0000, 0x0000,
    0x0001, 0x0001, 0x0001, 0x0001, 0x0002, 0x0002, 0x0002, 0x0002,
    0x0000, 0x0000, 0x0000, 0x0000, 0x0001, 0x0001, 0x0001, 0x0001,
    0x0002, 0x0002, 0x0002, 0x0002, 0x0000, 0x0000, 0x0000, 0x0000,
    0x0000, 0x002A, 0x0000, 0x002A, 0x0001, 0x002A, 0x0001, 0x002B,
    0x0002, 0x002B, 0x0002, 0x002B, 0x0000, 0x002C, 0x0000, 0x002C,
    0x0001, 0x002C, 0x0001, 0x002D, 0x0002, 0x002D, 0x0002, 0x002D,
    0x0000, 0x002E, 0x0000, 0x002E, 0x0001, 0x002E, 0x0001, 0x002F,
    0x0002, 0x002F, 0x0002, 0x002F, 0x0000, 0x0030, 0x0000, 0x0000,
    0x0000, 0x0000, 0x0000, 0x0000, 0x0001, 0x0001, 0x0001, 0x0001,
    0x0002, 0x0002, 0x0002, 0x0002, 0x0000, 0x0000, 0x0000, 0x0000,
    0x0001, 0x0001, 0x0001, 0x0001, 0x0002, 0x0002, 0x0002, 0x0002,
    0x0000, 0x0000, 0x0000, 0x0000, 0x0001, 0x0001, 0x0001, 0x0001,
    0x0002, 0x0002, 0x0002, 0x0002, 0x0000, 0x0000, 0x0000, 0x0000,
    0x0000, 0x0030, 0x0000, 0x0030, 0x0001, 0x0031, 0x0001, 0x0031,
    0x0002, 0x0031, 0x0002, 0x0032, 0x0000, 0x0032, 0x0000, 0x0032,
    0x0001, 0x0033, 0x0001, 0x0033, 0x0002, 0x0033, 0x0002, 0x0034,
    0x0000, 0x0034, 0x0000, 0x0034, 0x0001, 0x0035, 0x0001, 0x0035,
    0x0002, 0x0035, 0x0002, 0x0036, 0x0000, 0x0036, 0x0000, 0x0000,
    0x0001, 0x0001, 0x0001, 0x0001, 0x0002, 0x0002, 0x0002, 0x0002,
    0x0000, 0x0000, 0x0000, 0x0000, 0x0001, 0x0001, 0x0001, 0x0001,
    0x0002, 0x0002, 0x0002, 0x0002, 0x0000, 0x0000, 0x0000, 0x0000,
    0x0001, 0x0001, 0x0001, 0x0001, 0x0002, 0x0002, 0x0002, 0x0002,
    0x0000, 0x0000, 0x0000, 0x0000, 0x0001, 0x0001, 0x0001, 0x0001,
    0x0001, 0x0036, 0x0001, 0x0037, 0x0002, 0x0037, 0x0002, 0x0037,
    0x0000, 0x0038, 0x0000, 0x0038, 0x0001, 0x0038, 0x0001, 0x0039,
    0x0002, 0x0039, 0x0002, 0x0039, 0x0000, 0x003A, 0x0000, 0x003A,
    0x0001, 0x003A, 0x0001, 0x003B, 0x0002, 0x003B, 0x0002, 0x003B,
    0x0000, 0x003C, 0x0000, 0x003C, 0x0001, 0x003C, 0x0001, 0x0001,
    0x0001, 0x0001, 0x0001, 0x0001, 0x0002, 0x0002, 0x0002, 0x0002,
    0x0000, 0x0000, 0x0000, 0x0000, 0x0001, 0x0001, 0x0001, 0x0001,
    0x0002, 0x0002, 0x0002, 0x0002, 0x0000, 0x0000, 0x0000, 0x0000,
    0x0001, 0x0001, 0x0001, 0x0001, 0x0002, 0x0002, 0x0002, 0x0002,
    0x0000, 0x0000, 0x0000, 0x0000, 0x0001, 0x0001, 0x0001, 0x0001,
    0x0001, 0x003D, 0x0001, 0x003D, 0x0002, 0x003D, 0x0002, 0x003E,
    0x0000, 0x003E, 0x0000, 0x003E, 0x0001, 0x003F, 0x0001, 0x003F,
    0x0002, 0x003F, 0x0002, 0x0040, 0x0000, 0x0040, 0x0000, 0x0040,
    0x0001, 0x0041, 0x0001, 0x0041, 0x0002, 0x0041, 0x0002, 0x0042,
    0x0000, 0x0042, 0x0000, 0x0042, 0x0001, 0x0043, 0x0001, 0x0001,
    0x0002, 0x0002, 0x0002, 0x0002, 0x0000, 0x0000, 0x0000, 0x0000,
    0x0001, 0x0001, 0x0001, 0x0001, 0x0002, 0x0002, 0x0002, 0x0002,
    0x0000, 0x0000, 0x0000, 0x0000, 0x0001, 0x0001, 0x0001, 0x0001,
    0x0002, 0x0002, 0x0002, 0x0002, 0x0000, 0x0000, 0x0000, 0x0000,
    0x0001, 0x0001, 0x0001, 0x0001, 0x0002, 0x0002, 0x0002, 0x0002,
    0x0002, 0x0043, 0x0002, 0x0043, 0x0000, 0x0044, 0x0000, 0x0044,
    0x0001, 0x0044, 0x0001, 0x0045, 0x0002, 0x0045, 0x0002, 0x0045,
    0x0000, 0x0046, 0x0000, 0x0046, 0x0001, 0x0046, 0x0001, 0x0047,
    0x0002, 0x0047, 0x0002, 0x0047, 0x0000, 0x0048, 0x0000, 0x0048,
    0x0001, 0x0048, 0x0001, 0x0049, 0x0002, 0x0049, 0x0002, 0x0002,
    0x0002, 0x0002, 0x0002, 0x0002, 0x0000, 0x0000, 0x0000, 0x0000,
    0x0001, 0x0001, 0x0001, 0x0001, 0x0002, 0x0002, 0x0002, 0x0002,
    0x0000, 0x0000, 0x0000, 0x0000, 0x0001, 0x0001, 0x0001, 0x0001,
    0x0002, 0x0002, 0x0002, 0x0002, 0x0000, 0x0000, 0x0000, 0x0000,
    0x0001, 0x0001, 0x0001, 0x0001, 0x0002, 0x0002, 0x0002, 0x0002,
    0x0002, 0x0049, 0x0002, 0x004A, 0x0000, 0x004A, 0x0000, 0x004A,
    0x0001, 0x004B, 0x0001, 0x004B, 0x0002, 0x004B, 0x0002, 0x004C,
    0x0000, 0x004C, 0x0000, 0x004C, 0x0001, 0x004D, 0x0001, 0x004D,
    0x0002, 0x004D, 0x0002, 0x004E, 0x0000, 0x004E, 0x0000, 0x004E,
    0x0001, 0x004F, 0x0001, 0x004F, 0x0002, 0x004F, 0x0002, 0x0002,
    0x0000, 0x0000, 0x0000, 0x0000, 0x0001, 0x0001, 0x0001, 0x0001,
    0x0002, 0x0002, 0x0002, 0x0002, 0x0000, 0x0000, 0x0000, 0x0000,
    0x0001, 0x0001, 0x0001, 0x0001, 0x0002, 0x0002, 0x0002, 0x0002,
    0x0000, 0x0000, 0x0000, 0x0000, 0x0001, 0x0001, 0x0001, 0x0001,
    0x0002, 0x0002, 0x0002, 0x0002, 0x0000, 0x0000, 0x0000, 0x0000,
    0x0000, 0x0050, 0x0000, 0x0050, 0x0001, 0x0050, 0x0001, 0x0051,
    0x0002, 0x0051, 0x0002, 0x0051, 0x0000, 0x0052, 0x0000, 0x0052,
    0x0001, 0x0052, 0x0001, 0x0053, 0x0002, 0x0053, 0x0002, 0x0053,
    0x0000, 0x0054, 0x0000, 0x0054, 0x0001, 0x0054, 0x0001, 0x0055,
    0x0002, 0x0055, 0x0002, 0x0055, 0x0000, 0x0056, 0x0000, 0x0000,
    0x0000, 0x0000, 0x0000, 0x0000, 0x0001, 0x0001, 0x0001, 0x0001,
    0x0002, 0x0002, 0x0002, 0x0002, 0x0000, 0x0000, 0x0000, 0x0000,
    0x0001, 0x0001, 0x0001, 0x0001, 0x0002, 0x0002, 0x0002, 0x0002,
    0x0000, 0x0000, 0x0000, 0x0000, 0x0001, 0x0001, 0x0001, 0x0001,
    0x0002, 0x0002, 0x0002, 0x0002, 0x0000, 0x0000, 0x0000, 0x0000,
    0x0000, 0x0056, 0x0000, 0x0056, 0x0001, 0x0057, 0x0001, 0x0057,
    0x0002, 0x0057, 0x0002, 0x0058, 0x0000, 0x0058, 0x0000, 0x0058,
    0x0001, 0x0059, 0x0001, 0x0059, 0x0002, 0x0059, 0x0002, 0x005A,
    0x0000, 0x005A, 0x0000, 0x005A, 0x0001, 0x005B, 0x0001, 0x005B,
    0x0002, 0x005B, 0x0002, 0x005C, 0x0000, 0x005C, 0x0000, 0x0000,
    0x0001, 0x0001, 0x0001, 0x0001, 0x0002, 0x0002, 0x0002, 0x0002,
    0x0000, 0x0000, 0x0000, 0x0000, 0x0001, 0x0001, 0x0001, 0x0001,
    0x0002, 0x0002, 0x0002, 0x0002, 0x0000, 0x0000, 0x0000, 0x0000,
    0x0001, 0x0001, 0x0001, 0x0001, 0x0002, 0x0002, 0x0002, 0x0002,
    0x0000, 0x0000, 0x0000, 0x0000, 0x0001, 0x0001, 0x0001, 0x0001,
    0x0001, 0x005C, 0x0001, 0x005D, 0x0002, 0x005D, 0x0002, 0x005D,
    0x0000, 0x005E, 0x0000, 0x005E, 0x0001, 0x005E, 0x0001, 0x005F,
    0x0002, 0x005F, 0x0002, 0x005F, 0x0000, 0x0060, 0x0000, 0x0060,
    0x0001, 0x0060, 0x0001, 0x0061, 0x0002, 0x0061, 0x0002, 0x0061,
    0x0000, 0x0062, 0x0000, 0x0062, 0x0001, 0x0062, 0x0001, 0x0001,
    0x0001, 0x0001, 0x0001, 0x0001, 0x0002, 0x0002, 0x0002, 0x0002,
    0x0000, 0x0000, 0x0000, 0x0000, 0x0001, 0x0001, 0x0001, 0x0001,
    0x0002, 0x0002, 0x0002, 0x0002, 0x0000, 0x0000, 0x0000, 0x0000,
    0x0001, 0x0001, 0x0001, 0x0001, 0x0002, 0x0002, 0x0002, 0x0002,
    0x0000, 0x0000, 0x0000, 0x0000, 0x0001, 0x0001, 0x0001, 0x0001,
    0x0001, 0x0063, 0x0001, 0x0063, 0x0002, 0x0063, 0x0002, 0x0064,
    0x0000, 0x0064, 0x0000, 0x0064, 0x0001, 0x0065, 0x0001, 0x0065,
    0x0002, 0x0065, 0x0002, 0x0066, 0x0000, 0x0066, 0x0000, 0x0066,
    0x0001, 0x0067, 0x0001, 0x0067, 0x0002, 0x0067, 0x0002, 0x0068,
    0x0000, 0x0068, 0x0000, 0x0068, 0x0001, 0x0069, 0x0001, 0x0001,
    0x0002, 0x0002, 0x0002, 0x0002, 0x0000, 0x0000, 0x0000, 0x0000,
    0x0001, 0x0001, 0x0001, 0x0001, 0x0002, 0x0002, 0x0002, 0x0002,
    0x0000, 0x0000, 0x0000, 0x0000, 0x0001, 0x0001, 0x0001, 0x0001,
    0x0002, 0x0002, 0x0002, 0x0002, 0x0000, 0x0000, 0x0000, 0x0000,
    0x0001, 0x0001, 0x0001, 0x0001, 0x0002, 0x0002, 0x0002, 0x0002,
    0x0002, 0x0069, 0x0002, 0x0069, 0x0000, 0x006A, 0x0000, 0x006A,
    0x0001, 0x006A, 0x0001, 0x006B, 0x0002, 0x006B, 0x0002, 0x006B,
    0x0000, 0x006C, 0x0000, 0x006C, 0x0001, 0x006C, 0x0001, 0x006D,
    0x0002, 0x006D, 0x0002, 0x006D, 0x0000, 0x006E, 0x0000, 0x006E,
    0x0001, 0x006E, 0x0001, 0x006F, 0x0002, 0x006F, 0x0002, 0x0002,
    0x0002, 0x0002, 0x0002, 0x0002, 0x0000, 0x0000, 0x0000, 0x0000,
    0x0001, 0x0001, 0x0001, 0x0001, 0x0002, 0x0002, 0x0002, 0x0002,
    0x0000, 0x0000, 0x0000, 0x0000, 0x0001, 0x0001, 0x0001, 0x0001,
    0x0002, 0x0002, 0x0002, 0x0002, 0x0000, 0x0000, 0x0000, 0x0000,
    0x0001, 0x0001, 0x0001, 0x0001, 0x0002, 0x0002, 0x0002, 0x0002,
    0x0002, 0x006F, 0x0002, 0x0070, 0x0000, 0x0070, 0x0000, 0x0070,
    0x0001, 0x0071, 0x0001, 0x0071, 0x0002, 0x0071, 0x0002, 0x0072,
    0x0000, 0x0072, 0x0000, 0x0072, 0x0001, 0x0073, 0x0001, 0x0073,
    0x0002, 0x0073, 0x0002, 0x0074, 0x0000, 0x0074, 0x0000, 0x0074,
    0x0001, 0x0075, 0x0001, 0x0075, 0x0002, 0x0075, 0x0002, 0x0002,
    0x0000, 0x0000, 0x0000, 0x0000, 0x0001, 0x0001, 0x0001, 0x0001,
    0x0002, 0x0002, 0x0002, 0x0002, 0x0000, 0x0000, 0x0000, 0x0000,
    0x0001, 0x0001, 0x0001, 0x0001, 0x0002, 0x0002, 0x0002, 0x0002,
    0x0000, 0x0000, 0x0000, 0x0000, 0x0001, 0x0001, 0x0001, 0x0001,
    0x0002, 0x0002, 0x0002, 0x0002, 0x0000, 0x0000, 0x0000, 0x0000,
    0x0000, 0x0076, 0x0000, 0x0076, 0x0001, 0x0076, 0x0001, 0x0077,
    0x0002, 0x0077, 0x0002, 0x0077, 0x0000, 0x0078, 0x0000, 0x0078,
    0x0001, 0x0078, 0x0001, 0x0079, 0x0002, 0x0079, 0x0002, 0x0079,
    0x0000, 0x007A, 0x0000, 0x007A, 0x0001, 0x007A, 0x0001, 0x007C,
    0x0002, 0x007C, 0x0002, 0x007C, 0x0000, 0x007E, 0x0000, 0x0000,
    0x0000, 0x0000, 0x0000, 0x0000, 0x0001, 0x0001, 0x0001, 0x0001,
    0x0002, 0x0002, 0x0002, 0x0002, 0x0000, 0x0000, 0x0000, 0x0000,
    0x0001, 0x0001, 0x0001, 0x0001, 0x0002, 0x0002, 0x0002, 0x0002,
    0x0000, 0x007B, 0x0000, 0x007B, 0x0001, 0x007B, 0x0001, 0x007D,
    0x0002, 0x007D, 0x0002, 0x007D, 0x0000, 0x007F, 0x0000, 0x0000,
    0x0000, 0x0000, 0x0000, 0x0000, 0x0001, 0x0001, 0x0001, 0x0001,
    0x0002, 0x0002, 0x0002, 0x0002, 0x0000, 0x0000, 0x0000, 0x0000,
    0x0001, 0x0001, 0x0001, 0x0001, 0x0002, 0x0002, 0x0002, 0x0002,
    0x0000, 0x0000, 0x0000, 0x0000, 0x0001, 0x0001, 0x0001, 0x0001,
    0x0002, 0x0002, 0x0002, 0x0002, 0x0000, 0x0000, 0x0000, 0x0000,
    0x0001, 0x007E, 0x0001, 0x007E, 0x0002, 0x0080, 0x0002, 0x0080,
    0x0000, 0x0080, 0x0000, 0x0082, 0x0001, 0x0082, 0x0001, 0x0082,
    0x0002, 0x0085, 0x0086, 0x0087, 0x0088, 0x0089, 0x008A, 0x0000,
    0x0001, 0x0001, 0x0001, 0x0001, 0x0002, 0xFFF1, 0xFFF1, 0xFFF1,
    0xFFF1, 0x0000, 0x0000, 0x0000, 0x0001, 0x0001, 0x0001, 0x0001,
    0x0001, 0x007F, 0x0001, 0x007F, 0x0002, 0x0081, 0x0002, 0x0081,
    0x0000, 0x0081, 0x0000, 0x0000, 0x0001, 0x0001, 0x0001, 0x0001,
    0x0002, 0x008B, 0x008C, 0x008D, 0x008E, 0x008F, 0x0090, 0x0000,
    0xFFF0, 0xFFF0, 0xFFF0, 0xFFF0, 0x0002, 0xFFF1, 0xFFF1, 0xFFF1,
    0xFFF1, 0x0000, 0x0000, 0x0000, 0x0001, 0x0001, 0x0001, 0x0001,
    0x0001, 0x0001, 0x0001, 0x0001, 0x0002, 0x0002, 0x0002, 0x0002,
    0x0000, 0x0000, 0x0000, 0x0000, 0x0001, 0x0001, 0x0001, 0x0001,
    0x0002, 0x0091, 0x0092, 0x0093, 0x0094, 0x0095, 0x0096, 0x0000,
    0x0001, 0x0001, 0x0001, 0x0001, 0x0002, 0xFFF1, 0xFFF1, 0xFFF1,
    0xFFF1, 0x0000, 0x0000, 0x0000, 0x0001, 0x0001, 0x0001, 0x0001,
    0x0001, 0x0001, 0x0001, 0x0001, 0x0002, 0x0002, 0x0002, 0x0002,
    0x0000, 0x0000, 0x0000, 0x0000, 0x0001, 0x0001, 0x0001, 0x0001,
    0x0002, 0x0097, 0x0098, 0x0099, 0x009A, 0x009B, 0x009C, 0x0000,
    0x0001, 0x0001, 0x0001, 0x0001, 0x0002, 0x0002, 0x0002, 0x0002,
    0x0000, 0x0000, 0x0000, 0x0000, 0x0001, 0x0001, 0x0001, 0x0001,
    0x0002, 0x0002, 0x0002, 0x0002, 0x0000, 0x0000, 0x0000, 0x0000,
    0x0001, 0x0001, 0x0001, 0x0001, 0x0002, 0x0002, 0x0002, 0x0002,
    0x0000, 0x009D, 0x009E, 0x009F, 0x00A0, 0x00A1, 0x00A2, 0x0001,
    0x0002, 0x0002, 0x0002, 0x0002, 0x0000, 0x0000, 0x0000, 0x0000,
    0x0001, 0x0001, 0x0001, 0x0001, 0x0002, 0x0002, 0x0002, 0x0002,
    0x0002, 0x0002, 0x0002, 0x0002, 0x0000, 0x0000, 0x0000, 0x0000,
    0x0001, 0x0001, 0x0001, 0x0001, 0x0002, 0x0002, 0x0002, 0x0002,
    0x0000, 0x0000, 0x0000, 0x0000, 0x0001, 0x0001, 0x0001, 0x0001,
    0x0002, 0x0002, 0x0002, 0x0002, 0x0000, 0x0000, 0x0000, 0x0000,
    0x0001, 0x0001, 0x0001, 0x0001, 0x0002, 0x0002, 0x0002, 0x0002,
    0x0002, 0x0002, 0x0002, 0x0002, 0x0000, 0x0000, 0x0000, 0x0000,
    0x0001, 0x0001, 0x0001, 0x0001, 0x0002, 0x0002, 0x0002, 0x0002,
    0x0000, 0x0000, 0x0000, 0x0000, 0x0001, 0x0001, 0x0001, 0x0001,
    0x0002, 0x0002, 0x0002, 0x0002, 0x0000, 0x0000, 0x0000, 0x0000,
    0x0001, 0x0001, 0x0001, 0x0001, 0x0002, 0x0002, 0x0002, 0x0002,
    0x0002, 0x0002, 0x0002, 0x0002, 0x0000, 0x0000, 0x0000, 0x0000,
    0x0001, 0x0001, 0x0001, 0x0001, 0x0002, 0x0002, 0x0002, 0x0002,
    0x0000, 0x0000, 0x0000, 0x0000, 0x0001, 0x0001, 0x0001, 0x0001,
    0x0002, 0x0002, 0x0002, 0x0002, 0x0000, 0x0000, 0x0000, 0x0000,
    0x0001, 0x0001, 0x0001, 0x0001, 0x0002, 0x0002, 0x0002, 0x0002,
    0x0000, 0x0000, 0x0000, 0x0000, 0x0001, 0x0001, 0x0001, 0x0001,
    0x0002, 0x0002, 0x0002, 0x0002, 0x0000, 0x0000, 0x0000, 0x0000,
    0x0001, 0x0001, 0x0001, 0x0001, 0x0002, 0x0002, 0x0002, 0x0002,
    0x0000, 0x0000, 0x0000, 0x0000, 0x0001, 0x0001, 0x0001, 0x0001,
    0x0002, 0x0002, 0x0002, 0x0002, 0x0000, 0x0000, 0x0000, 0x0000,
    0x0000, 0x0000, 0x0000, 0x0000, 0x0001, 0x0001, 0x0001, 0x0001,
    0x0002, 0x0002, 0x0002, 0x0002, 0x0000, 0x0000, 0x0000, 0x0000,
    0x0001, 0x0001, 0x0001, 0x0001, 0x0002, 0x0002, 0x0002, 0x0002,
    0x0000, 0x0000, 0x0000, 0x0000, 0x0001, 0x0001, 0x0001, 0x0001,
    0x0002, 0x0002, 0x0002, 0x0002, 0x0000, 0x0000, 0x0000, 0x0000,
    0x0000, 0x0000, 0x0000, 0x0000, 0x0001, 0x0001, 0x0001, 0x0001,
    0x0002, 0x0002, 0x0002, 0x0002, 0x0000, 0x0000, 0x0000, 0x0000,
    0x0001, 0x0001, 0x0001, 0x0001, 0x0002, 0x0002, 0x0002, 0x0002,
    0x0000, 0x0000, 0x0000, 0x0000, 0x0001, 0x0001, 0x0001, 0x0001,
    0x0002, 0x0002, 0x0002, 0x0002, 0x0000, 0x0000, 0x0000, 0x0000,
    0x0000, 0x0000, 0x0000, 0x0000, 0x0001, 0x0001, 0x0001, 0x0001,
    0x0002, 0x0002, 0x0002, 0x0002, 0x0000, 0x0000, 0x0000, 0x0000,
    0x0001, 0x0001, 0x0001, 0x0001, 0x0002, 0x0002, 0x0002, 0x0002,
    0x0000, 0x0000, 0x0000, 0x0000, 0x0001, 0x0001, 0x0001, 0x0001,
    0x0002, 0x0002, 0x0002, 0x0002, 0x0000, 0x0000, 0x0000, 0x0000,
    0x0001, 0x0001, 0x0001, 0x0001, 0x0002, 0x0002, 0x0002, 0x0002,
    0x0000, 0x0000, 0x0000, 0x0000, 0x0001, 0x0001, 0x0001, 0x0001,
    0x0002, 0x0002, 0x0002, 0x0002, 0x0000, 0x0000, 0x0000, 0x0000,
    0x0001, 0x0001, 0x0001, 0x0001, 0x0002, 0x0002, 0x0002, 0x0002,
    0x0000, 0x0000, 0x0000, 0x0000, 0x0001, 0x0001, 0x0001, 0x0001,
    0x0001, 0x0001, 0x0001, 0x0001, 0x0002, 0x0002, 0x0002, 0x0002,
    0x0000, 0x0000, 0x0000, 0x0000, 0x0001, 0x0001, 0x0001, 0x0001,
    0x0002, 0x0002, 0x0002, 0x0002, 0x0000, 0x0000, 0x0000, 0x0000,
    0x0001, 0x0001, 0x0001, 0x0001, 0x0002, 0x0002, 0x0002, 0x0002,
    0x0000, 0x0000, 0x0000, 0x0000, 0x0001, 0x0001, 0x0001, 0x0001,
    0x0001, 0x0001, 0x0001, 0x0001, 0x0002, 0x0002, 0x0002, 0x0002,
    0x0000, 0x0000, 0x0000, 0x0000, 0x0001, 0x0001, 0x0001, 0x0001,
    0x0002, 0x0002, 0x0002, 0x0002, 0x0000, 0x0000, 0x0000, 0x0000,
    0x0001, 0x0001, 0x0001, 0x0001, 0x0002, 0x0002, 0x0002, 0x0002,
    0x0000, 0x0000, 0x0000, 0x0000, 0x0001, 0x0001, 0x0001, 0x0001,
    0x0001, 0x0001, 0x0001, 0x0001, 0x0002, 0x0002, 0x0002, 0x0002,
    0x0000, 0x0000, 0x0000, 0x0000, 0x0001, 0x0001, 0x0001, 0x0001,
    0x0002, 0x0002, 0x0002, 0x0002, 0x0000, 0x0000, 0x0000, 0x0000,
    0x0001, 0x0001, 0x0001, 0x0001, 0x0002, 0x0002, 0x0002, 0x0002,
    0x0000, 0x0000, 0x0000, 0x0000, 0x0001, 0x0001, 0x0001, 0x0001,
    0x0002, 0x0002, 0x0002, 0x0002, 0x0000, 0x0000, 0x0000, 0x0000,
    0x0001, 0x0001, 0x0001, 0x0001, 0x0002, 0x0002, 0x0002, 0x0002,
    0x0000, 0x0000, 0x0000, 0x0000, 0x0001, 0x0001, 0x0001, 0x0001,
    0x0002, 0x0002, 0x0002, 0x0002, 0x0000, 0x0000, 0x0000, 0x0000,
    0x0001, 0x0001, 0x0001, 0x0001, 0x0002, 0x0002, 0x0002, 0x0002,
    0x0002, 0x0002, 0x0002, 0x0002, 0x0000, 0x0000, 0x0000, 0x0000,
    0x0001, 0x0001, 0x0001, 0x0001, 0x0002, 0x0002, 0x0002, 0x0002,
    0x0000, 0x0000, 0x0000, 0x0000, 0x0001, 0x0001, 0x0001, 0x0001,
    0x0002, 0x0002, 0x0002, 0x0002, 0x0000, 0x0000, 0x0000, 0x0000,
    0x0001, 0x0001, 0x0001, 0x0001, 0x0002, 0x0002, 0x0002, 0x0002,
    0x0002, 0x0002, 0x0002, 0x0002, 0x0000, 0x0000, 0x0000, 0x0000,
    0x0001, 0x0001, 0x0001, 0x0001, 0x0002, 0x0002, 0x0002, 0x0002,
    0x0000, 0x0000, 0x0000, 0x0000, 0x0001, 0x0001, 0x0001, 0x0001,
    0x0002, 0x0002, 0x0002, 0x0002, 0x0000, 0x0000, 0x0000, 0x0000,
    0x0001, 0x0001, 0x0001, 0x0001, 0x0002, 0x0002, 0x0002, 0x0002,
};

static const u16 VIEW_FARM_1_GROUND[2360] = {
    0x0000, 0x0000, 0x0000, 0x0000, 0x0000, 0x0000, 0x0000, 0x0000,
    0x0000, 0x0000, 0x0000, 0x0000, 0x0000, 0x0000, 0x0000, 0x0000,
    0x0000, 0x0000, 0x0000, 0x0000, 0x0000, 0x0000, 0x0000, 0x0000,
    0x0000, 0x0000, 0x0000, 0x0000, 0x0000, 0x0000, 0x0000, 0x0000,
    0x0000, 0x0000, 0x0000, 0x0000, 0x0000, 0x0000, 0x0000, 0x0000,
    0x0000, 0x0000, 0x0000, 0x0000, 0x0000, 0x0000, 0x0000, 0x0000,
    0x0000, 0x0000, 0x0000, 0x0000, 0x0000, 0x0000, 0x0000, 0x0000,
    0x0000, 0x0000, 0x0000, 0x0000, 0x0000, 0x0000, 0x0000, 0x0000,
    0x0000, 0x0000, 0x0000, 0x0000, 0x0000, 0x0000, 0x0000, 0x0000,
    0x0000, 0x0000, 0x0000, 0x0000, 0x0000, 0x0001, 0x0000, 0x0000,
    0x0000, 0x0000, 0x0000, 0x0000, 0x0000, 0x0000, 0x0000, 0x0000,
    0x0000, 0x0000, 0x0000, 0x0000, 0x0000, 0x0000, 0x0000, 0x0000,
    0x0000, 0x0000, 0x0000, 0x0000, 0x0000, 0x0000, 0x0000, 0x0000,
    0x0000, 0x0000, 0x0000, 0x0000, 0x0000, 0x0000, 0x0000, 0x0000,
    0x0000, 0x0000, 0x0000, 0x0000, 0x0000, 0x0001, 0x0000, 0x0000,
    0x0000, 0x0000, 0x0000, 0x0000, 0x0000, 0x0000, 0x0000, 0x0000,
    0x0000, 0x0000, 0x0000, 0x0000, 0x0000, 0x0000, 0x0000, 0x0000,
    0x0000, 0x0000, 0x0000, 0x0000, 0x0000, 0x0000, 0x0000, 0x0000,
    0x0000, 0x0000, 0x0000, 0x0000, 0x0000, 0x0000, 0x0000, 0x0000,
    0x0000, 0x0000, 0x0000, 0x0000, 0x0000, 0x0000, 0x0000, 0x0000,
    0x0000, 0x0002, 0x0000, 0x0000, 0x0000, 0x0001, 0x0000, 0x0002,
    0x0000, 0x0000, 0x0000, 0x0001, 0x0000, 0x0002, 0x0000, 0x0000,
    0x0000, 0x0001, 0x0000, 0x0002, 0x0000, 0x0000, 0x0000, 0x0001,
    0x0000, 0x0002, 0x0000, 0x0000, 0x0000, 0x0001, 0x0000, 0x0002,
    0x0000, 0x0000, 0x0000, 0x0001, 0x0000, 0x0002, 0x0000, 0x0000,
    0x0000, 0x0002, 0x0000, 0x0000, 0x0000, 0x0000, 0x0000, 0x0000,
    0x0000, 0x0000, 0x0000, 0x0000, 0x0000, 0x0000, 0x0000, 0x0000,
    0x0000, 0x0000, 0x0000, 0x0000, 0x0000, 0x0000, 0x0000, 0x0000,
    0x0000, 0x0000, 0x0000, 0x0000, 0x0000, 0x0000, 0x0000, 0x0000,
    0x0000, 0x0000, 0x0000, 0x0000, 0x0000, 0x0000, 0x0000, 0x0000,
    0x0000, 0x0000, 0x0000, 0x0000, 0x0000, 0x0000, 0x0000, 0x0000,
    0x0000, 0x0000, 0x0000, 0x0000, 0x0000, 0x0000, 0x0000, 0x0000,
    0x0000, 0x0000, 0x0000, 0x0000, 0x0000, 0x0000, 0x0000, 0x0000,
    0x0000, 0x0000, 0x0000, 0x0000, 0x0000, 0x0000, 0x0000, 0x0000,
    0x0000, 0x0000, 0x0000, 0x0000, 0x0000, 0x0000, 0x0000, 0x0000,
    0x0000, 0x0000, 0x0000, 0x0001, 0x0000, 0x0002, 0x0000, 0x0000,
    0x0000, 0x0001, 0x0000, 0x0002, 0x0000, 0x0000, 0x0000, 0x0001,
    0x0000, 0x0002, 0x0000, 0x0000, 0x0000, 0x0001, 0x0000, 0x0002,
    0x0000, 0x0000, 0x0000, 0x0001, 0x0000, 0x0002, 0x0000, 0x0000,
    0x0000, 0x0001, 0x0000, 0x0002, 0x0000, 0x0000, 0x0000, 0x0000,
    0x0000, 0x0000, 0x0000, 0x0000, 0x0000, 0x0000, 0x0000, 0x0000,
    0x0000, 0x0000, 0x0000, 0x0000, 0x0000, 0x0000, 0x0000, 0x0000,
    0x0000, 0x0000, 0x0000, 0x0000, 0x0000, 0x0000, 0x0000, 0x0000,
    0x0000, 0x0000, 0x0000, 0x0000, 0x0000, 0x0000, 0x0000, 0x0000,
    0x0000, 0x0000, 0x0000, 0x0000, 0x0000, 0x0000, 0x0000, 0x0000,
    0x0000, 0x0001, 0x0000, 0x0002, 0x0000, 0x0000, 0x0000, 0x0001,
    0x0000, 0x0002, 0x0000, 0x0000, 0x0000, 0x0001, 0x0000, 0x0002,
    0x0000, 0x0000, 0x0000, 0x0001, 0x0000, 0x0002, 0x0000, 0x0000,
    0x0000, 0x0001, 0x0000, 0x0002, 0x0000, 0x0000, 0x0000, 0x0001,
    0x0000, 0x0002, 0x0000, 0x0000, 0x0000, 0x0001, 0x0000, 0x0000,
    0x0000, 0x0000, 0x0000, 0x0000, 0x0000, 0x0000, 0x0000, 0x0000,
    0x0000, 0x0000, 0x0000, 0x0000, 0x0000, 0x0000, 0x0000, 0x0000,
    0x0000, 0x0000, 0x0000, 0x0000, 0x0000, 0x0000, 0x0000, 0x0000,
    0x0000, 0x0000, 0x0000, 0x0000, 0x0000, 0x0000, 0x0000, 0x0000,
    0x0000, 0x0000, 0x0000, 0x0000, 0x0000, 0x0000, 0x0000, 0x0000,
    0x0000, 0x0002, 0x0000, 0x0000, 0x0000, 0x0001, 0x0000, 0x0002,
    0x0000, 0x0000, 0x0000, 0x0001, 0x0000, 0x0002, 0x0000, 0x0000,
    0x0000, 0x0001, 0x0000, 0x0002, 0x0000, 0x0000, 0x0000, 0x0001,
    0x0000, 0x0002, 0x0000, 0x0000, 0x0000, 0x0001, 0x0000, 0x0002,
    0x0000, 0x0000, 0x0000, 0x0001, 0x0000, 0x0002, 0x0000, 0x0000,
    0x0000, 0x0000, 0x0000, 0x0000, 0x0000, 0x0000, 0x0000, 0x0000,
    0x0000, 0x0000, 0x0000, 0x0000, 0x0000, 0x0000, 0x0000, 0x0000,
    0x0000, 0x0000, 0x0000, 0x0000, 0x0000, 0x0000, 0x0000, 0x0000,
    0x0000, 0x0000, 0x0000, 0x0000, 0x0000, 0x0000, 0x0000, 0x0000,
    0x0000, 0x0000, 0x0000, 0x0000, 0x0000, 0x0000, 0x0000, 0x0000,
    0x0000, 0x0000, 0x0000, 0x0001, 0x0000, 0x0002, 0x0000, 0x0000,
    0x0000, 0x0001, 0x0000, 0x0002, 0x0000, 0x0000, 0x0000, 0x0001,
    0x0000, 0x0002, 0x0000, 0x0000, 0x0000, 0x0001, 0x0000, 0x0002,
    0x0000, 0x0000, 0x0000, 0x0001, 0x0000, 0x0002, 0x0000, 0x0000,
    0x0000, 0x0001, 0x0000, 0x0002, 0x0000, 0x0000, 0x0000, 0x0000,
    0x0000, 0x0000, 0x0000, 0x0000, 0x0000, 0x0000, 0x0000, 0x0000,
    0x0000, 0x0000, 0x0000, 0x0000, 0x0000, 0x0000, 0x0000, 0x0000,
    0x0000, 0x0000, 0x0000, 0x0000, 0x0000, 0x0000, 0x0000, 0x0000,
    0x0000, 0x0000, 0x0000, 0x0000, 0x0000, 0x0000, 0x0000, 0x0000,
    0x0000, 0x0000, 0x0000, 0x0000, 0x0000, 0x0000, 0x0000, 0x0000,
    0x0000, 0x0001, 0x0000, 0x0002, 0x0000, 0x0000, 0x0000, 0x0001,
    0x0000, 0x0002, 0x0000, 0x0000, 0x0000, 0x0001, 0x0000, 0x0002,
    0x0000, 0x0000, 0x0000, 0x0001, 0x0000, 0x0002, 0x0000, 0x0000,
    0x0000, 0x0001, 0x0000, 0x0002, 0x0000, 0x0000, 0x0000, 0x0001,
    0x0000, 0x0002, 0x0000, 0x0000, 0x0000, 0x0001, 0x0000, 0x0000,
    0x0000, 0x0000, 0x0000, 0x0000, 0x0000, 0x0000, 0x0000, 0x0000,
    0x0000, 0x0000, 0x0000, 0x0000, 0x0000, 0x0000, 0x0000, 0x0000,
    0x0000, 0x0000, 0x0000, 0x0000, 0x0000, 0x0000, 0x0000, 0x0000,
    0x0000, 0x0000, 0x0000, 0x0000, 0x0000, 0x0000, 0x0000, 0x0000,
    0x0000, 0x0000, 0x0000, 0x0000, 0x0000, 0x0000, 0x0000, 0x0000,
    0x0000, 0x0002, 0x0000, 0x0000, 0x0000, 0x0001, 0x0000, 0x0002,
    0x0000, 0x0000, 0x0000, 0x0001, 0x0000, 0x0002, 0x0000, 0x0000,
    0x0000, 0x0001, 0x0000, 0x0002, 0x0000, 0x0000, 0x0000, 0x0001,
    0x0000, 0x0002, 0x0000, 0x0000, 0x0000, 0x0001, 0x0000, 0x0002,
    0x0000, 0x0000, 0x0000, 0x0001, 0x0000, 0x0002, 0x0000, 0x0000,
    0x0000, 0x0000, 0x0000, 0x0000, 0x0000, 0x0000, 0x0000, 0x0000,
    0x0000, 0x0000, 0x0000, 0x0000, 0x0000, 0x0000, 0x0000, 0x0000,
    0x0000, 0x0000, 0x0000, 0x0000, 0x0000, 0x0000, 0x0000, 0x0000,
    0x0000, 0x0000, 0x0000, 0x0000, 0x0000, 0x0000, 0x0000, 0x0000,
    0x0000, 0x0000, 0x0000, 0x0000, 0x0000, 0x0000, 0x0000, 0x0000,
    0x0000, 0x0000, 0x0000, 0x0001, 0x0000, 0x0002, 0x0000, 0x0000,
    0x0000, 0x0001, 0x0000, 0x0002, 0x0000, 0x0000, 0x0000, 0x0001,
    0x0000, 0x0002, 0x0000, 0x0000, 0x0000, 0x0001, 0x0000, 0x0002,
    0x0000, 0x0000, 0x0000, 0x0001, 0x0000, 0x0002, 0x0000, 0x0000,
    0x0000, 0x0001, 0x0000, 0x0002, 0x0000, 0x0000, 0x0000, 0x0000,
    0x0000, 0x0000, 0x0000, 0x0000, 0x0000, 0x0000, 0x0000, 0x0000,
    0x0000, 0x0000, 0x0000, 0x0000, 0x0000, 0x0000, 0x0000, 0x0000,
    0x0000, 0x0000, 0x0000, 0x0000, 0x0000, 0x0000, 0x0000, 0x0000,
    0x0000, 0x0000, 0x0000, 0x0000, 0x0000, 0x0000, 0x0000, 0x0000,
    0x0000, 0x0000, 0x0000, 0x0000, 0x0000, 0x0000, 0x0000, 0x0000,
    0x0000, 0x0001, 0x0000, 0x0002, 0x0000, 0x0000, 0x0000, 0x0001,
    0x0000, 0x0002, 0x0000, 0x0000, 0x0000, 0x0001, 0x0000, 0x0002,
    0x0000, 0x0000, 0x0000, 0x0001, 0x0000, 0x0002, 0x0000, 0x0000,
    0x0000, 0x0001, 0x0000, 0x0002, 0x0000, 0x0000, 0x0000, 0x0001,
    0x0000, 0x0002, 0x0000, 0x0000, 0x0000, 0x0001, 0x0000, 0x0000,
    0x0000, 0x0000, 0x0000, 0x0000, 0x0000, 0x0000, 0x0000, 0x0000,
    0x0000, 0x0000, 0x0000, 0x0000, 0x0000, 0x0000, 0x0000, 0x0000,
    0x0000, 0x0000, 0x0000, 0x0000, 0x0000, 0x0000, 0x0000, 0x0000,
    0x0000, 0x0000, 0x0000, 0x0000, 0x0000, 0x0000, 0x0000, 0x0000,
    0x0000, 0x0000, 0x0000, 0x0000, 0x0000, 0x0000, 0x0000, 0x0000,
    0x0000, 0x0002, 0x0000, 0x0000, 0x0000, 0x0001, 0x0000, 0x0002,
    0x0000, 0x0000, 0x0000, 0x0001, 0x0000, 0x0002, 0x0000, 0x0000,
    0x0000, 0x0001, 0x0000, 0x0002, 0x0000, 0x0000, 0x0000, 0x0001,
    0x0000, 0x0002, 0x0000, 0x0000, 0x0000, 0x0001, 0x0000, 0x0002,
    0x0000, 0x0000, 0x0000, 0x0001, 0x0000, 0x0002, 0x0000, 0x0000,
    0x0000, 0x0000, 0x0000, 0x0000, 0x0000, 0x0000, 0x0000, 0x0000,
    0x0000, 0x0000, 0x0000, 0x0000, 0x0000, 0x0000, 0x0000, 0x0000,
    0x0000, 0x0000, 0x0000, 0x0000, 0x0000, 0x0000, 0x0000, 0x0000,
    0x0000, 0x0000, 0x0000, 0x0000, 0x0000, 0x0000, 0x0000, 0x0000,
    0x0000, 0x0000, 0x0000, 0x0000, 0x0000, 0x0000, 0x0000, 0x0000,
    0x0000, 0x0000, 0x0000, 0x0001, 0x0000, 0x0002, 0x0000, 0x0000,
    0x0000, 0x0001, 0x0000, 0x0002, 0x0000, 0x0000, 0x0000, 0x0001,
    0x0000, 0x0002, 0x0000, 0x0000, 0x0000, 0x0001, 0x0000, 0x0002,
    0x0000, 0x0000, 0x0000, 0x0001, 0x0000, 0x0002, 0x0000, 0x0000,
    0x0000, 0x0001, 0x0000, 0x0002, 0x0000, 0x0000, 0x0000, 0x0000,
    0x0000, 0x0000, 0x0000, 0x0000, 0x0000, 0x0000, 0x0000, 0x0000,
    0x0000, 0x0000, 0x0000, 0x0000, 0x0000, 0x0000, 0x0000, 0x0000,
    0x0000, 0x0000, 0x0000, 0x0000, 0x0000, 0x0000, 0x0000, 0x0000,
    0x0000, 0x0000, 0x0000, 0x0000, 0x0000, 0x0000, 0x0000, 0x0000,
    0x0000, 0x0000, 0x0000, 0x0000, 0x0000, 0x0000, 0x0000, 0x0000,
    0x0000, 0x0001, 0x0000, 0x0002, 0x0000, 0x0000, 0x0000, 0x0001,
    0x0000, 0x0002, 0x0000, 0x0000, 0x0000, 0x0001, 0x0000, 0x0002,
    0x0000, 0x0000, 0x0000, 0x0001, 0x0000, 0x0002, 0x0000, 0x0000,
    0x0000, 0x0001, 0x0000, 0x0002, 0x0000, 0x0000, 0x0000, 0x0001,
    0x0000, 0x0002, 0x0000, 0x0000, 0x0000, 0x0001, 0x0000, 0x0000,
    0x0000, 0x0000, 0x0000, 0x0000, 0x0000, 0x0000, 0x0000, 0x0000,
    0x0000, 0x0000, 0x0000, 0x0000, 0x0000, 0x0000, 0x0000, 0x0000,
    0x0000, 0x0000, 0x0000, 0x0000, 0x0000, 0x0000, 0x0000, 0x0000,
    0x0000, 0x0000, 0x0000, 0x0000, 0x0000, 0x0000, 0x0000, 0x0000,
    0x0000, 0x0000, 0x0000, 0x0000, 0x0000, 0x0000, 0x0000, 0x0000,
    0x0000, 0x0002, 0x0000, 0x0000, 0x0000, 0x0001, 0x0000, 0x0002,
    0x0000, 0x0000, 0x0000, 0x0001, 0x0000, 0x0002, 0x0000, 0x0000,
    0x0000, 0x0001, 0x0000, 0x0002, 0x0000, 0x0000, 0x0000, 0x0001,
    0x0000, 0x0002, 0x0000, 0x0000, 0x0000, 0x0001, 0x0000, 0x0002,
    0x0000, 0x0000, 0x0000, 0x0001, 0x0000, 0x0002, 0x0000, 0x0000,
    0x0000, 0x0000, 0x0000, 0x0000, 0x0000, 0x0000, 0x0000, 0x0000,
    0x0000, 0x0000, 0x0000, 0x0000, 0x0000, 0x0000, 0x0000, 0x0000,
    0x0000, 0x0000, 0x0000, 0x0000, 0x0000, 0x0000, 0x0000, 0x0000,
    0x0000, 0x0000, 0x0000, 0x0000, 0x0000, 0x0000, 0x0000, 0x0000,
    0x0000, 0x0000, 0x0000, 0x0000, 0x0000, 0x0000, 0x0000, 0x0000,
    0x0000, 0x0000, 0x0000, 0x0001, 0x0000, 0x0002, 0x0000, 0x0000,
    0x0000, 0x0001, 0x0000, 0x0002, 0x0000, 0x0000, 0x0000, 0x0001,
    0x0000, 0x0002, 0x0000, 0x0000, 0x0000, 0x0001, 0x0000, 0x0002,
    0x0000, 0x0000, 0x0000, 0x0001, 0x0000, 0x0002, 0x0000, 0x0000,
    0x0000, 0x0001, 0x0000, 0x0002, 0x0000, 0x0000, 0x0000, 0x0000,
    0x0000, 0x0000, 0x0000, 0x0000, 0x0000, 0x0000, 0x0000, 0x0000,
    0x0000, 0x0000, 0x0000, 0x0000, 0x0000, 0x0000, 0x0000, 0x0000,
    0x0000, 0x0000, 0x0000, 0x0000, 0x0000, 0x0000, 0x0000, 0x0000,
    0x0000, 0x0000, 0x0000, 0x0000, 0x0000, 0x0000, 0x0000, 0x0000,
    0x0000, 0x0000, 0x0000, 0x0000, 0x0000, 0x0000, 0x0000, 0x0000,
    0x0000, 0x0001, 0x0000, 0x0002, 0x0000, 0x0000, 0x0000, 0x0001,
    0x0000, 0x0002, 0x0000, 0x0000, 0x0000, 0x0001, 0x0000, 0x0002,
    0x0000, 0x0000, 0x0000, 0x0001, 0x0000, 0x0002, 0x0000, 0x0000,
    0x0000, 0x0001, 0x0000, 0x0002, 0x0000, 0x0000, 0x0000, 0x0001,
    0x0000, 0x0002, 0x0000, 0x0000, 0x0000, 0x0001, 0x0000, 0x0000,
    0x0000, 0x0000, 0x0000, 0x0000, 0x0000, 0x0000, 0x0000, 0x0000,
    0x0000, 0x0000, 0x0000, 0x0000, 0x0000, 0x0000, 0x0000, 0x0000,
    0x0000, 0x0000, 0x0000, 0x0000, 0x0000, 0x0000, 0x0000, 0x0000,
    0x0000, 0x0000, 0x0000, 0x0000, 0x0000, 0x0000, 0x0000, 0x0000,
    0x0000, 0x0000, 0x0000, 0x0000, 0x0000, 0x0000, 0x0000, 0x0000,
    0x0000, 0x0002, 0x0000, 0x0000, 0x0000, 0x0001, 0x0000, 0x0002,
    0x0000, 0x0000, 0x0000, 0x0001, 0x0000, 0x0002, 0x0000, 0x0000,
    0x0000, 0x0001, 0x0000, 0x0002, 0x0000, 0x0000, 0x0000, 0x0001,
    0x0000, 0x0002, 0x0000, 0x0000, 0x0000, 0x0001, 0x0000, 0x0002,
    0x0000, 0x0000, 0x0000, 0x0001, 0x0000, 0x0002, 0x0000, 0x0000,
    0x0000, 0x0000, 0x0000, 0x0000, 0x0000, 0x0000, 0x0000, 0x0000,
    0x0000, 0x0000, 0x0000, 0x0000, 0x0000, 0x0000, 0x0000, 0x0000,
    0x0000, 0x0000, 0x0000, 0x0000, 0x0000, 0x0000, 0x0000, 0x0000,
    0x0000, 0x0000, 0x0000, 0x0000, 0x0000, 0x0000, 0x0000, 0x0000,
    0x0000, 0x0000, 0x0000, 0x0000, 0x0000, 0x0000, 0x0000, 0x0000,
    0x0000, 0x0000, 0x0000, 0x0001, 0x0000, 0x0002, 0x0000, 0x0000,
    0x0000, 0x0001, 0x0000, 0x0002, 0x0000, 0x0000, 0x0000, 0x0001,
    0x0000, 0x0002, 0x0000, 0x0000, 0x0000, 0x0001, 0x0000, 0x0002,
    0x0000, 0x0000, 0x0000, 0x0001, 0x0000, 0x0002, 0x0000, 0x0000,
    0x0000, 0x0001, 0x0000, 0x0002, 0x0000, 0x0000, 0x0000, 0x0000,
    0x0000, 0x0000, 0x0000, 0x0000, 0x0000, 0x0000, 0x0000, 0x0000,
    0x0000, 0x0000, 0x0000, 0x0000, 0x0000, 0x0000, 0x0000, 0x0000,
    0x0000, 0x0000, 0x0000, 0x0000, 0x0000, 0x0000, 0x0000, 0x0000,
    0x0000, 0x0000, 0x0000, 0x0001, 0x0000, 0x0002, 0x0000, 0x0000,
    0x0000, 0x0001, 0x0000, 0x0002, 0x0000, 0x0000, 0x0000, 0x0000,
    0x0000, 0x0000, 0x0000, 0x0000, 0x0000, 0x0000, 0x0000, 0x0000,
    0x0000, 0x0000, 0x0000, 0x0000, 0x0000, 0x0000, 0x0000, 0x0000,
    0x0000, 0x0000, 0x0000, 0x0000, 0x0000, 0x0000, 0x0000, 0x0000,
    0x0000, 0x0000, 0x0000, 0x0000, 0x0000, 0x0000, 0x0000, 0x0000,
    0x0000, 0x0000, 0x0000, 0x0000, 0x0000, 0x0000, 0x0000, 0x0000,
    0x0000, 0x0001, 0x0000, 0x0002, 0x0000, 0x0000, 0x0000, 0x0001,
    0x0000, 0x0002, 0x0000, 0x0000, 0x0000, 0x0001, 0x0000, 0x0002,
    0x0000, 0x0000, 0x0000, 0x0000, 0x0000, 0x0000, 0x0000, 0x0000,
    0x0000, 0x0000, 0x0000, 0x0000, 0x0000, 0x0000, 0x0000, 0x0000,
    0x0000, 0x0000, 0x0000, 0x0000, 0x0000, 0x0000, 0x0000, 0x0000,
    0x0000, 0x0001, 0x0000, 0x0002, 0x0000, 0x0000, 0x0000, 0x0001,
    0x0000, 0x0002, 0x0000, 0x0000, 0x0000, 0x0000, 0x0000, 0x0000,
    0x0000, 0x0000, 0x0000, 0x0000, 0x0000, 0x0000, 0x0000, 0x0000,
    0x0000, 0x0000, 0x0000, 0x0000, 0x0000, 0x0000, 0x0000, 0x0000,
    0x0000, 0x0000, 0x0000, 0x0000, 0x0000, 0x0000, 0x0000, 0x0000,
    0x0000, 0x0000, 0x0000, 0x0000, 0x0000, 0x0000, 0x0000, 0x0000,
    0x0000, 0x0000, 0x0000, 0x0000, 0x0000, 0x0000, 0x0000, 0x0000,
    0x0000, 0x0000, 0x0000, 0x0000, 0x0000, 0x0000, 0x0000, 0x0000,
    0x0000, 0x0000, 0x0000, 0x0000, 0x0000, 0x0000, 0x0000, 0x0000,
    0x0000, 0x0000, 0x0000, 0x0000, 0x0000, 0x0000, 0x0000, 0x0000,
    0x0000, 0x0000, 0x0000, 0x0000, 0x0000, 0x0000, 0x0000, 0x0000,
    0x0000, 0x0000, 0x0000, 0x0000, 0x0000, 0x0000, 0x0000, 0x0000,
    0x0000, 0x0000, 0x0000, 0x0000, 0x0000, 0x0000, 0x0000, 0x0000,
    0x0000, 0x0000, 0x0000, 0x0000, 0x0000, 0x0000, 0x0000, 0x0000,
    0x0000, 0x0000, 0x0000, 0x0000, 0x0000, 0x0000, 0x0000, 0x0000,
    0x0000, 0x0000, 0x0000, 0x0000, 0x0000, 0x0000, 0x0000, 0x0000,
    0x0000, 0x0000, 0x0000, 0x0000, 0x0000, 0x0000, 0x0000, 0x0000,
    0x0000, 0x0000, 0x0000, 0x0000, 0x0000, 0x0000, 0x0000, 0x0000,
    0x0000, 0x0000, 0x0000, 0x0000, 0x0000, 0x0000, 0x0000, 0x0000,
    0x0000, 0x0000, 0x0000, 0x0000, 0x0000, 0x0000, 0x0000, 0x0000,
    0x0000, 0x0000, 0x0000, 0x0000, 0x0000, 0x0000, 0x0000, 0x0000,
    0x0000, 0x0000, 0x0000, 0x0000, 0x0000, 0x0000, 0x0000, 0x0000,
    0x0000, 0x0000, 0x0000, 0x0000, 0x0000, 0x0000, 0x0000, 0x0000,
    0x0000, 0x0000, 0x0000, 0x0000, 0x0000, 0x0000, 0x0000, 0x0000,
    0x0000, 0x0000, 0x0000, 0x0000, 0x0000, 0x0000, 0x0000, 0x0000,
    0x0000, 0x0000, 0x0000, 0x0000, 0x0000, 0x0000, 0x0000, 0x0000,
    0x0000, 0x0000, 0x0000, 0x0000, 0x0000, 0x0000, 0x0000, 0x0000,
    0x0000, 0x0000, 0x0000, 0x0000, 0x0000, 0x0000, 0x0000, 0x0000,
    0x0000, 0x0000, 0x0000, 0x0000, 0x0000, 0x0000, 0x0000, 0x0000,
    0x0000, 0x0000, 0x0000, 0x0000, 0x0000, 0x0000, 0x0000, 0x0000,
    0x0000, 0x0000, 0x0000, 0x0000, 0x0000, 0x0000, 0x0000, 0x0000,
    0x0000, 0x0000, 0x0000, 0x0000, 0x0000, 0x0000, 0x0000, 0x0000,
    0x0000, 0x0000, 0x0000, 0x0000, 0x0000, 0x0000, 0x0000, 0x0000,
    0x0000, 0x0000, 0x0000, 0x0000, 0x0000, 0x0000, 0x0000, 0x0000,
    0x0000, 0x0000, 0x0000, 0x0000, 0x0000, 0x0000, 0x0000, 0x0000,
    0x0000, 0x0000, 0x0000, 0x0000, 0x0000, 0x0000, 0x0000, 0x0000,
    0x0000, 0x0000, 0x0000, 0x0000, 0x0000, 0x0000, 0x0000, 0x0000,
    0x0000, 0x0000, 0x0000, 0x0000, 0x0000, 0x0000, 0x0000, 0x0000,
    0x0000, 0x0000, 0x0000, 0x0000, 0x0000, 0x0000, 0x0000, 0x0000,
    0x0000, 0x0000, 0x0000, 0x0000, 0x0000, 0x0000, 0x0000, 0x0000,
    0x0000, 0x0000, 0x0000, 0x0000, 0x0000, 0x0000, 0x0000, 0x0000,
    0x0000, 0x0000, 0x0000, 0x0000, 0x0000, 0x0000, 0x0000, 0x0000,
    0x0000, 0x0000, 0x0000, 0x0000, 0x0000, 0x0000, 0x0000, 0x0000,
    0x0000, 0x0000, 0x0000, 0x0000, 0x0000, 0x0000, 0x0000, 0x0000,
    0x0000, 0x0000, 0x0000, 0x0000, 0x0000, 0x0000, 0x0000, 0x0000,
    0x0000, 0x0000, 0x0000, 0x0000, 0x0000, 0x0000, 0x0000, 0x0000,
    0x0000, 0x0000, 0x0000, 0x0000, 0x0000, 0x0000, 0x0000, 0x0000,
    0x0000, 0x0000, 0x0000, 0x0000, 0x0000, 0x0000, 0x0000, 0x0000,
    0x0000, 0x0000, 0x0000, 0x0000, 0x0000, 0x0000, 0x0000, 0x0000,
    0x0000, 0x0000, 0x0000, 0x0000, 0x0000, 0x0000, 0x0000, 0x0000,
    0x0000, 0x0000, 0x0000, 0x0000, 0x0000, 0x0000, 0x0000, 0x0000,
    0x0000, 0x0000, 0x0000, 0x0000, 0x0000, 0x0000, 0x0000, 0x0000,
    0x0000, 0x0000, 0x0000, 0x0000, 0x0000, 0x0000, 0x0000, 0x0000,
    0x0000, 0x0000, 0x0000, 0x0000, 0x0000, 0x0000, 0x0000, 0x0000,
    0x0000, 0x0000, 0x0000, 0x0000, 0x0000, 0x0000, 0x0000, 0x0000,
    0x0000, 0x0000, 0x0000, 0x0000, 0x0000, 0x0000, 0x0000, 0x0000,
    0x0000, 0x0000, 0x0000, 0x0000, 0x0000, 0x0000, 0x0000, 0x0000,
    0x0000, 0x0000, 0x0000, 0x0000, 0x0000, 0x0000, 0x0000, 0x0000,
    0x0000, 0x0000, 0x0000, 0x0000, 0x0000, 0x0000, 0x0000, 0x0000,
    0x0000, 0x0000, 0x0000, 0x0000, 0x0000, 0x0000, 0x0000, 0x0000,
    0x0000, 0x0000, 0x0000, 0x0000, 0x0000, 0x0000, 0x0000, 0x0000,
    0x0000, 0x0000, 0x0000, 0x0000, 0x0000, 0x0000, 0x0000, 0x0000,
    0x0000, 0x0000, 0x0000, 0x0000, 0x0000, 0x0000, 0x0000, 0x0000,
    0x0000, 0x0000, 0x0000, 0x0000, 0x0000, 0x0000, 0x0000, 0x0000,
    0x0000, 0x0000, 0x0000, 0x0000, 0x0000, 0x0000, 0x0000, 0x0000,
    0x0000, 0x0000, 0x0000, 0x0000, 0x0000, 0x0000, 0x0000, 0x0000,
    0x0000, 0x0000, 0x0000, 0x0000, 0x0000, 0x0000, 0x0000, 0x0000,
    0x0000, 0x0000, 0x0000, 0x0000, 0x0000, 0x0000, 0x0000, 0x0000,
    0x0000, 0x0000, 0x0000, 0x0000, 0x0000, 0x0000, 0x0000, 0x0000,
    0x0000, 0x0000, 0x0000, 0x0000, 0x0000, 0x0000, 0x0000, 0x0000,
    0x0000, 0x0000, 0x0000, 0x0000, 0x0000, 0x0000, 0x0000, 0x0000,
    0x0000, 0x0000, 0x0000, 0x0000, 0x0000, 0x0000, 0x0000, 0x0000,
    0x0000, 0x0000, 0x0000, 0x0000, 0x0000, 0x0000, 0x0000, 0x0000,
    0x0000, 0x0000, 0x0000, 0x0000, 0x0000, 0x0000, 0x0000, 0x0000,
    0x0000, 0x0000, 0x0000, 0x0000, 0x0000, 0x0000, 0x0000, 0x0000,
    0x0000, 0x0000, 0x0000, 0x0000, 0x0000, 0x0000, 0x0000, 0x0000,
    0x0000, 0x0000, 0x0000, 0x0000, 0x0000, 0x0000, 0x0000, 0x0000,
    0x0000, 0x0000, 0x0000, 0x0000, 0x0000, 0x0000, 0x0000, 0x0000,
    0x0000, 0x0000, 0x0000, 0x0000, 0x0000, 0x0000, 0x0000, 0x0000,
    0x0000, 0x0000, 0x0000, 0x0000, 0x0000, 0x0000, 0x0000, 0x0000,
    0x0000, 0x0000, 0x0000, 0x0000, 0x0000, 0x0000, 0x0000, 0x0000,
    0x0000, 0x0000, 0x0000, 0x0000, 0x0000, 0x0000, 0x0000, 0x0000,
    0x0000, 0x0000, 0x0000, 0x0000, 0x0000, 0x0000, 0x0000, 0x0000,
    0x0000, 0x0000, 0x0000, 0x0000, 0x0000, 0x0000, 0x0000, 0x0000,
    0x0000, 0x0000, 0x0000, 0x0000, 0x0000, 0x0000, 0x0000, 0x0000,
    0x0000, 0x0000, 0x0000, 0x0000, 0x0000, 0x0000, 0x0000, 0x0000,
    0x0000, 0x0000, 0x0000, 0x0000, 0x0000, 0x0000, 0x0000, 0x0000,
    0x0000, 0x0000, 0x0000, 0x0000, 0x0000, 0x0000, 0x0000, 0x0000,
    0x0000, 0x0000, 0x0000, 0x0000, 0x0000, 0x0000, 0x0000, 0x0000,
    0x0000, 0x0000, 0x0000, 0x0000, 0x0000, 0x0000, 0x0000, 0x0000,
};

static const DecorPlace VIEW_FARM_1_DECOR[] = {
    DP(SIGNPOST, 34, 40),
    DP(ROCK, 36, 40),
    DP(BUSH, 38, 40),
    DP(BENCH, 1, 46),
    DP(BARREL, 4, 46),
    DP(CRATE, 6, 46),
    DP(SACKS, 8, 46),
    DP(HAY_BALE, 10, 46),
    DP(WATER_TROUGH, 12, 46),
    DP(WOODPILE, 15, 46),
    DP(STUMP, 18, 46),
    DP(LOG, 20, 46),
    DP(PEBBLES, 23, 46),
    DP(SMALL_FLOWERS, 25, 46),
    DP(CART, 27, 46),
    DP(WHEELBARROW, 30, 46),
    DP(SCARECROW, 32, 46),
    DP(BEEHIVE, 34, 46),
    DP(PUMPKINS, 36, 46),
    DP(SHIPPING_BIN, 1, 49),
    DP(PRESERVES_JAR, 4, 49),
    DP(PRESS, 6, 49),
    DP(DRIER, 8, 49),
    DP(FOR_SALE, 11, 49),
    DP(FARM_GATE, 13, 49),
};

static const u16 VIEW_TIDE_1_CELLS[600] = {
    0x0000, 0x0000, 0x0000, 0x0000, 0x000C, 0x000C, 0x000C, 0x000C,
    0x000D, 0x000D, 0x000D, 0x000D, 0x0000, 0x0000, 0x0000, 0x0000,
    0x000C, 0x000C, 0x000C, 0x000C, 0x000D, 0x000D, 0x000D, 0x000D,
    0x0000, 0x0000, 0x0000, 0x0000, 0x000C, 0x000C, 0x000C, 0x000C,
    0x000D, 0x000D, 0x000D, 0x000D, 0x0000, 0x0000, 0x0000, 0x0000,
    0x0000, 0x0000, 0x0000, 0x0001, 0x000C, 0x0002, 0x000C, 0x0003,
    0x000D, 0x0004, 0x000D, 0x0005, 0x0000, 0x0006, 0x0000, 0x0007,
    0x000C, 0x0008, 0x000C, 0x0009, 0x000D, 0x000A, 0x000D, 0x000B,
    0x0000, 0x000C, 0x0000, 0x000D, 0x000C, 0x000E, 0x000C, 0x000F,
    0x000D, 0x0010, 0x000D, 0x0011, 0x0000, 0x0000, 0x0000, 0x0000,
    0x0000, 0x0000, 0x0000, 0x0000, 0x000C, 0x000C, 0x000C, 0x000C,
    0x000D, 0x000D, 0x000D, 0x000D, 0x0000, 0x0000, 0x0000, 0x0000,
    0x000C, 0x000C, 0x000C, 0x000C, 0x000D, 0x000D, 0x000D, 0x000D,
    0x0000, 0x0000, 0x0000, 0x0000, 0x000C, 0x000C, 0x000C, 0x000C,
    0x000D, 0x000D, 0x000D, 0x000D, 0x0000, 0x0000, 0x0000, 0x0000,
    0x0000, 0x0000, 0x0000, 0x0000, 0x000C, 0x000C, 0x000C, 0x000C,
    0x000D, 0x000D, 0x000D, 0x000D, 0x0000, 0x0000, 0x0000, 0x0000,
    0x000C, 0x000C, 0x000C, 0x000C, 0x000D, 0x000D, 0x000D, 0x000D,
    0x0000, 0x0000, 0x0000, 0x0000, 0x000C, 0x000C, 0x000C, 0x000C,
    0x000D, 0x000D, 0x000D, 0x000D, 0x0000, 0x0000, 0x0000, 0x0000,
    0x000C, 0x000C, 0x000C, 0x000C, 0x000D, 0x000D, 0x000D, 0x000D,
    0x0000, 0x0000, 0x0000, 0x0000, 0x000C, 0x000C, 0x000C, 0x000C,
    0x000D, 0x000D, 0x000D, 0x000D, 0x0000, 0x0000, 0x0000, 0x0000,
    0x000C, 0x000C, 0x000C, 0x000C, 0x000D, 0x000D, 0x000D, 0x000D,
    0x0000, 0x0000, 0x0000, 0x0000, 0x000C, 0x000C, 0x000C, 0x000C,
    0x000C, 0x000C, 0x000C, 0x000C, 0x000D, 0x000D, 0x000D, 0x000D,
    0x0000, 0x0000, 0x0000, 0x0000, 0x000C, 0x000C, 0x000C, 0x000C,
    0x000D, 0x000D, 0x000D, 0x000D, 0x0000, 0x0000, 0x0000, 0x0000,
    0x000C, 0x000C, 0x000C, 0x000C, 0x000D, 0x000D, 0x000D, 0x000D,
    0x0000, 0x0000, 0x0000, 0x0000, 0x000C, 0x000C, 0x000C, 0x000C,
    0x000C, 0x000C, 0x000C, 0x000C, 0x000D, 0x000D, 0x000D, 0x000D,
    0x0000, 0x0000, 0x0000, 0x0000, 0x000C, 0x000C, 0x000C, 0x000C,
    0x000D, 0x000D, 0x000D, 0x000D, 0x0000, 0x0000, 0x0000, 0x0000,
    0x000C, 0x000C, 0x000C, 0x000C, 0x000D, 0x000D, 0x000D, 0x000D,
    0x0000, 0x0000, 0x0000, 0x0000, 0x000C, 0x000C, 0x000C, 0x000C,
    0x000C, 0x000C, 0x000C, 0x000C, 0x000D, 0x000D, 0x000D, 0x000D,
    0x0000, 0x0000, 0x0000, 0x0000, 0x000C, 0x000C, 0x000C, 0x000C,
    0x000D, 0x000D, 0x000D, 0x000D, 0x0000, 0x0000, 0x0000, 0x0000,
    0x000C, 0x000C, 0x000C, 0x000C, 0x000D, 0x000D, 0x000D, 0x000D,
    0x0000, 0x0000, 0x0000, 0x0000, 0x000C, 0x000C, 0x000C, 0x000C,
    0x000D, 0x000D, 0x000D, 0x000D, 0x0000, 0x0000, 0x0000, 0x0000,
    0x000C, 0x000C, 0x000C, 0x000C, 0x000D, 0x000D, 0x000D, 0x000D,
    0x0000, 0x0000, 0x0000, 0x0000, 0x000C, 0x000C, 0x000C, 0x000C,
    0x000D, 0x000D, 0x000D, 0x000D, 0x0000, 0x0000, 0x0000, 0x0000,
    0x000C, 0x000C, 0x000C, 0x000C, 0x000D, 0x000D, 0x000D, 0x000D,
    0x000D, 0x000D, 0x000D, 0x000D, 0x0000, 0x0000, 0x0000, 0x0000,
    0x000C, 0x000C, 0x000C, 0x000C, 0x000D, 0x000D, 0x000D, 0x000D,
    0x0000, 0x0000, 0x0000, 0x0000, 0x000C, 0x000C, 0x000C, 0x000C,
    0x000D, 0x000D, 0x000D, 0x000D, 0x0000, 0x0000, 0x0000, 0x0000,
    0x000C, 0x000C, 0x000C, 0x000C, 0x000D, 0x000D, 0x000D, 0x000D,
    0x000D, 0x000D, 0x000D, 0x000D, 0x0000, 0x0000, 0x0000, 0x0000,
    0x000C, 0x000C, 0x000C, 0x000C, 0x000D, 0x000D, 0x000D, 0x000D,
    0x0000, 0x0000, 0x0000, 0x0000, 0x000C, 0x000C, 0x000C, 0x000C,
    0x000D, 0x000D, 0x000D, 0x000D, 0x0000, 0x0000, 0x0000, 0x0000,
    0x000C, 0x000C, 0x000C, 0x000C, 0x000D, 0x000D, 0x000D, 0x000D,
    0x000D, 0x000D, 0x000D, 0x000D, 0x0000, 0x0000, 0x0000, 0x0000,
    0x000C, 0x000C, 0x000C, 0x000C, 0x000D, 0x000D, 0x000D, 0x000D,
    0x0000, 0x0000, 0x0000, 0x0000, 0x000C, 0x000C, 0x000C, 0x000C,
    0x000D, 0x000D, 0x000D, 0x000D, 0x0000, 0x0000, 0x0000, 0x0000,
    0x000C, 0x000C, 0x000C, 0x000C, 0x000D, 0x000D, 0x000D, 0x000D,
    0x0000, 0x0000, 0x0000, 0x0000, 0x000C, 0x000C, 0x000C, 0x000C,
    0x000D, 0x000D, 0x000D, 0x000D, 0x0000, 0x0000, 0x0000, 0x0000,
    0x000C, 0x000C, 0x000C, 0x000C, 0x000D, 0x000D, 0x000D, 0x000D,
    0x0000, 0x0000, 0x0000, 0x0000, 0x000C, 0x000C, 0x000C, 0x000C,
    0x000D, 0x000D, 0x000D, 0x000D, 0x0000, 0x0000, 0x0000, 0x0000,
    0x0000, 0x0000, 0x0000, 0x0000, 0x000C, 0x000C, 0x000C, 0x000C,
    0x000D, 0x000D, 0x000D, 0x000D, 0x0000, 0x0000, 0x0000, 0x0000,
    0x000C, 0x000C, 0x000C, 0x000C, 0x000D, 0x000D, 0x000D, 0x000D,
    0x0000, 0x0000, 0x0000, 0x0000, 0x000C, 0x000C, 0x000C, 0x000C,
    0x000D, 0x000D, 0x000D, 0x000D, 0x0000, 0x0000, 0x0000, 0x0000,
    0x0000, 0x0000, 0x0000, 0x0000, 0x000C, 0x000C, 0x000C, 0x000C,
    0x000D, 0x000D, 0x000D, 0x000D, 0x0000, 0x0000, 0x0000, 0x0000,
    0x000C, 0x000C, 0x000C, 0x000C, 0x000D, 0x000D, 0x000D, 0x000D,
    0x0000, 0x0000, 0x0000, 0x0000, 0x000C, 0x000C, 0x000C, 0x000C,
    0x000D, 0x000D, 0x000D, 0x000D, 0x0000, 0x0000, 0x0000, 0x0000,
};

static const u16 VIEW_TIDE_1_GROUND[600] = {
    0x0000, 0x0000, 0x0000, 0x0000, 0x0000, 0x0000, 0x0000, 0x0000,
    0x0000, 0x0000, 0x0000, 0x0000, 0x0000, 0x0000, 0x0000, 0x0000,
    0x0000, 0x0000, 0x0000, 0x0000, 0x0000, 0x0000, 0x0000, 0x0000,
    0x0000, 0x0000, 0x0000, 0x0000, 0x0000, 0x0000, 0x0000, 0x0000,
    0x0000, 0x0000, 0x0000, 0x0000, 0x0000, 0x0000, 0x0000, 0x0000,
    0x0000, 0x0000, 0x0000, 0x0000, 0x0000, 0x0000, 0x0000, 0x0000,
    0x0000, 0x0000, 0x0000, 0x0000, 0x0000, 0x0000, 0x0000, 0x0000,
    0x0000, 0x0000, 0x0000, 0x0000, 0x0000, 0x0000, 0x0000, 0x0000,
    0x0000, 0x0000, 0x0000, 0x0000, 0x0000, 0x0000, 0x0000, 0x0000,
    0x0000, 0x0000, 0x0000, 0x0000, 0x0000, 0x0000, 0x0000, 0x0000,
    0x0000, 0x0000, 0x0000, 0x0000, 0x0000, 0x0000, 0x0000, 0x0000,
    0x0000, 0x0000, 0x0000, 0x0000, 0x0000, 0x0000, 0x0000, 0x0000,
    0x0000, 0x0000, 0x0000, 0x0000, 0x0000, 0x0000, 0x0000, 0x0000,
    0x0000, 0x0000, 0x0000, 0x0000, 0x0000, 0x0000, 0x0000, 0x0000,
    0x0000, 0x0000, 0x0000, 0x0000, 0x0000, 0x0000, 0x0000, 0x0000,
    0x0000, 0x0000, 0x0000, 0x0000, 0x0000, 0x0000, 0x0000, 0x0000,
    0x0000, 0x0000, 0x0000, 0x0000, 0x0000, 0x0000, 0x0000, 0x0000,
    0x0000, 0x0000, 0x0000, 0x0000, 0x0000, 0x0000, 0x0000, 0x0000,
    0x0000, 0x0000, 0x0000, 0x0000, 0x0000, 0x0000, 0x0000, 0x0000,
    0x0000, 0x0000, 0x0000, 0x0000, 0x0000, 0x0000, 0x0000, 0x0000,
    0x0000, 0x0000, 0x0000, 0x0000, 0x0000, 0x0000, 0x0000, 0x0000,
    0x0000, 0x0000, 0x0000, 0x0000, 0x0000, 0x0000, 0x0000, 0x0000,
    0x0000, 0x0000, 0x0000, 0x0000, 0x0000, 0x0000, 0x0000, 0x0000,
    0x0000, 0x0000, 0x0000, 0x0000, 0x0000, 0x0000, 0x0000, 0x0000,
    0x0000, 0x0000, 0x0000, 0x0000, 0x0000, 0x0000, 0x0000, 0x0000,
    0x0000, 0x0000, 0x0000, 0x0000, 0x0000, 0x0000, 0x0000, 0x0000,
    0x0000, 0x0000, 0x0000, 0x0000, 0x0000, 0x0000, 0x0000, 0x0000,
    0x0000, 0x0000, 0x0000, 0x0000, 0x0000, 0x0000, 0x0000, 0x0000,
    0x0000, 0x0000, 0x0000, 0x0000, 0x0000, 0x0000, 0x0000, 0x0000,
    0x0000, 0x0000, 0x0000, 0x0000, 0x0000, 0x0000, 0x0000, 0x0000,
    0x0000, 0x0000, 0x0000, 0x0000, 0x0000, 0x0000, 0x0000, 0x0000,
    0x0000, 0x0000, 0x0000, 0x0000, 0x0000, 0x0000, 0x0000, 0x0000,
    0x0000, 0x0000, 0x0000, 0x0000, 0x0000, 0x0000, 0x0000, 0x0000,
    0x0000, 0x0000, 0x0000, 0x0000, 0x0000, 0x0000, 0x0000, 0x0000,
    0x0000, 0x0000, 0x0000, 0x0000, 0x0000, 0x0000, 0x0000, 0x0000,
    0x0000, 0x0000, 0x0000, 0x0000, 0x0000, 0x0000, 0x0000, 0x0000,
    0x0000, 0x0000, 0x0000, 0x0000, 0x0000, 0x0000, 0x0000, 0x0000,
    0x0000, 0x0000, 0x0000, 0x0000, 0x0000, 0x0000, 0x0000, 0x0000,
    0x0000, 0x0000, 0x0000, 0x0000, 0x0000, 0x0000, 0x0000, 0x0000,
    0x0000, 0x0000, 0x0000, 0x0000, 0x0000, 0x0000, 0x0000, 0x0000,
    0x0000, 0x0000, 0x0000, 0x0000, 0x0000, 0x0000, 0x0000, 0x0000,
    0x0000, 0x0000, 0x0000, 0x0000, 0x0000, 0x0000, 0x0000, 0x0000,
    0x0000, 0x0000, 0x0000, 0x0000, 0x0000, 0x0000, 0x0000, 0x0000,
    0x0000, 0x0000, 0x0000, 0x0000, 0x0000, 0x0000, 0x0000, 0x0000,
    0x0000, 0x0000, 0x0000, 0x0000, 0x0000, 0x0000, 0x0000, 0x0000,
    0x0000, 0x0000, 0x0000, 0x0000, 0x0000, 0x0000, 0x0000, 0x0000,
    0x0000, 0x0000, 0x0000, 0x0000, 0x0000, 0x0000, 0x0000, 0x0000,
    0x0000, 0x0000, 0x0000, 0x0000, 0x0000, 0x0000, 0x0000, 0x0000,
    0x0000, 0x0000, 0x0000, 0x0000, 0x0000, 0x0000, 0x0000, 0x0000,
    0x0000, 0x0000, 0x0000, 0x0000, 0x0000, 0x0000, 0x0000, 0x0000,
    0x0000, 0x0000, 0x0000, 0x0000, 0x0000, 0x0000, 0x0000, 0x0000,
    0x0000, 0x0000, 0x0000, 0x0000, 0x0000, 0x0000, 0x0000, 0x0000,
    0x0000, 0x0000, 0x0000, 0x0000, 0x0000, 0x0000, 0x0000, 0x0000,
    0x0000, 0x0000, 0x0000, 0x0000, 0x0000, 0x0000, 0x0000, 0x0000,
    0x0000, 0x0000, 0x0000, 0x0000, 0x0000, 0x0000, 0x0000, 0x0000,
    0x0000, 0x0000, 0x0000, 0x0000, 0x0000, 0x0000, 0x0000, 0x0000,
    0x0000, 0x0000, 0x0000, 0x0000, 0x0000, 0x0000, 0x0000, 0x0000,
    0x0000, 0x0000, 0x0000, 0x0000, 0x0000, 0x0000, 0x0000, 0x0000,
    0x0000, 0x0000, 0x0000, 0x0000, 0x0000, 0x0000, 0x0000, 0x0000,
    0x0000, 0x0000, 0x0000, 0x0000, 0x0000, 0x0000, 0x0000, 0x0000,
    0x0000, 0x0000, 0x0000, 0x0000, 0x0000, 0x0000, 0x0000, 0x0000,
    0x0000, 0x0000, 0x0000, 0x0000, 0x0000, 0x0000, 0x0000, 0x0000,
    0x0000, 0x0000, 0x0000, 0x0000, 0x0000, 0x0000, 0x0000, 0x0000,
    0x0000, 0x0000, 0x0000, 0x0000, 0x0000, 0x0000, 0x0000, 0x0000,
    0x0000, 0x0000, 0x0000, 0x0000, 0x0000, 0x0000, 0x0000, 0x0000,
    0x0000, 0x0000, 0x0000, 0x0000, 0x0000, 0x0000, 0x0000, 0x0000,
    0x0000, 0x0000, 0x0000, 0x0000, 0x0000, 0x0000, 0x0000, 0x0000,
    0x0000, 0x0000, 0x0000, 0x0000, 0x0000, 0x0000, 0x0000, 0x0000,
    0x0000, 0x0000, 0x0000, 0x0000, 0x0000, 0x0000, 0x0000, 0x0000,
    0x0000, 0x0000, 0x0000, 0x0000, 0x0000, 0x0000, 0x0000, 0x0000,
    0x0000, 0x0000, 0x0000, 0x0000, 0x0000, 0x0000, 0x0000, 0x0000,
    0x0000, 0x0000, 0x0000, 0x0000, 0x0000, 0x0000, 0x0000, 0x0000,
    0x0000, 0x0000, 0x0000, 0x0000, 0x0000, 0x0000, 0x0000, 0x0000,
    0x0000, 0x0000, 0x0000, 0x0000, 0x0000, 0x0000, 0x0000, 0x0000,
    0x0000, 0x0000, 0x0000, 0x0000, 0x0000, 0x0000, 0x0000, 0x0000,
};

static const DecorPlace VIEW_TIDE_1_DECOR[] = {
    DP(SHELL_LAMP, 37, 1),
    DP(HALL_COLUMN, 1, 4),
    DP(DROWNED_BELL, 3, 4),
    DP(GROT_PILLAR, 7, 4),
    DP(GLOW_CORAL, 9, 4),
    DP(WHALE_CARVING, 11, 4),
};

static const u16 VIEW_DUSK_1_CELLS[920] = {
    0x0000, 0x0000, 0x0000, 0x0000, 0x0001, 0x0001, 0x0001, 0x0001,
    0x0002, 0x0002, 0x0002, 0x0002, 0x0000, 0x0000, 0x0000, 0x0000,
    0x0001, 0x0001, 0x0001, 0x0001, 0x0002, 0x0002, 0x0002, 0x0002,
    0x0000, 0x0000, 0x0000, 0x0000, 0x0001, 0x0001, 0x0001, 0x0001,
    0x0002, 0x0002, 0x0002, 0x0002, 0x0000, 0x0000, 0x0000, 0x0000,
    0x0000, 0x0000, 0x0000, 0x0001, 0x0001, 0x0002, 0x0001, 0x0003,
    0x0002, 0x0004, 0x0002, 0x0005, 0x0000, 0x0006, 0x0000, 0x0007,
    0x0001, 0x0008, 0x0001, 0x0009, 0x0002, 0x000A, 0x0002, 0x000B,
    0x0000, 0x000C, 0x0000, 0x000D, 0x0001, 0x000E, 0x0001, 0x0015,
    0x0002, 0x0016, 0x0002, 0x0017, 0x0000, 0x0018, 0x0000, 0x0000,
    0x0000, 0x0000, 0x0000, 0x0000, 0x0001, 0x0001, 0x0001, 0x0001,
    0x0002, 0x0002, 0x0002, 0x0002, 0x0000, 0x0000, 0x0000, 0x0000,
    0x0001, 0x0001, 0x0001, 0x0001, 0x0002, 0x0002, 0x0002, 0x0002,
    0x0000, 0x0000, 0x0000, 0x0000, 0x0001, 0x0001, 0x0001, 0x0001,
    0x0002, 0x0002, 0x0002, 0x0002, 0x0000, 0x0000, 0x0000, 0x0000,
    0x0000, 0x0019, 0x0000, 0x001A, 0x0001, 0x001B, 0x0001, 0x001C,
    0x0002, 0x001D, 0x0002, 0x001E, 0x0000, 0x001F, 0x0000, 0x0020,
    0x0001, 0x000F, 0x0001, 0x000F, 0x0002, 0x000F, 0x0002, 0x0011,
    0x0000, 0x0011, 0x0000, 0x0011, 0x0001, 0x0013, 0x0001, 0x0013,
    0x0002, 0x0013, 0x0002, 0x0021, 0x0022, 0x0023, 0x0024, 0x0000,
    0x0001, 0x0001, 0x0001, 0x0001, 0x0002, 0x0002, 0x0002, 0x0002,
    0x0000, 0x0000, 0x0000, 0x0000, 0x0001, 0x0001, 0x0001, 0x0001,
    0x0002, 0x0010, 0x0002, 0x0010, 0x0000, 0x0010, 0x0000, 0x0012,
    0x0001, 0x0012, 0x0001, 0x0012, 0x0002, 0x0014, 0x0002, 0x0014,
    0x0000, 0x0014, 0x0000, 0x0025, 0x0026, 0x0027, 0x0028, 0x0001,
    0x0001, 0x0001, 0x0001, 0x0001, 0x0002, 0x0002, 0x0002, 0x0002,
    0x0000, 0x0000, 0x0000, 0x0000, 0x0001, 0x0001, 0x0001, 0x0001,
    0x0002, 0x0002, 0x0002, 0x0002, 0x0000, 0x0000, 0x0000, 0x0000,
    0x0001, 0x0001, 0x0001, 0x0001, 0x0002, 0x0002, 0x0002, 0x0002,
    0x0000, 0x0000, 0x0000, 0x0029, 0x002A, 0x002B, 0x002C, 0x0001,
    0x0001, 0x0001, 0x0001, 0x0001, 0x0002, 0x0002, 0x0002, 0x0002,
    0x0000, 0x0000, 0x0000, 0x0000, 0x0001, 0x0001, 0x0001, 0x0001,
    0x0002, 0x0002, 0x0002, 0x0002, 0x0000, 0x0000, 0x0000, 0x0000,
    0x0001, 0x0001, 0x0001, 0x0001, 0x0002, 0x0002, 0x0002, 0x0002,
    0x0000, 0x0000, 0x0000, 0x002D, 0x002E, 0x002F, 0x0030, 0x0001,
    0x0001, 0x0001, 0x0001, 0x0001, 0x0002, 0x0002, 0x0002, 0x0002,
    0x0000, 0x0000, 0x0000, 0x0000, 0x0001, 0x0001, 0x0001, 0x0001,
    0x0002, 0x0002, 0x0002, 0x0002, 0x0000, 0x0000, 0x0000, 0x0000,
    0x0001, 0x0001, 0x0001, 0x0001, 0x0002, 0x0002, 0x0002, 0x0002,
    0x0000, 0x0000, 0x0000, 0x0000, 0x0001, 0x0001, 0x0001, 0x0001,
    0x0002, 0x0031, 0x0032, 0x0033, 0x0034, 0x0000, 0x0041, 0x0042,
    0x0043, 0x0044, 0x0001, 0x0051, 0x0052, 0x0053, 0x0054, 0x0055,
    0x0000, 0x0065, 0x0066, 0x0067, 0x0068, 0x0069, 0x0001, 0x0079,
    0x007A, 0x007B, 0x007C, 0x007D, 0x0000, 0x0000, 0x0000, 0x0000,
    0x0001, 0x0001, 0xFFF1, 0xFFF1, 0xFFF1, 0xFFF1, 0x0002, 0x0002,
    0x0002, 0x0035, 0x0036, 0x0037, 0x0038, 0x0000, 0x0045, 0x0046,
    0x0047, 0x0048, 0x0001, 0x0056, 0x0057, 0x0058, 0x0059, 0x005A,
    0x0000, 0x006A, 0x006B, 0x006C, 0x006D, 0x006E, 0x0001, 0x007E,
    0x007F, 0x0080, 0x0081, 0x0082, 0x0000, 0xFFF0, 0xFFF0, 0xFFF0,
    0xFFF0, 0x0001, 0xFFF1, 0xFFF1, 0xFFF1, 0xFFF1, 0x0002, 0x0002,
    0x0002, 0x0039, 0x003A, 0x003B, 0x003C, 0x0000, 0x0049, 0x004A,
    0x004B, 0x004C, 0x0001, 0x005B, 0x005C, 0x005D, 0x005E, 0x005F,
    0x0000, 0x006F, 0x0070, 0x0071, 0x0072, 0x0073, 0x0001, 0x0083,
    0x0084, 0x0085, 0x0086, 0x0087, 0x0000, 0x0000, 0x0000, 0x0000,
    0x0001, 0x0001, 0xFFF1, 0xFFF1, 0xFFF1, 0xFFF1, 0x0002, 0x0002,
    0x0002, 0x003D, 0x003E, 0x003F, 0x0040, 0x0000, 0x004D, 0x004E,
    0x004F, 0x0050, 0x0001, 0x0060, 0x0061, 0x0062, 0x0063, 0x0064,
    0x0000, 0x0074, 0x0075, 0x0076, 0x0077, 0x0078, 0x0001, 0x0088,
    0x0089, 0x008A, 0x008B, 0x008C, 0x0000, 0x0000, 0x0000, 0x0000,
    0x0001, 0x0001, 0x0001, 0x0001, 0x0002, 0x0002, 0x0002, 0x0002,
    0x0000, 0x0000, 0x0000, 0x0000, 0x0001, 0x0001, 0x0001, 0x0001,
    0x0002, 0x0002, 0x0002, 0x0002, 0x0000, 0x0000, 0x0000, 0x0000,
    0x0001, 0x0001, 0x0001, 0x0001, 0x0002, 0x0002, 0x0002, 0x0002,
    0x0000, 0x0000, 0x0000, 0x0000, 0x0001, 0x0001, 0x0001, 0x0001,
    0x0002, 0x0002, 0x0002, 0x0002, 0x0000, 0x0000, 0x0000, 0x0000,
    0x0000, 0x0000, 0x0000, 0x0000, 0x0001, 0x0001, 0x0001, 0x0001,
    0x0002, 0x0002, 0x0002, 0x0002, 0x0000, 0x0000, 0x0000, 0x0000,
    0x0001, 0x0001, 0x0001, 0x0001, 0x0002, 0x0002, 0x0002, 0x0002,
    0x0000, 0x0000, 0x0000, 0x0000, 0x0001, 0x0001, 0x0001, 0x0001,
    0x0002, 0x0002, 0x0002, 0x0002, 0x0000, 0x0000, 0x0000, 0x0000,
    0x0000, 0x0000, 0x0000, 0x0000, 0x0001, 0x0001, 0x0001, 0x0001,
    0x0002, 0x0002, 0x0002, 0x0002, 0x0000, 0x0000, 0x0000, 0x0000,
    0x0001, 0x0001, 0x0001, 0x0001, 0x0002, 0x0002, 0x0002, 0x0002,
    0x0000, 0x0000, 0x0000, 0x0000, 0x0001, 0x0001, 0x0001, 0x0001,
    0x0002, 0x0002, 0x0002, 0x0002, 0x0000, 0x0000, 0x0000, 0x0000,
    0x0000, 0x0000, 0x0000, 0x0000, 0x0001, 0x0001, 0x0001, 0x0001,
    0x0002, 0x0002, 0x0002, 0x0002, 0x0000, 0x0000, 0x0000, 0x0000,
    0x0001, 0x0001, 0x0001, 0x0001, 0x0002, 0x0002, 0x0002, 0x0002,
    0x0000, 0x0000, 0x0000, 0x0000, 0x0001, 0x0001, 0x0001, 0x0001,
    0x0002, 0x0002, 0x0002, 0x0002, 0x0000, 0x0000, 0x0000, 0x0000,
    0x0001, 0x0001, 0x0001, 0x0001, 0x0002, 0x0002, 0x0002, 0x0002,
    0x0000, 0x0000, 0x0000, 0x0000, 0x0001, 0x0001, 0x0001, 0x0001,
    0x0002, 0x0002, 0x0002, 0x0002, 0x0000, 0x0000, 0x0000, 0x0000,
    0x0001, 0x0001, 0x0001, 0x0001, 0x0002, 0x0002, 0x0002, 0x0002,
    0x0000, 0x0000, 0x0000, 0x0000, 0x0001, 0x0001, 0x0001, 0x0001,
    0x0001, 0x0001, 0x0001, 0x0001, 0x0002, 0x0002, 0x0002, 0x0002,
    0x0000, 0x0000, 0x0000, 0x0000, 0x0001, 0x0001, 0x0001, 0x0001,
    0x0002, 0x0002, 0x0002, 0x0002, 0x0000, 0x0000, 0x0000, 0x0000,
    0x0001, 0x0001, 0x0001, 0x0001, 0x0002, 0x0002, 0x0002, 0x0002,
    0x0000, 0x0000, 0x0000, 0x0000, 0x0001, 0x0001, 0x0001, 0x0001,
    0x0001, 0x0001, 0x0001, 0x0001, 0x0002, 0x0002, 0x0002, 0x0002,
    0x0000, 0x0000, 0x0000, 0x0000, 0x0001, 0x0001, 0x0001, 0x0001,
    0x0002, 0x0002, 0x0002, 0x0002, 0x0000, 0x0000, 0x0000, 0x0000,
    0x0001, 0x0001, 0x0001, 0x0001, 0x0002, 0x0002, 0x0002, 0x0002,
    0x0000, 0x0000, 0x0000, 0x0000, 0x0001, 0x0001, 0x0001, 0x0001,
    0x0001, 0x0001, 0x0001, 0x0001, 0x0002, 0x0002, 0x0002, 0x0002,
    0x0000, 0x0000, 0x0000, 0x0000, 0x0001, 0x0001, 0x0001, 0x0001,
    0x0002, 0x0002, 0x0002, 0x0002, 0x0000, 0x0000, 0x0000, 0x0000,
    0x0001, 0x0001, 0x0001, 0x0001, 0x0002, 0x0002, 0x0002, 0x0002,
    0x0000, 0x0000, 0x0000, 0x0000, 0x0001, 0x0001, 0x0001, 0x0001,
    0x0002, 0x0002, 0x0002, 0x0002, 0x0000, 0x0000, 0x0000, 0x0000,
    0x0001, 0x0001, 0x0001, 0x0001, 0x0002, 0x0002, 0x0002, 0x0002,
    0x0000, 0x0000, 0x0000, 0x0000, 0x0001, 0x0001, 0x0001, 0x0001,
    0x0002, 0x0002, 0x0002, 0x0002, 0x0000, 0x0000, 0x0000, 0x0000,
    0x0001, 0x0001, 0x0001, 0x0001, 0x0002, 0x0002, 0x0002, 0x0002,
    0x0002, 0x0002, 0x0002, 0x0002, 0x0000, 0x0000, 0x0000, 0x0000,
    0x0001, 0x0001, 0x0001, 0x0001, 0x0002, 0x0002, 0x0002, 0x0002,
    0x0000, 0x0000, 0x0000, 0x0000, 0x0001, 0x0001, 0x0001, 0x0001,
    0x0002, 0x0002, 0x0002, 0x0002, 0x0000, 0x0000, 0x0000, 0x0000,
    0x0001, 0x0001, 0x0001, 0x0001, 0x0002, 0x0002, 0x0002, 0x0002,
    0x0002, 0x0002, 0x0002, 0x0002, 0x0000, 0x0000, 0x0000, 0x0000,
    0x0001, 0x0001, 0x0001, 0x0001, 0x0002, 0x0002, 0x0002, 0x0002,
    0x0000, 0x0000, 0x0000, 0x0000, 0x0001, 0x0001, 0x0001, 0x0001,
    0x0002, 0x0002, 0x0002, 0x0002, 0x0000, 0x0000, 0x0000, 0x0000,
    0x0001, 0x0001, 0x0001, 0x0001, 0x0002, 0x0002, 0x0002, 0x0002,
};

static const u16 VIEW_DUSK_1_GROUND[920] = {
    0x0000, 0x0000, 0x0000, 0x0000, 0x0000, 0x0000, 0x0000, 0x0000,
    0x0000, 0x0000, 0x0000, 0x0000, 0x0000, 0x0000, 0x0000, 0x0000,
    0x0000, 0x0000, 0x0000, 0x0000, 0x0000, 0x0000, 0x0000, 0x0000,
    0x0000, 0x0000, 0x0000, 0x0000, 0x0000, 0x0000, 0x0000, 0x0000,
    0x0000, 0x0000, 0x0000, 0x0000, 0x0000, 0x0000, 0x0000, 0x0000,
    0x0000, 0x0000, 0x0000, 0x0000, 0x0000, 0x0000, 0x0000, 0x0000,
    0x0000, 0x0000, 0x0000, 0x0000, 0x0000, 0x0000, 0x0000, 0x0000,
    0x0000, 0x0000, 0x0000, 0x0000, 0x0000, 0x0000, 0x0000, 0x0000,
    0x0000, 0x0000, 0x0000, 0x0000, 0x0000, 0x0000, 0x0000, 0x0000,
    0x0000, 0x0000, 0x0000, 0x0000, 0x0000, 0x0000, 0x0000, 0x0000,
    0x0000, 0x0000, 0x0000, 0x0000, 0x0000, 0x0000, 0x0000, 0x0000,
    0x0000, 0x0000, 0x0000, 0x0000, 0x0000, 0x0000, 0x0000, 0x0000,
    0x0000, 0x0000, 0x0000, 0x0000, 0x0000, 0x0000, 0x0000, 0x0000,
    0x0000, 0x0000, 0x0000, 0x0000, 0x0000, 0x0000, 0x0000, 0x0000,
    0x0000, 0x0000, 0x0000, 0x0000, 0x0000, 0x0000, 0x0000, 0x0000,
    0x0000, 0x0000, 0x0000, 0x0000, 0x0000, 0x0000, 0x0000, 0x0000,
    0x0000, 0x0000, 0x0000, 0x0000, 0x0000, 0x0000, 0x0000, 0x0000,
    0x0000, 0x0000, 0x0000, 0x0001, 0x0000, 0x0002, 0x0000, 0x0000,
    0x0000, 0x0001, 0x0000, 0x0002, 0x0000, 0x0000, 0x0000, 0x0001,
    0x0000, 0x0002, 0x0000, 0x0000, 0x0000, 0x0000, 0x0000, 0x0000,
    0x0000, 0x0000, 0x0000, 0x0000, 0x0000, 0x0000, 0x0000, 0x0000,
    0x0000, 0x0000, 0x0000, 0x0000, 0x0000, 0x0000, 0x0000, 0x0000,
    0x0000, 0x0000, 0x0000, 0x0001, 0x0000, 0x0002, 0x0000, 0x0000,
    0x0000, 0x0001, 0x0000, 0x0002, 0x0000, 0x0000, 0x0000, 0x0001,
    0x0000, 0x0002, 0x0000, 0x0000, 0x0000, 0x0000, 0x0000, 0x0000,
    0x0000, 0x0000, 0x0000, 0x0000, 0x0000, 0x0000, 0x0000, 0x0000,
    0x0000, 0x0000, 0x0000, 0x0000, 0x0000, 0x0000, 0x0000, 0x0000,
    0x0000, 0x0000, 0x0000, 0x0000, 0x0000, 0x0000, 0x0000, 0x0000,
    0x0000, 0x0000, 0x0000, 0x0000, 0x0000, 0x0000, 0x0000, 0x0000,
    0x0000, 0x0000, 0x0000, 0x0000, 0x0000, 0x0000, 0x0000, 0x0000,
    0x0000, 0x0000, 0x0000, 0x0000, 0x0000, 0x0000, 0x0000, 0x0000,
    0x0000, 0x0000, 0x0000, 0x0000, 0x0000, 0x0000, 0x0000, 0x0000,
    0x0000, 0x0000, 0x0000, 0x0000, 0x0000, 0x0000, 0x0000, 0x0000,
    0x0000, 0x0000, 0x0000, 0x0000, 0x0000, 0x0000, 0x0000, 0x0000,
    0x0000, 0x0000, 0x0000, 0x0000, 0x0000, 0x0000, 0x0000, 0x0000,
    0x0000, 0x0000, 0x0000, 0x0000, 0x0000, 0x0000, 0x0000, 0x0000,
    0x0000, 0x0000, 0x0000, 0x0000, 0x0000, 0x0000, 0x0000, 0x0000,
    0x0000, 0x0000, 0x0000, 0x0000, 0x0000, 0x0000, 0x0000, 0x0000,
    0x0000, 0x0000, 0x0000, 0x0000, 0x0000, 0x0000, 0x0000, 0x0000,
    0x0000, 0x0000, 0x0000, 0x0000, 0x0000, 0x0000, 0x0000, 0x0000,
    0x0000, 0x0000, 0x0000, 0x0000, 0x0000, 0x0000, 0x0000, 0x0000,
    0x0000, 0x0000, 0x0000, 0x0000, 0x0000, 0x0000, 0x0000, 0x0000,
    0x0000, 0x0000, 0x0000, 0x0000, 0x0000, 0x0000, 0x0000, 0x0000,
    0x0000, 0x0000, 0x0000, 0x0000, 0x0000, 0x0000, 0x0000, 0x0000,
    0x0000, 0x0000, 0x0000, 0x0000, 0x0000, 0x0000, 0x0000, 0x0000,
    0x0000, 0x0000, 0x0000, 0x0000, 0x0000, 0x0000, 0x0000, 0x0000,
    0x0000, 0x0000, 0x0000, 0x0000, 0x0000, 0x0000, 0x0000, 0x0000,
    0x0000, 0x0000, 0x0000, 0x0000, 0x0000, 0x0000, 0x0000, 0x0000,
    0x0000, 0x0000, 0x0000, 0x0000, 0x0000, 0x0000, 0x0000, 0x0000,
    0x0000, 0x0000, 0x0000, 0x0000, 0x0000, 0x0000, 0x0000, 0x0000,
    0x0000, 0x0000, 0x0000, 0x0000, 0x0000, 0x0000, 0x0000, 0x0000,
    0x0000, 0x0000, 0x0000, 0x0000, 0x0000, 0x0000, 0x0000, 0x0000,
    0x0000, 0x0000, 0x0000, 0x0000, 0x0000, 0x0000, 0x0000, 0x0000,
    0x0000, 0x0000, 0x0000, 0x0000, 0x0000, 0x0000, 0x0000, 0x0000,
    0x0000, 0x0000, 0x0000, 0x0000, 0x0000, 0x0000, 0x0000, 0x0000,
    0x0000, 0x0000, 0x0000, 0x0000, 0x0000, 0x0000, 0x0000, 0x0000,
    0x0000, 0x0000, 0x0000, 0x0000, 0x0000, 0x0000, 0x0000, 0x0000,
    0x0000, 0x0000, 0x0000, 0x0000, 0x0000, 0x0000, 0x0000, 0x0000,
    0x0000, 0x0000, 0x0000, 0x0000, 0x0000, 0x0000, 0x0000, 0x0000,
    0x0000, 0x0000, 0x0000, 0x0000, 0x0000, 0x0000, 0x0000, 0x0000,
    0x0000, 0x0000, 0x0000, 0x0000, 0x0000, 0x0000, 0x0000, 0x0000,
    0x0000, 0x0000, 0x0000, 0x0000, 0x0000, 0x0000, 0x0000, 0x0000,
    0x0000, 0x0000, 0x0000, 0x0000, 0x0000, 0x0000, 0x0000, 0x0000,
    0x0000, 0x0000, 0x0000, 0x0000, 0x0000, 0x0000, 0x0000, 0x0000,
    0x0000, 0x0000, 0x0000, 0x0000, 0x0000, 0x0000, 0x0000, 0x0000,
    0x0000, 0x0000, 0x0000, 0x0000, 0x0000, 0x0000, 0x0000, 0x0000,
    0x0000, 0x0000, 0x0000, 0x0000, 0x0000, 0x0000, 0x0000, 0x0000,
    0x0000, 0x0000, 0x0000, 0x0000, 0x0000, 0x0000, 0x0000, 0x0000,
    0x0000, 0x0000, 0x0000, 0x0000, 0x0000, 0x0000, 0x0000, 0x0000,
    0x0000, 0x0000, 0x0000, 0x0000, 0x0000, 0x0000, 0x0000, 0x0000,
    0x0000, 0x0000, 0x0000, 0x0000, 0x0000, 0x0000, 0x0000, 0x0000,
    0x0000, 0x0000, 0x0000, 0x0000, 0x0000, 0x0000, 0x0000, 0x0000,
    0x0000, 0x0000, 0x0000, 0x0000, 0x0000, 0x0000, 0x0000, 0x0000,
    0x0000, 0x0000, 0x0000, 0x0000, 0x0000, 0x0000, 0x0000, 0x0000,
    0x0000, 0x0000, 0x0000, 0x0000, 0x0000, 0x0000, 0x0000, 0x0000,
    0x0000, 0x0000, 0x0000, 0x0000, 0x0000, 0x0000, 0x0000, 0x0000,
    0x0000, 0x0000, 0x0000, 0x0000, 0x0000, 0x0000, 0x0000, 0x0000,
    0x0000, 0x0000, 0x0000, 0x0000, 0x0000, 0x0000, 0x0000, 0x0000,
    0x0000, 0x0000, 0x0000, 0x0000, 0x0000, 0x0000, 0x0000, 0x0000,
    0x0000, 0x0000, 0x0000, 0x0000, 0x0000, 0x0000, 0x0000, 0x0000,
    0x0000, 0x0000, 0x0000, 0x0000, 0x0000, 0x0000, 0x0000, 0x0000,
    0x0000, 0x0000, 0x0000, 0x0000, 0x0000, 0x0000, 0x0000, 0x0000,
    0x0000, 0x0000, 0x0000, 0x0000, 0x0000, 0x0000, 0x0000, 0x0000,
    0x0000, 0x0000, 0x0000, 0x0000, 0x0000, 0x0000, 0x0000, 0x0000,
    0x0000, 0x0000, 0x0000, 0x0000, 0x0000, 0x0000, 0x0000, 0x0000,
    0x0000, 0x0000, 0x0000, 0x0000, 0x0000, 0x0000, 0x0000, 0x0000,
    0x0000, 0x0000, 0x0000, 0x0000, 0x0000, 0x0000, 0x0000, 0x0000,
    0x0000, 0x0000, 0x0000, 0x0000, 0x0000, 0x0000, 0x0000, 0x0000,
    0x0000, 0x0000, 0x0000, 0x0000, 0x0000, 0x0000, 0x0000, 0x0000,
    0x0000, 0x0000, 0x0000, 0x0000, 0x0000, 0x0000, 0x0000, 0x0000,
    0x0000, 0x0000, 0x0000, 0x0000, 0x0000, 0x0000, 0x0000, 0x0000,
    0x0000, 0x0000, 0x0000, 0x0000, 0x0000, 0x0000, 0x0000, 0x0000,
    0x0000, 0x0000, 0x0000, 0x0000, 0x0000, 0x0000, 0x0000, 0x0000,
    0x0000, 0x0000, 0x0000, 0x0000, 0x0000, 0x0000, 0x0000, 0x0000,
    0x0000, 0x0000, 0x0000, 0x0000, 0x0000, 0x0000, 0x0000, 0x0000,
    0x0000, 0x0000, 0x0000, 0x0000, 0x0000, 0x0000, 0x0000, 0x0000,
    0x0000, 0x0000, 0x0000, 0x0000, 0x0000, 0x0000, 0x0000, 0x0000,
    0x0000, 0x0000, 0x0000, 0x0000, 0x0000, 0x0000, 0x0000, 0x0000,
    0x0000, 0x0000, 0x0000, 0x0000, 0x0000, 0x0000, 0x0000, 0x0000,
    0x0000, 0x0000, 0x0000, 0x0000, 0x0000, 0x0000, 0x0000, 0x0000,
    0x0000, 0x0000, 0x0000, 0x0000, 0x0000, 0x0000, 0x0000, 0x0000,
    0x0000, 0x0000, 0x0000, 0x0000, 0x0000, 0x0000, 0x0000, 0x0000,
    0x0000, 0x0000, 0x0000, 0x0000, 0x0000, 0x0000, 0x0000, 0x0000,
    0x0000, 0x0000, 0x0000, 0x0000, 0x0000, 0x0000, 0x0000, 0x0000,
    0x0000, 0x0000, 0x0000, 0x0000, 0x0000, 0x0000, 0x0000, 0x0000,
    0x0000, 0x0000, 0x0000, 0x0000, 0x0000, 0x0000, 0x0000, 0x0000,
    0x0000, 0x0000, 0x0000, 0x0000, 0x0000, 0x0000, 0x0000, 0x0000,
    0x0000, 0x0000, 0x0000, 0x0000, 0x0000, 0x0000, 0x0000, 0x0000,
    0x0000, 0x0000, 0x0000, 0x0000, 0x0000, 0x0000, 0x0000, 0x0000,
    0x0000, 0x0000, 0x0000, 0x0000, 0x0000, 0x0000, 0x0000, 0x0000,
    0x0000, 0x0000, 0x0000, 0x0000, 0x0000, 0x0000, 0x0000, 0x0000,
    0x0000, 0x0000, 0x0000, 0x0000, 0x0000, 0x0000, 0x0000, 0x0000,
    0x0000, 0x0000, 0x0000, 0x0000, 0x0000, 0x0000, 0x0000, 0x0000,
    0x0000, 0x0000, 0x0000, 0x0000, 0x0000, 0x0000, 0x0000, 0x0000,
    0x0000, 0x0000, 0x0000, 0x0000, 0x0000, 0x0000, 0x0000, 0x0000,
};

static const DecorPlace VIEW_DUSK_1_DECOR[] = {
    DP(GR_SIGN, 1, 13),
    DP(GR_GRAVE, 3, 13),
    DP(GR_CROSS, 5, 13),
    DP(GR_FENCE, 7, 13),
    DP(GR_BONES, 9, 13),
    DP(GR_SHRUB, 11, 13),
    DP(GR_STUMP, 13, 13),
    DP(GR_CART, 15, 13),
    DP(GR_LANTERN, 18, 13),
    DP(GR_WISP, 20, 13),
    DP(GR_BELL, 22, 13),
    DP(GR_MOORING, 24, 13),
    DP(GR_PUMPKIN, 26, 13),
    DP(GR_MEMORIAL, 28, 13),
};

static const u16 VIEW_DESERT_1_CELLS[640] = {
    0x0000, 0x0000, 0x0000, 0x0000, 0x0001, 0x0001, 0x0001, 0x0001,
    0x0002, 0x0002, 0x0002, 0x0002, 0x0000, 0x0000, 0x0000, 0x0000,
    0x0001, 0x0001, 0x0001, 0x0001, 0x0002, 0x0002, 0x0002, 0x0002,
    0x0000, 0x0000, 0x0000, 0x0000, 0x0001, 0x0001, 0x0001, 0x0001,
    0x0002, 0x0002, 0x0002, 0x0002, 0x0000, 0x0000, 0x0000, 0x0000,
    0x0000, 0x0000, 0x0000, 0x0001, 0x0001, 0x0002, 0x0001, 0x0003,
    0x0002, 0x0004, 0x0002, 0x0005, 0x0000, 0x0006, 0x0000, 0x0007,
    0x0001, 0x0008, 0x0001, 0x0009, 0x0002, 0x000A, 0x0002, 0x000B,
    0x0000, 0x000C, 0x0000, 0x0000, 0x0001, 0x0001, 0x0001, 0x0001,
    0xFFF1, 0xFFF1, 0xFFF1, 0xFFF1, 0x0000, 0x0000, 0x0000, 0x0000,
    0x0000, 0x0000, 0x0000, 0x0000, 0x0001, 0x0001, 0x0001, 0x0001,
    0x0002, 0x0002, 0x0002, 0x0002, 0x0000, 0x0000, 0x0000, 0x0000,
    0x0001, 0x0001, 0x0001, 0x0001, 0x0002, 0x0002, 0x0002, 0x0002,
    0x0000, 0x0000, 0x0000, 0xFFF0, 0xFFF0, 0xFFF0, 0xFFF0, 0x0001,
    0xFFF1, 0xFFF1, 0xFFF1, 0xFFF1, 0x0000, 0x0000, 0x0000, 0x0000,
    0x0000, 0x0000, 0x0000, 0x0000, 0x0001, 0x0001, 0x0001, 0x0001,
    0x0002, 0x0002, 0x0002, 0x0002, 0x0000, 0x0000, 0x0000, 0x0000,
    0x0001, 0x0001, 0x0001, 0x0001, 0x0002, 0x0002, 0x0002, 0x0002,
    0x0000, 0x0000, 0x0000, 0x0000, 0x0001, 0x0001, 0x0001, 0x0001,
    0xFFF1, 0xFFF1, 0xFFF1, 0xFFF1, 0x0000, 0x0000, 0x0000, 0x0000,
    0x0001, 0x0001, 0x0001, 0x0001, 0x0002, 0x0002, 0x0002, 0x0002,
    0x0000, 0x0000, 0x0000, 0x0000, 0x0001, 0x0001, 0x0001, 0x0001,
    0x0002, 0x0002, 0x0002, 0x0002, 0x0000, 0x0000, 0x0000, 0x0000,
    0x0001, 0x0001, 0x0001, 0x0001, 0x0002, 0x0002, 0x0002, 0x0002,
    0x0000, 0x0000, 0x0000, 0x0000, 0x0001, 0x0001, 0x0001, 0x0001,
    0x0001, 0x0001, 0x0001, 0x0001, 0x0002, 0x0002, 0x0002, 0x0002,
    0x0000, 0x0000, 0x0000, 0x0000, 0x0001, 0x0001, 0x0001, 0x0001,
    0x0002, 0x0002, 0x0002, 0x0002, 0x0000, 0x0000, 0x0000, 0x0000,
    0x0001, 0x0001, 0x0001, 0x0001, 0x0002, 0x0002, 0x0002, 0x0002,
    0x0000, 0x0000, 0x0000, 0x0000, 0x0001, 0x0001, 0x0001, 0x0001,
    0x0001, 0x0001, 0x0001, 0x0001, 0x0002, 0x0002, 0x0002, 0x0002,
    0x0000, 0x0000, 0x0000, 0x0000, 0x0001, 0x0001, 0x0001, 0x0001,
    0x0002, 0x0002, 0x0002, 0x0002, 0x0000, 0x0000, 0x0000, 0x0000,
    0x0001, 0x0001, 0x0001, 0x0001, 0x0002, 0x0002, 0x0002, 0x0002,
    0x0000, 0x0000, 0x0000, 0x0000, 0x0001, 0x0001, 0x0001, 0x0001,
    0x0001, 0x0001, 0x0001, 0x0001, 0x0002, 0x0002, 0x0002, 0x0002,
    0x0000, 0x0000, 0x0000, 0x0000, 0x0001, 0x0001, 0x0001, 0x0001,
    0x0002, 0x0002, 0x0002, 0x0002, 0x0000, 0x0000, 0x0000, 0x0000,
    0x0001, 0x0001, 0x0001, 0x0001, 0x0002, 0x0002, 0x0002, 0x0002,
    0x0000, 0x0000, 0x0000, 0x0000, 0x0001, 0x0001, 0x0001, 0x0001,
    0x0002, 0x0002, 0x0002, 0x0002, 0x0000, 0x0000, 0x0000, 0x0000,
    0x0001, 0x0001, 0x0001, 0x0001, 0x0002, 0x0002, 0x0002, 0x0002,
    0x0000, 0x0000, 0x0000, 0x0000, 0x0001, 0x0001, 0x0001, 0x0001,
    0x0002, 0x0002, 0x0002, 0x0002, 0x0000, 0x0000, 0x0000, 0x0000,
    0x0001, 0x0001, 0x0001, 0x0001, 0x0002, 0x0002, 0x0002, 0x0002,
    0x0002, 0x0002, 0x0002, 0x0002, 0x0000, 0x0000, 0x0000, 0x0000,
    0x0001, 0x0001, 0x0001, 0x0001, 0x0002, 0x0002, 0x0002, 0x0002,
    0x0000, 0x0000, 0x0000, 0x0000, 0x0001, 0x0001, 0x0001, 0x0001,
    0x0002, 0x0002, 0x0002, 0x0002, 0x0000, 0x0000, 0x0000, 0x0000,
    0x0001, 0x0001, 0x0001, 0x0001, 0x0002, 0x0002, 0x0002, 0x0002,
    0x0002, 0x0002, 0x0002, 0x0002, 0x0000, 0x0000, 0x0000, 0x0000,
    0x0001, 0x0001, 0x0001, 0x0001, 0x0002, 0x0002, 0x0002, 0x0002,
    0x0000, 0x0000, 0x0000, 0x0000, 0x0001, 0x0001, 0x0001, 0x0001,
    0x0002, 0x0002, 0x0002, 0x0002, 0x0000, 0x0000, 0x0000, 0x0000,
    0x0001, 0x0001, 0x0001, 0x0001, 0x0002, 0x0002, 0x0002, 0x0002,
    0x0002, 0x0002, 0x0002, 0x0002, 0x0000, 0x0000, 0x0000, 0x0000,
    0x0001, 0x0001, 0x0001, 0x0001, 0x0002, 0x0002, 0x0002, 0x0002,
    0x0000, 0x0000, 0x0000, 0x0000, 0x0001, 0x0001, 0x0001, 0x0001,
    0x0002, 0x0002, 0x0002, 0x0002, 0x0000, 0x0000, 0x0000, 0x0000,
    0x0001, 0x0001, 0x0001, 0x0001, 0x0002, 0x0002, 0x0002, 0x0002,
    0x0000, 0x0000, 0x0000, 0x0000, 0x0001, 0x0001, 0x0001, 0x0001,
    0x0002, 0x0002, 0x0002, 0x0002, 0x0000, 0x0000, 0x0000, 0x0000,
    0x0001, 0x0001, 0x0001, 0x0001, 0x0002, 0x0002, 0x0002, 0x0002,
    0x0000, 0x0000, 0x0000, 0x0000, 0x0001, 0x0001, 0x0001, 0x0001,
    0x0002, 0x0002, 0x0002, 0x0002, 0x0000, 0x0000, 0x0000, 0x0000,
    0x0000, 0x0000, 0x0000, 0x0000, 0x0001, 0x0001, 0x0001, 0x0001,
    0x0002, 0x0002, 0x0002, 0x0002, 0x0000, 0x0000, 0x0000, 0x0000,
    0x0001, 0x0001, 0x0001, 0x0001, 0x0002, 0x0002, 0x0002, 0x0002,
    0x0000, 0x0000, 0x0000, 0x0000, 0x0001, 0x0001, 0x0001, 0x0001,
    0x0002, 0x0002, 0x0002, 0x0002, 0x0000, 0x0000, 0x0000, 0x0000,
    0x0000, 0x0000, 0x0000, 0x0000, 0x0001, 0x0001, 0x0001, 0x0001,
    0x0002, 0x0002, 0x0002, 0x0002, 0x0000, 0x0000, 0x0000, 0x0000,
    0x0001, 0x0001, 0x0001, 0x0001, 0x0002, 0x0002, 0x0002, 0x0002,
    0x0000, 0x0000, 0x0000, 0x0000, 0x0001, 0x0001, 0x0001, 0x0001,
    0x0002, 0x0002, 0x0002, 0x0002, 0x0000, 0x0000, 0x0000, 0x0000,
    0x0000, 0x0000, 0x0000, 0x0000, 0x0001, 0x0001, 0x0001, 0x0001,
    0x0002, 0x0002, 0x0002, 0x0002, 0x0000, 0x0000, 0x0000, 0x0000,
    0x0001, 0x0001, 0x0001, 0x0001, 0x0002, 0x0002, 0x0002, 0x0002,
    0x0000, 0x0000, 0x0000, 0x0000, 0x0001, 0x0001, 0x0001, 0x0001,
    0x0002, 0x0002, 0x0002, 0x0002, 0x0000, 0x0000, 0x0000, 0x0000,
};

static const u16 VIEW_DESERT_1_GROUND[640] = {
    0x0000, 0x0000, 0x0000, 0x0000, 0x0000, 0x0000, 0x0000, 0x0000,
    0x0000, 0x0000, 0x0000, 0x0000, 0x0000, 0x0000, 0x0000, 0x0000,
    0x0000, 0x0000, 0x0000, 0x0000, 0x0000, 0x0000, 0x0000, 0x0000,
    0x0000, 0x0000, 0x0000, 0x0000, 0x0000, 0x0000, 0x0000, 0x0000,
    0x0000, 0x0000, 0x0000, 0x0000, 0x0000, 0x0000, 0x0000, 0x0000,
    0x0000, 0x0000, 0x0000, 0x0000, 0x0000, 0x0000, 0x0000, 0x0000,
    0x0000, 0x0000, 0x0000, 0x0000, 0x0000, 0x0000, 0x0000, 0x0000,
    0x0000, 0x0000, 0x0000, 0x0000, 0x0000, 0x0000, 0x0000, 0x0000,
    0x0000, 0x0000, 0x0000, 0x0000, 0x0000, 0x0000, 0x0000, 0x0000,
    0x0000, 0x0000, 0x0000, 0x0000, 0x0000, 0x0000, 0x0000, 0x0000,
    0x0000, 0x0000, 0x0000, 0x0000, 0x0000, 0x0000, 0x0000, 0x0000,
    0x0000, 0x0000, 0x0000, 0x0000, 0x0000, 0x0000, 0x0000, 0x0000,
    0x0000, 0x0000, 0x0000, 0x0000, 0x0000, 0x0000, 0x0000, 0x0000,
    0x0000, 0x0000, 0x0000, 0x0000, 0x0000, 0x0000, 0x0000, 0x0000,
    0x0000, 0x0000, 0x0000, 0x0000, 0x0000, 0x0000, 0x0000, 0x0000,
    0x0000, 0x0000, 0x0000, 0x0000, 0x0000, 0x0000, 0x0000, 0x0000,
    0x0000, 0x0000, 0x0000, 0x0000, 0x0000, 0x0000, 0x0000, 0x0000,
    0x0000, 0x0000, 0x0000, 0x0000, 0x0000, 0x0000, 0x0000, 0x0000,
    0x0000, 0x0000, 0x0000, 0x0000, 0x0000, 0x0000, 0x0000, 0x0000,
    0x0000, 0x0000, 0x0000, 0x0000, 0x0000, 0x0000, 0x0000, 0x0000,
    0x0000, 0x0000, 0x0000, 0x0000, 0x0000, 0x0000, 0x0000, 0x0000,
    0x0000, 0x0000, 0x0000, 0x0000, 0x0000, 0x0000, 0x0000, 0x0000,
    0x0000, 0x0000, 0x0000, 0x0000, 0x0000, 0x0000, 0x0000, 0x0000,
    0x0000, 0x0000, 0x0000, 0x0000, 0x0000, 0x0000, 0x0000, 0x0000,
    0x0000, 0x0000, 0x0000, 0x0000, 0x0000, 0x0000, 0x0000, 0x0000,
    0x0000, 0x0000, 0x0000, 0x0000, 0x0000, 0x0000, 0x0000, 0x0000,
    0x0000, 0x0000, 0x0000, 0x0000, 0x0000, 0x0000, 0x0000, 0x0000,
    0x0000, 0x0000, 0x0000, 0x0000, 0x0000, 0x0000, 0x0000, 0x0000,
    0x0000, 0x0000, 0x0000, 0x0000, 0x0000, 0x0000, 0x0000, 0x0000,
    0x0000, 0x0000, 0x0000, 0x0000, 0x0000, 0x0000, 0x0000, 0x0000,
    0x0000, 0x0000, 0x0000, 0x0000, 0x0000, 0x0000, 0x0000, 0x0000,
    0x0000, 0x0000, 0x0000, 0x0000, 0x0000, 0x0000, 0x0000, 0x0000,
    0x0000, 0x0000, 0x0000, 0x0000, 0x0000, 0x0000, 0x0000, 0x0000,
    0x0000, 0x0000, 0x0000, 0x0000, 0x0000, 0x0000, 0x0000, 0x0000,
    0x0000, 0x0000, 0x0000, 0x0000, 0x0000, 0x0000, 0x0000, 0x0000,
    0x0000, 0x0000, 0x0000, 0x0000, 0x0000, 0x0000, 0x0000, 0x0000,
    0x0000, 0x0000, 0x0000, 0x0000, 0x0000, 0x0000, 0x0000, 0x0000,
    0x0000, 0x0000, 0x0000, 0x0000, 0x0000, 0x0000, 0x0000, 0x0000,
    0x0000, 0x0000, 0x0000, 0x0000, 0x0000, 0x0000, 0x0000, 0x0000,
    0x0000, 0x0000, 0x0000, 0x0000, 0x0000, 0x0000, 0x0000, 0x0000,
    0x0000, 0x0000, 0x0000, 0x0000, 0x0000, 0x0000, 0x0000, 0x0000,
    0x0000, 0x0000, 0x0000, 0x0000, 0x0000, 0x0000, 0x0000, 0x0000,
    0x0000, 0x0000, 0x0000, 0x0000, 0x0000, 0x0000, 0x0000, 0x0000,
    0x0000, 0x0000, 0x0000, 0x0000, 0x0000, 0x0000, 0x0000, 0x0000,
    0x0000, 0x0000, 0x0000, 0x0000, 0x0000, 0x0000, 0x0000, 0x0000,
    0x0000, 0x0000, 0x0000, 0x0000, 0x0000, 0x0000, 0x0000, 0x0000,
    0x0000, 0x0000, 0x0000, 0x0000, 0x0000, 0x0000, 0x0000, 0x0000,
    0x0000, 0x0000, 0x0000, 0x0000, 0x0000, 0x0000, 0x0000, 0x0000,
    0x0000, 0x0000, 0x0000, 0x0000, 0x0000, 0x0000, 0x0000, 0x0000,
    0x0000, 0x0000, 0x0000, 0x0000, 0x0000, 0x0000, 0x0000, 0x0000,
    0x0000, 0x0000, 0x0000, 0x0000, 0x0000, 0x0000, 0x0000, 0x0000,
    0x0000, 0x0000, 0x0000, 0x0000, 0x0000, 0x0000, 0x0000, 0x0000,
    0x0000, 0x0000, 0x0000, 0x0000, 0x0000, 0x0000, 0x0000, 0x0000,
    0x0000, 0x0000, 0x0000, 0x0000, 0x0000, 0x0000, 0x0000, 0x0000,
    0x0000, 0x0000, 0x0000, 0x0000, 0x0000, 0x0000, 0x0000, 0x0000,
    0x0000, 0x0000, 0x0000, 0x0000, 0x0000, 0x0000, 0x0000, 0x0000,
    0x0000, 0x0000, 0x0000, 0x0000, 0x0000, 0x0000, 0x0000, 0x0000,
    0x0000, 0x0000, 0x0000, 0x0000, 0x0000, 0x0000, 0x0000, 0x0000,
    0x0000, 0x0000, 0x0000, 0x0000, 0x0000, 0x0000, 0x0000, 0x0000,
    0x0000, 0x0000, 0x0000, 0x0000, 0x0000, 0x0000, 0x0000, 0x0000,
    0x0000, 0x0000, 0x0000, 0x0000, 0x0000, 0x0000, 0x0000, 0x0000,
    0x0000, 0x0000, 0x0000, 0x0000, 0x0000, 0x0000, 0x0000, 0x0000,
    0x0000, 0x0000, 0x0000, 0x0000, 0x0000, 0x0000, 0x0000, 0x0000,
    0x0000, 0x0000, 0x0000, 0x0000, 0x0000, 0x0000, 0x0000, 0x0000,
    0x0000, 0x0000, 0x0000, 0x0000, 0x0000, 0x0000, 0x0000, 0x0000,
    0x0000, 0x0000, 0x0000, 0x0000, 0x0000, 0x0000, 0x0000, 0x0000,
    0x0000, 0x0000, 0x0000, 0x0000, 0x0000, 0x0000, 0x0000, 0x0000,
    0x0000, 0x0000, 0x0000, 0x0000, 0x0000, 0x0000, 0x0000, 0x0000,
    0x0000, 0x0000, 0x0000, 0x0000, 0x0000, 0x0000, 0x0000, 0x0000,
    0x0000, 0x0000, 0x0000, 0x0000, 0x0000, 0x0000, 0x0000, 0x0000,
    0x0000, 0x0000, 0x0000, 0x0000, 0x0000, 0x0000, 0x0000, 0x0000,
    0x0000, 0x0000, 0x0000, 0x0000, 0x0000, 0x0000, 0x0000, 0x0000,
    0x0000, 0x0000, 0x0000, 0x0000, 0x0000, 0x0000, 0x0000, 0x0000,
    0x0000, 0x0000, 0x0000, 0x0000, 0x0000, 0x0000, 0x0000, 0x0000,
    0x0000, 0x0000, 0x0000, 0x0000, 0x0000, 0x0000, 0x0000, 0x0000,
    0x0000, 0x0000, 0x0000, 0x0000, 0x0000, 0x0000, 0x0000, 0x0000,
    0x0000, 0x0000, 0x0000, 0x0000, 0x0000, 0x0000, 0x0000, 0x0000,
    0x0000, 0x0000, 0x0000, 0x0000, 0x0000, 0x0000, 0x0000, 0x0000,
    0x0000, 0x0000, 0x0000, 0x0000, 0x0000, 0x0000, 0x0000, 0x0000,
    0x0000, 0x0000, 0x0000, 0x0000, 0x0000, 0x0000, 0x0000, 0x0000,
};

static const DecorPlace VIEW_DESERT_1_DECOR[] = {
    DP(DESERT_WAYPOST, 37, 1),
    DP(DESERT_CACTUS, 1, 5),
    DP(DESERT_CACTUS_BLOOM, 3, 5),
    DP(DESERT_DUNE_TUFT, 5, 5),
    DP(DESERT_ADOBE_HUT, 7, 5),
    DP(DESERT_WELL, 11, 5),
    DP(DESERT_JAR, 14, 5),
    DP(DESERT_CARAVAN_CANOPY, 16, 5),
};

static const u16 VIEW_JUNGLE_1_CELLS[640] = {
    0x0000, 0x0000, 0x0000, 0x0000, 0x0001, 0x0001, 0x0001, 0x0001,
    0x0002, 0x0002, 0x0002, 0x0002, 0x0000, 0x0000, 0x0000, 0x0000,
    0x0001, 0x0001, 0x0001, 0x0001, 0x0002, 0x0002, 0x0002, 0x0002,
    0x0000, 0x0000, 0x0000, 0x0000, 0x0001, 0x0001, 0x0001, 0x0001,
    0x0002, 0x0002, 0x0002, 0x0002, 0x0000, 0x0000, 0x0000, 0x0000,
    0x0000, 0x0000, 0x0000, 0x0001, 0x0001, 0x0002, 0x0001, 0x0003,
    0x0002, 0x0006, 0x0002, 0x0007, 0x0000, 0x0008, 0x0000, 0x0009,
    0x0001, 0x000A, 0x0001, 0x000B, 0x0002, 0x000C, 0x0002, 0x0004,
    0x0000, 0x0004, 0x0000, 0x0004, 0x0001, 0x0005, 0x0001, 0x0005,
    0x0002, 0x0005, 0x0002, 0x0002, 0x0000, 0x0000, 0x0000, 0x0000,
    0x0000, 0x0000, 0x0000, 0x0000, 0x0001, 0x0001, 0x0001, 0x0001,
    0x0002, 0x0002, 0x0002, 0x0002, 0x0000, 0x0000, 0x0000, 0x0000,
    0x0001, 0x0001, 0x0001, 0x0001, 0x0002, 0x0002, 0x0002, 0x0002,
    0x0000, 0x0000, 0x0000, 0x0000, 0x0001, 0x0001, 0x0001, 0x0001,
    0x0002, 0x0002, 0x0002, 0xFFF0, 0xFFF0, 0xFFF0, 0xFFF0, 0x0000,
    0x0000, 0x0000, 0x0000, 0x0000, 0x0001, 0x0001, 0x0001, 0x0001,
    0x0002, 0x0002, 0x0002, 0x0002, 0x0000, 0x0000, 0x0000, 0x0000,
    0x0001, 0x0001, 0x0001, 0x0001, 0x0002, 0x0002, 0x0002, 0x0002,
    0x0000, 0x0000, 0x0000, 0x0000, 0x0001, 0x0001, 0x0001, 0x0001,
    0x0002, 0x0002, 0x0002, 0x0002, 0x0000, 0x0000, 0x0000, 0x0000,
    0x0001, 0x0001, 0x0001, 0x0001, 0x0002, 0x0002, 0x0002, 0x0002,
    0x0000, 0x0000, 0x0000, 0x0000, 0x0001, 0x0001, 0x0001, 0x0001,
    0x0002, 0x0002, 0x0002, 0x0002, 0x0000, 0x0000, 0x0000, 0x0000,
    0x0001, 0x0001, 0x0001, 0x0001, 0x0002, 0x0002, 0x0002, 0x0002,
    0x0000, 0x0000, 0x0000, 0x0000, 0x0001, 0x0001, 0x0001, 0x0001,
    0x0001, 0xFFF1, 0xFFF1, 0xFFF1, 0xFFF1, 0x0002, 0x0002, 0x0002,
    0x0000, 0x0000, 0x0000, 0x0000, 0x0001, 0x0001, 0x0001, 0x0001,
    0x0002, 0x0002, 0x0002, 0x0002, 0x0000, 0x0000, 0x0000, 0x0000,
    0x0001, 0x0001, 0x0001, 0x0001, 0x0002, 0x0002, 0x0002, 0x0002,
    0x0000, 0x0000, 0x0000, 0x0000, 0x0001, 0x0001, 0x0001, 0x0001,
    0x0001, 0xFFF1, 0xFFF1, 0xFFF1, 0xFFF1, 0x0002, 0x0002, 0x0002,
    0x0000, 0x0000, 0x0000, 0x0000, 0x0001, 0x0001, 0x0001, 0x0001,
    0x0002, 0x0002, 0x0002, 0x0002, 0x0000, 0x0000, 0x0000, 0x0000,
    0x0001, 0x0001, 0x0001, 0x0001, 0x0002, 0x0002, 0x0002, 0x0002,
    0x0000, 0x0000, 0x0000, 0x0000, 0x0001, 0x0001, 0x0001, 0x0001,
    0x0001, 0xFFF1, 0xFFF1, 0xFFF1, 0xFFF1, 0x0002, 0x0002, 0x0002,
    0x0000, 0x0000, 0x0000, 0x0000, 0x0001, 0x0001, 0x0001, 0x0001,
    0x0002, 0x0002, 0x0002, 0x0002, 0x0000, 0x0000, 0x0000, 0x0000,
    0x0001, 0x0001, 0x0001, 0x0001, 0x0002, 0x0002, 0x0002, 0x0002,
    0x0000, 0x0000, 0x0000, 0x0000, 0x0001, 0x0001, 0x0001, 0x0001,
    0x0002, 0x0002, 0x0002, 0x0002, 0x0000, 0x0000, 0x0000, 0x0000,
    0x0001, 0x0001, 0x0001, 0x0001, 0x0002, 0x0002, 0x0002, 0x0002,
    0x0000, 0x0000, 0x0000, 0x0000, 0x0001, 0x0001, 0x0001, 0x0001,
    0x0002, 0x0002, 0x0002, 0x0002, 0x0000, 0x0000, 0x0000, 0x0000,
    0x0001, 0x0001, 0x0001, 0x0001, 0x0002, 0x0002, 0x0002, 0x0002,
    0x0002, 0x0002, 0x0002, 0x0002, 0x0000, 0x0000, 0x0000, 0x0000,
    0x0001, 0x0001, 0x0001, 0x0001, 0x0002, 0x0002, 0x0002, 0x0002,
    0x0000, 0x0000, 0x0000, 0x0000, 0x0001, 0x0001, 0x0001, 0x0001,
    0x0002, 0x0002, 0x0002, 0x0002, 0x0000, 0x0000, 0x0000, 0x0000,
    0x0001, 0x0001, 0x0001, 0x0001, 0x0002, 0x0002, 0x0002, 0x0002,
    0x0002, 0x0002, 0x0002, 0x0002, 0x0000, 0x0000, 0x0000, 0x0000,
    0x0001, 0x0001, 0x0001, 0x0001, 0x0002, 0x0002, 0x0002, 0x0002,
    0x0000, 0x0000, 0x0000, 0x0000, 0x0001, 0x0001, 0x0001, 0x0001,
    0x0002, 0x0002, 0x0002, 0x0002, 0x0000, 0x0000, 0x0000, 0x0000,
    0x0001, 0x0001, 0x0001, 0x0001, 0x0002, 0x0002, 0x0002, 0x0002,
    0x0002, 0x0002, 0x0002, 0x0002, 0x0000, 0x0000, 0x0000, 0x0000,
    0x0001, 0x0001, 0x0001, 0x0001, 0x0002, 0x0002, 0x0002, 0x0002,
    0x0000, 0x0000, 0x0000, 0x0000, 0x0001, 0x0001, 0x0001, 0x0001,
    0x0002, 0x0002, 0x0002, 0x0002, 0x0000, 0x0000, 0x0000, 0x0000,
    0x0001, 0x0001, 0x0001, 0x0001, 0x0002, 0x0002, 0x0002, 0x0002,
    0x0000, 0x0000, 0x0000, 0x0000, 0x0001, 0x0001, 0x0001, 0x0001,
    0x0002, 0x0002, 0x0002, 0x0002, 0x0000, 0x0000, 0x0000, 0x0000,
    0x0001, 0x0001, 0x0001, 0x0001, 0x0002, 0x0002, 0x0002, 0x0002,
    0x0000, 0x0000, 0x0000, 0x0000, 0x0001, 0x0001, 0x0001, 0x0001,
    0x0002, 0x0002, 0x0002, 0x0002, 0x0000, 0x0000, 0x0000, 0x0000,
    0x0000, 0x0000, 0x0000, 0x0000, 0x0001, 0x0001, 0x0001, 0x0001,
    0x0002, 0x0002, 0x0002, 0x0002, 0x0000, 0x0000, 0x0000, 0x0000,
    0x0001, 0x0001, 0x0001, 0x0001, 0x0002, 0x0002, 0x0002, 0x0002,
    0x0000, 0x0000, 0x0000, 0x0000, 0x0001, 0x0001, 0x0001, 0x0001,
    0x0002, 0x0002, 0x0002, 0x0002, 0x0000, 0x0000, 0x0000, 0x0000,
    0x0000, 0x0000, 0x0000, 0x0000, 0x0001, 0x0001, 0x0001, 0x0001,
    0x0002, 0x0002, 0x0002, 0x0002, 0x0000, 0x0000, 0x0000, 0x0000,
    0x0001, 0x0001, 0x0001, 0x0001, 0x0002, 0x0002, 0x0002, 0x0002,
    0x0000, 0x0000, 0x0000, 0x0000, 0x0001, 0x0001, 0x0001, 0x0001,
    0x0002, 0x0002, 0x0002, 0x0002, 0x0000, 0x0000, 0x0000, 0x0000,
    0x0000, 0x0000, 0x0000, 0x0000, 0x0001, 0x0001, 0x0001, 0x0001,
    0x0002, 0x0002, 0x0002, 0x0002, 0x0000, 0x0000, 0x0000, 0x0000,
    0x0001, 0x0001, 0x0001, 0x0001, 0x0002, 0x0002, 0x0002, 0x0002,
    0x0000, 0x0000, 0x0000, 0x0000, 0x0001, 0x0001, 0x0001, 0x0001,
    0x0002, 0x0002, 0x0002, 0x0002, 0x0000, 0x0000, 0x0000, 0x0000,
};

static const u16 VIEW_JUNGLE_1_GROUND[640] = {
    0x0000, 0x0000, 0x0000, 0x0000, 0x0000, 0x0000, 0x0000, 0x0000,
    0x0000, 0x0000, 0x0000, 0x0000, 0x0000, 0x0000, 0x0000, 0x0000,
    0x0000, 0x0000, 0x0000, 0x0000, 0x0000, 0x0000, 0x0000, 0x0000,
    0x0000, 0x0000, 0x0000, 0x0000, 0x0000, 0x0000, 0x0000, 0x0000,
    0x0000, 0x0000, 0x0000, 0x0000, 0x0000, 0x0000, 0x0000, 0x0000,
    0x0000, 0x0000, 0x0000, 0x0000, 0x0000, 0x0000, 0x0000, 0x0000,
    0x0000, 0x0000, 0x0000, 0x0000, 0x0000, 0x0000, 0x0000, 0x0000,
    0x0000, 0x0000, 0x0000, 0x0000, 0x0000, 0x0000, 0x0000, 0x0000,
    0x0000, 0x0001, 0x0000, 0x0002, 0x0000, 0x0000, 0x0000, 0x0001,
    0x0000, 0x0002, 0x0000, 0x0000, 0x0000, 0x0000, 0x0000, 0x0000,
    0x0000, 0x0000, 0x0000, 0x0000, 0x0000, 0x0000, 0x0000, 0x0000,
    0x0000, 0x0000, 0x0000, 0x0000, 0x0000, 0x0000, 0x0000, 0x0000,
    0x0000, 0x0000, 0x0000, 0x0000, 0x0000, 0x0000, 0x0000, 0x0000,
    0x0000, 0x0000, 0x0000, 0x0000, 0x0000, 0x0000, 0x0000, 0x0000,
    0x0000, 0x0000, 0x0000, 0x0000, 0x0000, 0x0000, 0x0000, 0x0000,
    0x0000, 0x0000, 0x0000, 0x0000, 0x0000, 0x0000, 0x0000, 0x0000,
    0x0000, 0x0000, 0x0000, 0x0000, 0x0000, 0x0000, 0x0000, 0x0000,
    0x0000, 0x0000, 0x0000, 0x0000, 0x0000, 0x0000, 0x0000, 0x0000,
    0x0000, 0x0000, 0x0000, 0x0000, 0x0000, 0x0000, 0x0000, 0x0000,
    0x0000, 0x0000, 0x0000, 0x0000, 0x0000, 0x0000, 0x0000, 0x0000,
    0x0000, 0x0000, 0x0000, 0x0000, 0x0000, 0x0000, 0x0000, 0x0000,
    0x0000, 0x0000, 0x0000, 0x0000, 0x0000, 0x0000, 0x0000, 0x0000,
    0x0000, 0x0000, 0x0000, 0x0000, 0x0000, 0x0000, 0x0000, 0x0000,
    0x0000, 0x0000, 0x0000, 0x0000, 0x0000, 0x0000, 0x0000, 0x0000,
    0x0000, 0x0000, 0x0000, 0x0000, 0x0000, 0x0000, 0x0000, 0x0000,
    0x0000, 0x0000, 0x0000, 0x0000, 0x0000, 0x0000, 0x0000, 0x0000,
    0x0000, 0x0000, 0x0000, 0x0000, 0x0000, 0x0000, 0x0000, 0x0000,
    0x0000, 0x0000, 0x0000, 0x0000, 0x0000, 0x0000, 0x0000, 0x0000,
    0x0000, 0x0000, 0x0000, 0x0000, 0x0000, 0x0000, 0x0000, 0x0000,
    0x0000, 0x0000, 0x0000, 0x0000, 0x0000, 0x0000, 0x0000, 0x0000,
    0x0000, 0x0000, 0x0000, 0x0000, 0x0000, 0x0000, 0x0000, 0x0000,
    0x0000, 0x0000, 0x0000, 0x0000, 0x0000, 0x0000, 0x0000, 0x0000,
    0x0000, 0x0000, 0x0000, 0x0000, 0x0000, 0x0000, 0x0000, 0x0000,
    0x0000, 0x0000, 0x0000, 0x0000, 0x0000, 0x0000, 0x0000, 0x0000,
    0x0000, 0x0000, 0x0000, 0x0000, 0x0000, 0x0000, 0x0000, 0x0000,
    0x0000, 0x0000, 0x0000, 0x0000, 0x0000, 0x0000, 0x0000, 0x0000,
    0x0000, 0x0000, 0x0000, 0x0000, 0x0000, 0x0000, 0x0000, 0x0000,
    0x0000, 0x0000, 0x0000, 0x0000, 0x0000, 0x0000, 0x0000, 0x0000,
    0x0000, 0x0000, 0x0000, 0x0000, 0x0000, 0x0000, 0x0000, 0x0000,
    0x0000, 0x0000, 0x0000, 0x0000, 0x0000, 0x0000, 0x0000, 0x0000,
    0x0000, 0x0000, 0x0000, 0x0000, 0x0000, 0x0000, 0x0000, 0x0000,
    0x0000, 0x0000, 0x0000, 0x0000, 0x0000, 0x0000, 0x0000, 0x0000,
    0x0000, 0x0000, 0x0000, 0x0000, 0x0000, 0x0000, 0x0000, 0x0000,
    0x0000, 0x0000, 0x0000, 0x0000, 0x0000, 0x0000, 0x0000, 0x0000,
    0x0000, 0x0000, 0x0000, 0x0000, 0x0000, 0x0000, 0x0000, 0x0000,
    0x0000, 0x0000, 0x0000, 0x0000, 0x0000, 0x0000, 0x0000, 0x0000,
    0x0000, 0x0000, 0x0000, 0x0000, 0x0000, 0x0000, 0x0000, 0x0000,
    0x0000, 0x0000, 0x0000, 0x0000, 0x0000, 0x0000, 0x0000, 0x0000,
    0x0000, 0x0000, 0x0000, 0x0000, 0x0000, 0x0000, 0x0000, 0x0000,
    0x0000, 0x0000, 0x0000, 0x0000, 0x0000, 0x0000, 0x0000, 0x0000,
    0x0000, 0x0000, 0x0000, 0x0000, 0x0000, 0x0000, 0x0000, 0x0000,
    0x0000, 0x0000, 0x0000, 0x0000, 0x0000, 0x0000, 0x0000, 0x0000,
    0x0000, 0x0000, 0x0000, 0x0000, 0x0000, 0x0000, 0x0000, 0x0000,
    0x0000, 0x0000, 0x0000, 0x0000, 0x0000, 0x0000, 0x0000, 0x0000,
    0x0000, 0x0000, 0x0000, 0x0000, 0x0000, 0x0000, 0x0000, 0x0000,
    0x0000, 0x0000, 0x0000, 0x0000, 0x0000, 0x0000, 0x0000, 0x0000,
    0x0000, 0x0000, 0x0000, 0x0000, 0x0000, 0x0000, 0x0000, 0x0000,
    0x0000, 0x0000, 0x0000, 0x0000, 0x0000, 0x0000, 0x0000, 0x0000,
    0x0000, 0x0000, 0x0000, 0x0000, 0x0000, 0x0000, 0x0000, 0x0000,
    0x0000, 0x0000, 0x0000, 0x0000, 0x0000, 0x0000, 0x0000, 0x0000,
    0x0000, 0x0000, 0x0000, 0x0000, 0x0000, 0x0000, 0x0000, 0x0000,
    0x0000, 0x0000, 0x0000, 0x0000, 0x0000, 0x0000, 0x0000, 0x0000,
    0x0000, 0x0000, 0x0000, 0x0000, 0x0000, 0x0000, 0x0000, 0x0000,
    0x0000, 0x0000, 0x0000, 0x0000, 0x0000, 0x0000, 0x0000, 0x0000,
    0x0000, 0x0000, 0x0000, 0x0000, 0x0000, 0x0000, 0x0000, 0x0000,
    0x0000, 0x0000, 0x0000, 0x0000, 0x0000, 0x0000, 0x0000, 0x0000,
    0x0000, 0x0000, 0x0000, 0x0000, 0x0000, 0x0000, 0x0000, 0x0000,
    0x0000, 0x0000, 0x0000, 0x0000, 0x0000, 0x0000, 0x0000, 0x0000,
    0x0000, 0x0000, 0x0000, 0x0000, 0x0000, 0x0000, 0x0000, 0x0000,
    0x0000, 0x0000, 0x0000, 0x0000, 0x0000, 0x0000, 0x0000, 0x0000,
    0x0000, 0x0000, 0x0000, 0x0000, 0x0000, 0x0000, 0x0000, 0x0000,
    0x0000, 0x0000, 0x0000, 0x0000, 0x0000, 0x0000, 0x0000, 0x0000,
    0x0000, 0x0000, 0x0000, 0x0000, 0x0000, 0x0000, 0x0000, 0x0000,
    0x0000, 0x0000, 0x0000, 0x0000, 0x0000, 0x0000, 0x0000, 0x0000,
    0x0000, 0x0000, 0x0000, 0x0000, 0x0000, 0x0000, 0x0000, 0x0000,
    0x0000, 0x0000, 0x0000, 0x0000, 0x0000, 0x0000, 0x0000, 0x0000,
    0x0000, 0x0000, 0x0000, 0x0000, 0x0000, 0x0000, 0x0000, 0x0000,
    0x0000, 0x0000, 0x0000, 0x0000, 0x0000, 0x0000, 0x0000, 0x0000,
    0x0000, 0x0000, 0x0000, 0x0000, 0x0000, 0x0000, 0x0000, 0x0000,
    0x0000, 0x0000, 0x0000, 0x0000, 0x0000, 0x0000, 0x0000, 0x0000,
};

static const DecorPlace VIEW_JUNGLE_1_DECOR[] = {
    DP(JUNGLE_WAYPOST, 6, 5),
    DP(JUNGLE_BUTTRESS, 8, 5),
    DP(JUNGLE_VINES, 11, 5),
    DP(JUNGLE_CANOPY, 13, 5),
    DP(JUNGLE_WOVEN_HUT, 17, 5),
    DP(JUNGLE_ORCHID, 21, 5),
    DP(JUNGLE_ROOT_BRIDGE, 23, 5),
};
