/*
 * RESONANCE WORKS art (src/game/fusion.c). GENERATED by tools/gen_fusion_gfx.py
 * -- do not edit. GBA 4bpp tiles: 8 u32 per 8x8 tile, multi-tile images in
 * row-major tile order. Colours are RGB15.
 */
#ifndef GFX_FUSION_H
#define GFX_FUSION_H
#define GFX_FUSION_UNUSED __attribute__((unused))

/* Type-energy glyphs, 16x16 (2x2 tiles), one per type in data.h order.
 * Palette fz_glyph_pal[t / 6]: 0 transparent, 1 white, 2 ink, 3 light grey,
 * then the type's fill at 4 + 2 * (t % 6) and its dark at 5 + 2 * (t % 6). */
static const u32 fz_glyph_gfx[18][4 * 8] GFX_FUSION_UNUSED = {
    { /* BEAST */
        0x55000000,0x44555000,0x44445500,0x11444550,0x11144450,0x11114450,0x44111445,0x14111445,
        0x55,0x55544,0x554444,0x5544411,0x5444111,0x5441111,0x54411144,0x54411141,
        0x11114445,0x11144445,0x11144450,0x11144450,0x11444550,0x44445500,0x44555000,0x55000000,
        0x54441111,0x54444111,0x5444111,0x5444111,0x5544411,0x554444,0x55544,0x55,
    },
    { /* BLAZE */
        0x77000000,0x66777000,0x66667700,0x66666770,0x66666670,0x16666670,0x11666667,0x11166667,
        0x77,0x77766,0x776666,0x7766611,0x7666611,0x7666611,0x76666111,0x76666111,
        0x11116667,0x61116667,0x61116670,0x61116670,0x11166770,0x11667700,0x66777000,0x77000000,
        0x76661111,0x76661111,0x7661116,0x7661116,0x7766111,0x776611,0x77766,0x77,
    },
    { /* TIDE */
        0x99000000,0x88999000,0x88889900,0x88888990,0x18888890,0x18888890,0x11888889,0x11188889,
        0x99,0x99988,0x998888,0x9988888,0x9888881,0x9888881,0x98888811,0x98888111,
        0x11118889,0x18118889,0x11118890,0x11118890,0x11188990,0x11889900,0x88999000,0x99000000,
        0x98881111,0x98881111,0x9881111,0x9881111,0x9988111,0x998811,0x99988,0x99,
    },
    { /* BLOOM */
        0xBB000000,0xAABBB000,0xAAAABB00,0x111AABB0,0x1111AAB0,0x1A11AAB0,0xA111AAAB,0x111AAAAB,
        0xBB,0xBBBAA,0xBBAAAA,0xBBAAAAA,0xBAAAA11,0xBAAA111,0xBAAA1111,0xBAAA111A,
        0x111AAAAB,0x11AAAAAB,0x1AAAAAB0,0xAAA11AB0,0xAAA11BB0,0xAAAABB00,0xAABBB000,0xBB000000,
        0xBAA111A1,0xBAA11A11,0xBA1A111,0xBAA111A,0xBBAAAAA,0xBBAAAA,0xBBBAA,0xBB,
    },
    { /* SPARK */
        0xDD000000,0xCCDDD000,0xCCCCDD00,0xCCCCCDD0,0xCCCCCCD0,0xDCCCCCD0,0xDDCCCCCD,0xDDDCCCCD,
        0xDD,0xDDDCC,0xDDCCDC,0xDDCCCDD,0xDCCCCCD,0xDCCCCCD,0xDCCCCCCD,0xDCCCCDDD,
        0xDDDCCCCD,0xCCCCCCCD,0xDCCCCCD0,0xDCCCCCD0,0xCCCCCDD0,0xCCCCDD00,0xCCDDD000,0xDD000000,
        0xDCCCCCDD,0xDCCCCCDD,0xDCCCCCD,0xDCCCCCC,0xDDCCCCC,0xDDCCCC,0xDDDCC,0xDD,
    },
    { /* FROST */
        0xFF000000,0xEEFFF000,0xEEEEFF00,0xFFFEEFF0,0xEFFFEEF0,0xEFFFEEF0,0xFFEEFEEF,0xFFFFFFEF,
        0xFF,0xFFFEE,0xFFEEEE,0xFFEEFFF,0xFEEFFFE,0xFEEFFFE,0xFEEFEEFF,0xFEFFFFFF,
        0xFFFFFFEF,0xFFEEFEEF,0xEFFFEEF0,0xEFFFEEF0,0xFFFEEFF0,0xEEEEFF00,0xEEFFF000,0xFF000000,
        0xFEFFFFFF,0xFEEFEEFF,0xFEEFFFE,0xFEEFFFE,0xFFEEFFF,0xFFEEEE,0xFFFEE,0xFF,
    },
    { /* BRAWL */
        0x55000000,0x44555000,0x44445500,0x11444550,0x11444450,0x11111450,0x11114445,0x41114445,
        0x55,0x55544,0x554444,0x5544144,0x5444111,0x5444111,0x54411111,0x54411114,
        0x41111445,0x11111445,0x11144450,0x11144450,0x44144550,0x44445500,0x44555000,0x55000000,
        0x54441114,0x54441111,0x5411111,0x5444411,0x5544411,0x554444,0x55544,0x55,
    },
    { /* VENOM */
        0x77000000,0x66777000,0x66667700,0x66116770,0x66116670,0x66666670,0x11166667,0x11116667,
        0x77,0x77766,0x776666,0x7766666,0x7661166,0x7616616,0x76616616,0x76611111,
        0x66661667,0x66661667,0x66661670,0x16611670,0x11116770,0x66667700,0x66777000,0x77000000,
        0x76661161,0x76666611,0x7666661,0x7661111,0x7761116,0x776166,0x77766,0x77,
    },
    { /* STONE */
        0x99000000,0x88999000,0x88889900,0x88888990,0x81888890,0x81188890,0x81118889,0x81118889,
        0x99,0x99988,0x998888,0x9988888,0x9888111,0x9881111,0x98881111,0x98811111,
        0x88118889,0x11811889,0x11188890,0x11111890,0x11118990,0x88889900,0x88999000,0x99000000,
        0x98811888,0x98881111,0x9811111,0x9881111,0x9988111,0x998888,0x99988,0x99,
    },
    { /* GALE */
        0xBB000000,0xAABBB000,0x1AAABB00,0xAAAAABB0,0x111111B0,0x11111AB0,0xAAAAAAAB,0x11111AAB,
        0xBB,0xBBB11,0xBB1AA1,0xBB11AAA,0xBAA1111,0xBAAAA11,0xBAAAAAAA,0xBAAA1111,
        0x11111AAB,0x11AAAAAB,0xAAAAAAB0,0x111111B0,0x11111BB0,0xAAAABB00,0xAABBB000,0xBB000000,
        0xBAA11111,0xBAAAA11A,0xBAAA1AA,0xBAAA111,0xBBAAAA1,0xBBAAAA,0xBBBAA,0xBB,
    },
    { /* DREAM */
        0xDD000000,0xCCDDD000,0xCCCCDD00,0xCCCCCDD0,0xCC11CCD0,0xCCC11CD0,0xCCC111CD,0xCCC111CD,
        0xDD,0xDDDCC,0xDD1CCC,0xDD11CCC,0xD1111CC,0xDCC1CCC,0xDCCCCCCC,0xDCCCCCCC,
        0xCCC111CD,0xCC1111CD,0xC11111D0,0x11111CD0,0x1111CDD0,0x111CDD00,0xCCDDD000,0xDD000000,
        0xDCCCCCCC,0xDCCCCCCC,0xDCCCCCC,0xDCCC111,0xDDCCC11,0xDDCCC1,0xDDDCC,0xDD,
    },
    { /* SWARM */
        0xFF000000,0xEEFFF000,0xEEEEFF00,0xE111EFF0,0x11111EF0,0x11111EF0,0x11111EEF,0xE1111EEF,
        0xFF,0xFFFEE,0xFFEEEE,0xFFE111E,0xFE11111,0xFE11111,0xFEE11111,0xFEE1111E,
        0x11EEEEEF,0x11EEEEEF,0x111EEEF0,0x11EEEEF0,0x11EEEFF0,0xEEEEFF00,0xEEFFF000,0xFF000000,
        0xFEEEEE11,0xFEEEEE11,0xFEEE111,0xFEEEE11,0xFFEEE11,0xFFEEEE,0xFFFEE,0xFF,
    },
    { /* DUSK */
        0x55000000,0x44555000,0x44445500,0x44444550,0x44444450,0x44444450,0x44444445,0x41111445,
        0x55,0x55544,0x554444,0x5544444,0x5444444,0x5444444,0x54444444,0x54411114,
        0x41111445,0x41111445,0x44444450,0x44444450,0x44444550,0x44445500,0x44555000,0x55000000,
        0x54411114,0x54411114,0x5444444,0x5444444,0x5544444,0x554444,0x55544,0x55,
    },
    { /* WYRM */
        0x77000000,0x66777000,0x66667700,0x16666770,0x11116670,0x61111670,0x61161167,0x61166167,
        0x77,0x77766,0x776666,0x7766661,0x7661111,0x7611116,0x76116116,0x76166116,
        0x61166167,0x61161167,0x61111670,0x11116670,0x16666770,0x66667700,0x66777000,0x77000000,
        0x76166116,0x76116116,0x7611116,0x7661111,0x7766661,0x776666,0x77766,0x77,
    },
    { /* HOLLOW */
        0x99000000,0x88999000,0x88889900,0x11188990,0x11118890,0x11111890,0x18811889,0x18811889,
        0x99,0x99988,0x998888,0x9988111,0x9881111,0x9811111,0x98811881,0x98811881,
        0x18811889,0x11118889,0x11188890,0x11188890,0x88888990,0x88889900,0x88999000,0x99000000,
        0x98811881,0x98881111,0x9888111,0x9888111,0x9988888,0x998888,0x99988,0x99,
    },
    { /* RELIC */
        0xBB000000,0xAABBB000,0xA111BB00,0xA1111BB0,0x11AA11B0,0x11AA11B0,0x111111AB,0x11111AAB,
        0xBB,0xBBBAA,0xBBAAAA,0xBBAAAAA,0xBAAAAAA,0xBAAAAAA,0xBAAAAAAA,0xBAAAAAAA,
        0x1AAAAAAB,0xAAAAAAAB,0xAAAAAAB0,0xAAAAAAB0,0xAAAAABB0,0xAAAABB00,0xAABBB000,0xBB000000,
        0xBAAAAAA1,0xBAAAAA11,0xBAAA11A,0xBAA1111,0xBB11AA1,0xBB11AA,0xBBBAA,0xBB,
    },
    { /* METAL */
        0xDD000000,0xCCDDD000,0x1CCCDD00,0x1CC1CDD0,0x11111CD0,0x1111CCD0,0xC111CCCD,0xCC1111CD,
        0xDD,0xDDDCC,0xDDCCC1,0xDDC1CC1,0xDC11111,0xDCC1111,0xDCCC111C,0xDC1111CC,
        0xCC1111CD,0xC111CCCD,0x1111CCD0,0x11111CD0,0x1CC1CDD0,0x1CCCDD00,0xCCDDD000,0xDD000000,
        0xDC1111CC,0xDCCC111C,0xDCC1111,0xDC11111,0xDDC1CC1,0xDDCCC1,0xDDDCC,0xDD,
    },
    { /* ASTRAL */
        0xFF000000,0xEEFFF000,0xEEEEFF00,0xEEEEEFF0,0xEEEEEEF0,0xEEEEEEF0,0xFEEEEEEF,0xFEEEEEEF,
        0xFF,0xFFFEE,0xFFEEEE,0xFFFFEEE,0xFEFEEEE,0xFEEEEEE,0xFEEEEEEE,0xFEEEEEEE,
        0xFFFEEEEF,0xFEEEEEEF,0xFEEEEEF0,0xEEEEEEF0,0xEEEEEFF0,0xEEEEFF00,0xEEFFF000,0xFF000000,
        0xFEEEEEFF,0xFEEEEEEE,0xFEEEEEE,0xFEEEEEE,0xFFEEEEE,0xFFEEEE,0xFFFEE,0xFF,
    },
};
static const u16 fz_glyph_pal[3][16] GFX_FUSION_UNUSED = {
    {0x0,0x7FFF,0x1463,0x675A,0x3675,0x192B,0x15FE,0x8D2,0x7A2C,0x4CE5,0x272E,0xDA5,0x173F,0x5B2,0x7371,0x49E6},
    {0x0,0x7FFF,0x1463,0x675A,0x1518,0x86D,0x5114,0x306A,0x3299,0x114E,0x7A93,0x5149,0x4D9F,0x2892,0x12F4,0x58A},
    {0x0,0x7FFF,0x1463,0x675A,0x452C,0x2065,0x790E,0x4446,0x4AD7,0x2909,0x227B,0xCED,0x62B2,0x3107,0x7EBA,0x58EB},
};
/* Per type: glow, light, fill, dark. */
static const u16 fz_type_ramp[18][4] GFX_FUSION_UNUSED = {
    {0x6B9C,0x5319,0x3675,0x192B}, /* BEAST */
    {0x637F,0x3EBE,0x15FE,0x8D2}, /* BLAZE */
    {0x7F7A,0x7AD3,0x7A2C,0x4CE5}, /* TIDE */
    {0x67BA,0x4774,0x272E,0xDA5}, /* BLOOM */
    {0x63BF,0x3F7F,0x173F,0x5B2}, /* SPARK */
    {0x7BDB,0x77B6,0x7371,0x49E6}, /* FROST */
    {0x633D,0x3E3B,0x1518,0x86D}, /* BRAWL */
    {0x733C,0x6238,0x5114,0x306A}, /* VENOM */
    {0x6B9D,0x4F1B,0x3299,0x114E}, /* STONE */
    {0x7F9C,0x7B18,0x7A93,0x5149}, /* GALE */
    {0x735F,0x627F,0x4D9F,0x2892}, /* DREAM */
    {0x5FBC,0x3B58,0x12F4,0x58A}, /* SWARM */
    {0x6F3A,0x5A33,0x452C,0x2065}, /* DUSK */
    {0x7F3A,0x7A34,0x790E,0x4446}, /* WYRM */
    {0x6F9D,0x5F3A,0x4AD7,0x2909}, /* HOLLOW */
    {0x679E,0x471D,0x227B,0xCED}, /* RELIC */
    {0x779B,0x6F37,0x62B2,0x3107}, /* METAL */
    {0x7F9E,0x7F3C,0x7EBA,0x58EB}, /* ASTRAL */
};

/* Particles, 8x8: [0] uses indices 1..4 (ramp A: glow, light, fill, dark),
 * [1] the same shapes on 5..8 (ramp B). */
enum { FZP_DOT, FZP_SOFT, FZP_ORB, FZP_STAR, FZP_COUNT };
static const u32 fz_particle_gfx[2][FZP_COUNT][8] GFX_FUSION_UNUSED = {
    {
        { 0x0,0x0,0x33000,0x311300,0x311300,0x33000,0x0,0x0 },
        { 0x0,0x33000,0x322300,0x3211230,0x3211230,0x322300,0x33000,0x0 },
        { 0x4000,0x4333300,0x3222230,0x3211234,0x43211230,0x3222230,0x333340,0x40000 },
        { 0x33000,0x33000,0x322300,0x33211233,0x33211233,0x322300,0x33000,0x33000 },
    },
    {
        { 0x0,0x0,0x77000,0x755700,0x755700,0x77000,0x0,0x0 },
        { 0x0,0x77000,0x766700,0x7655670,0x7655670,0x766700,0x77000,0x0 },
        { 0x8000,0x8777700,0x7666670,0x7655678,0x87655670,0x7666670,0x777780,0x80000 },
        { 0x77000,0x77000,0x766700,0x77655677,0x77655677,0x766700,0x77000,0x77000 },
    },
};
/* Cursor corner (top-left; flip for the rest): 1 white, 2 ink. */
static const u32 fz_corner_gfx[8] GFX_FUSION_UNUSED = {
    0x21111111,0x21111111,0x22222211,0x211,0x211,0x211,0x211,0x222,
};

/* sin(2 pi i / 256) * 256 */
static const s16 fz_sin[256] GFX_FUSION_UNUSED = {
    0,6,13,19,25,31,38,44,50,56,62,68,74,80,86,92,
    98,104,109,115,121,126,132,137,142,147,152,157,162,167,172,177,
    181,185,190,194,198,202,206,209,213,216,220,223,226,229,231,234,
    237,239,241,243,245,247,248,250,251,252,253,254,255,255,256,256,
    256,256,256,255,255,254,253,252,251,250,248,247,245,243,241,239,
    237,234,231,229,226,223,220,216,213,209,206,202,198,194,190,185,
    181,177,172,167,162,157,152,147,142,137,132,126,121,115,109,104,
    98,92,86,80,74,68,62,56,50,44,38,31,25,19,13,6,
    0,-6,-13,-19,-25,-31,-38,-44,-50,-56,-62,-68,-74,-80,-86,-92,
    -98,-104,-109,-115,-121,-126,-132,-137,-142,-147,-152,-157,-162,-167,-172,-177,
    -181,-185,-190,-194,-198,-202,-206,-209,-213,-216,-220,-223,-226,-229,-231,-234,
    -237,-239,-241,-243,-245,-247,-248,-250,-251,-252,-253,-254,-255,-255,-256,-256,
    -256,-256,-256,-255,-255,-254,-253,-252,-251,-250,-248,-247,-245,-243,-241,-239,
    -237,-234,-231,-229,-226,-223,-220,-216,-213,-209,-206,-202,-198,-194,-190,-185,
    -181,-177,-172,-167,-162,-157,-152,-147,-142,-137,-132,-126,-121,-115,-109,-104,
    -98,-92,-86,-80,-74,-68,-62,-56,-50,-44,-38,-31,-25,-19,-13,-6,
};

/* Machine scenes for the UI canvas (240x160 = 30x20 cells). Map entries:
 * tile index | BG palette bank << 12 (banks 3..7, fz_scene_pal[scene][bank - 3]). */
enum { FZ_SCENE_WORKS, FZ_SCENE_EXTRACT, FZ_SCENE_LOOM, FZ_SCENE_TUNER, FZ_SCENE_COUNT };
static const u32 fz_scene_works_tiles[377 * 8] GFX_FUSION_UNUSED = {
    0x33333333,0x33333333,0x33333333,0x33333333,0x33333333,0x33333333,0x33333333,0x33333333,
    0x22222222,0x22222222,0x22222222,0x22222222,0x22222222,0x22222222,0x55555556,0x33333333,
    0x22222222,0x22222222,0x22222222,0x22222222,0x22222222,0x22222222,0x55555555,0x33333333,
    0x22222222,0xCBCBCBCB,0xBCBCBCBC,0x22222222,0x9A9A9A9A,0xAAAAAAAA,0x9A9A9A9A,0x98989898,
    0x22222222,0xCB2222CB,0xB255552C,0x22656522,0x9267672A,0xA266662A,0x9256562A,0x92545428,
    0x22222222,0xCBFBCBCB,0xBCFBBCBC,0x22222222,0x9A9A9A9A,0xAAAAAAAA,0x9A9A9A9A,0x98989898,
    0x22222222,0xCBCBCBCB,0xBFBCBCBC,0x22222222,0x9A9A9A9A,0xAAAAAAAA,0x9A9A9A9A,0x98989898,
    0x22222222,0xCBCBCBCB,0xBFBCBFBC,0x22222222,0x9A9A9A9A,0xAAAAAAAA,0x9A9A9A9A,0x98989898,
    0x22222222,0xCBCBCBCB,0xBFBFBFBF,0x22222222,0x9A9A9A9A,0xAAAAAAAA,0x9A9A9A9A,0x28989898,
    0x22222222,0xCBCBCBCB,0xBFBFBFBF,0x22222222,0x9A9A9A9A,0xAAAAAAAA,0x9222222A,0x24545552,
    0x22222222,0xCBCBCBCB,0xBFBFBFBF,0x22222222,0x9A9A9A9A,0xAAAAAAAA,0x9A9A9A9A,0x98989892,
    0x22222222,0xCBFBCBCB,0xBFFBBFBF,0x22222222,0x9A9A9A9A,0xAAAAAAAA,0x9A9A9A9A,0x98989898,
    0x22222222,0xCBCBCBCB,0xBCBCBCBC,0x22222222,0x9A9A9A9A,0xAAAAAAAA,0x9A9A9A9A,0x22989898,
    0x22222222,0xCBCBCBCB,0xBCBCBCBC,0x22222222,0x9A9A9A9A,0xAAAAAAAA,0x9A9A9A9A,0x22222222,
    0x22222222,0xCBFBCBCB,0xBCFBBCBC,0x22222222,0x9A9A9A9A,0xAAAAAAAA,0x9A9A9A9A,0x22222222,
    0x22222222,0xCBCBCBCB,0xBCBCBCBC,0x22222222,0x9A9A9A9A,0xAAAAAAAA,0x9A9A9A9A,0x98222222,
    0x88888888,0x22222222,0xCCBCCCBC,0xCBCBCBCB,0xCCCCCCCC,0xCBCBCBCB,0xCCBCCCBC,0xCBCBCBCB,
    0x82444428,0x22333322,0xC233332C,0xCB2222CB,0xCCCCCCCC,0xCBCBCBCB,0xCCBCCCBC,0xCBCBCBCB,
    0x88888888,0x22222222,0xCCFBCCBC,0xCBFBCBCB,0xCCFBCCCC,0xCBFBCBCB,0xCCFBCCBC,0xCBFBCBCB,
    0x88888888,0x22222222,0x899A92BC,0x89A992CB,0x89AA92CC,0x89AA92CB,0x899A92BC,0x89A992CB,
    0x88888888,0x22222222,0xCCBCCC28,0xCBCBCB28,0xCCCCCC28,0xCBCBCB28,0xCCBCCC28,0xCBCBCB28,
    0x88888888,0x22222222,0xDDCDDDCD,0xDCDCDCDC,0xDDDEDDDD,0xDCDCDCDC,0xAECDDDCD,0xAADCDCDC,
    0x82999928,0x22888822,0xD2888822,0xDC2222D2,0xDEEDDED2,0xDCFCDCD2,0xDEEDDEAA,0xECECD9AA,
    0x88888888,0x22222222,0xDECEDECE,0xECDCECDC,0xDEDEDEDE,0xECECECEC,0xEECEDECE,0xECECECEC,
    0x88888888,0x22222222,0xDECEDECE,0xECECECEC,0xEEEEDEEE,0xECECECEC,0xEEDEEECE,0xECECECEC,
    0x42888888,0x52222222,0x552FFFBF,0x542BFBFB,0x452FFFFF,0x542CFBFB,0x442222CF,0x43267622,
    0xAAABAAAA,0xAAB22AAA,0xA233332A,0xA333333A,0x23333332,0x23333332,0xA333333A,0x92333329,
    0x8888882A,0x22222229,0xEECEE29A,0xECECE299,0xEEEEE29A,0xECEDE299,0xEE22229A,0x22BAB299,
    0x88888888,0x22222222,0xDEEDDECE,0xECFCECEC,0xDEFDDEEE,0xECFCECEC,0xEEEDEEDE,0xECFCECEC,
    0x82999928,0x22888822,0xD288882E,0xEC2222EC,0xDEDEDEDE,0xECECECEC,0xDECEDECE,0xECECECEC,
    0x99277777,0x99222222,0x992CC8B8,0x992BCBCB,0x9928C8C8,0x992BCB8B,0x9928C8B8,0x992B8BCB,
    0x99999999,0x99999999,0x44444444,0x34333334,0x34333334,0x34333334,0x34333334,0x34333334,
    0x99999999,0x99999999,0x44444444,0x33343333,0x33343333,0x33343333,0x33343333,0x33343333,
    0x99999999,0x99999999,0x44444444,0x33333433,0x33333433,0x55333433,0x33553433,0x33335433,
    0x99999999,0x99999999,0x44444444,0x34333334,0x34333334,0x34333355,0x34335534,0x34353334,
    0x72999999,0x22999999,0xC2994444,0xC2993333,0xC2993333,0xC2993333,0xC2993333,0xC2993333,
    0x82444428,0x22333322,0xC232332C,0xCB2222CB,0xCCC2CCCC,0xCBC2CBCB,0xCC555CBC,0xC45555CB,
    0x55555555,0x54545454,0x55555555,0x54545454,0x55555555,0x54555455,0x55555555,0x54545454,
    0x55745555,0x54745454,0x55745555,0x54745454,0x55745578,0x54745447,0x55745555,0x54745454,
    0x89AA92CC,0x89AA92CB,0x899A92CC,0x89A992CB,0x89AA92FC,0x89AA92FC,0x899A92CC,0x89A992CB,
    0xCCCCCC28,0xCBCBCB28,0xCCCCCC28,0xCBCBCB28,0xCCCCCC28,0xCBCCCB28,0xCCCCCC28,0xCBCBCB28,
    0xDDDDDDDD,0xDCDCDCDC,0xDDDDDDDD,0xDCDCDCDC,0xDDDEDDDD,0xDCDDDCDD,0xDEDDDDDD,0xDCDCDCDC,
    0x565FCCCF,0x5565CBCB,0x5656CFCC,0x77CBCBCB,0x77CFCFCF,0xCBFCCBCC,0xCFCFCFCC,0xFBCBCBCB,
    0xCFFC5555,0xFBF45455,0xCFF55555,0xFBFBF777,0xCFFCC777,0xFBFBFBCF,0xFFFCCFCF,0xFBFBFBFB,
    0xFFFFCFFF,0xFBFBFBFB,0xFFFFFFCF,0xFBFBFBFB,0x2FFFFFFF,0x72FFFBFC,0x772FFFFF,0x7672FBFB,
    0x222FFFFF,0x7672FBFB,0x776722FF,0x7776762B,0x77777772,0x43777676,0x44477777,0x43434776,
    0x42776767,0x32777676,0x27577777,0x43354777,0x34444444,0x43434343,0x24343434,0x22223333,
    0x45422544,0x43444343,0x24343432,0x42222223,0x44444444,0x43434343,0x22222222,0x33333333,
    0x66676724,0x66666623,0x67657762,0x66635444,0x55454544,0x54544444,0x45444442,0x44432222,
    0xFFFCF222,0xFBFC2566,0xFF225666,0xF2556566,0x26566667,0x55666654,0x56666545,0x65655454,
    0xDEEEDEEE,0xECECECEC,0xEEDEEEEE,0xECECECEC,0xEEEEEFF2,0xECEEEC2A,0xEEEEE2AB,0xECEC2AAA,
    0xEE2C5C5C,0xEE24C4C4,0xEE2C5C5C,0xEE24C4C4,0xEE2C5CCC,0xEE25C4C5,0xEE2CCC5C,0xEE24C4C4,
    0x44444444,0x34333334,0x34333335,0x34333354,0x34333534,0x34335334,0x44554444,0x55333334,
    0x44444444,0x33343333,0x33343333,0x53343333,0x35343333,0x33553333,0x44445444,0x33343555,
    0x44444544,0x33333453,0x33333435,0x33333433,0x33333433,0x33333433,0x44444444,0x33333433,
    0x44544444,0x35333334,0x54333334,0x34333334,0x34333334,0x34333334,0x44444444,0x34333334,
    0xC2994444,0xC2993333,0xC2993333,0xC2993335,0xC2993553,0xC2995333,0xC2994444,0xC2993333,
    0x5555565C,0x54555565,0x55555656,0xC77777CB,0xC77777CC,0xCBCCCBCC,0xCCCCCCCC,0xCBCBCBCB,
    0xCCCCCCCC,0xCBCBCBC4,0xCCCCCCC5,0xCBCBCBCB,0xCCCCCCCC,0xCBCCCBCC,0xCCCCCCCC,0xCBCBCBCB,
    0x55555555,0x54545454,0x55555555,0x54545454,0x55555785,0x54555475,0x55555555,0x54545454,
    0x55555555,0x54555455,0x55555555,0x55545554,0x55555555,0x55555555,0x55555555,0x55545554,
    0xCCFBCCCC,0xCBFBCBCC,0xCCFBCCCC,0xCCFBCCCB,0x2CFBCCCC,0x62FBCCCC,0x6622CCCC,0x66652CCB,
    0x89AA92CC,0x89AA92CC,0x899A92CC,0x222222CB,0x56676722,0x65666676,0x56666767,0x65666676,
    0xCCCCCC28,0xCBCCCB28,0xCCCCCC28,0xCCCBCC22,0xCCC22256,0xCC245455,0x22455556,0x44445555,
    0x55555555,0x54555455,0x55555555,0x55545554,0x55555555,0x55555555,0x55555555,0x55545552,
    0xDEDEDDDD,0xDCDDDCDD,0xDEDDDDDD,0xDDDCDDDC,0xDEDEDDDE,0xDDDDDDDD,0xDEDDDEDD,0xDDDCDDDC,
    0xDEDEDEDE,0xECEDDCDD,0xDEDEDEDE,0xEDDCEDDC,0xDEDEDEDE,0xEDEDEDED,0xEEDEDEDE,0xEDECEDDC,
    0xEEFDDEEE,0xECFCECED,0xEEFDEEDE,0xEDFCEDEC,0xEEFDEEEE,0xEDFDEDED,0x2EFDEEDE,0xB2FCEDEC,
    0x77772FFF,0x767672FF,0x777762FF,0x4776762B,0x44777762,0x43477672,0x34477767,0x43437676,
    0x89899977,0x88989897,0x228989A7,0x8228888A,0x38828989,0x33382898,0x34338289,0x43333828,
    0x38882229,0x33338822,0x34333388,0x43333333,0x34343434,0x43434343,0x44444434,0x44434343,
    0x33343333,0x33333333,0x34343434,0x43434343,0x34444444,0x43444343,0x44444444,0x33333333,
    0x92228883,0x22883333,0x88333434,0x33333333,0x34343444,0x33434343,0x34344444,0x43434444,
    0xABAAAA9A,0xBAAAA9A9,0x7AAA9A22,0xAAA9A228,0xAAAA2884,0xA9A28333,0xAA283434,0xA2833333,
    0xEEE2ABAB,0xED2AAABA,0xEE2AABAA,0xE2AAAAB8,0x2AABABAB,0x29AAAABA,0xAAAAABAA,0xAAAABAAA,
    0x99288888,0x992C8B88,0x99288888,0x992B8C8B,0x88288888,0x22888C88,0x88888882,0x8C8B882F,
    0x2D22222D,0x2D22222D,0x2D22222D,0xFFFFFFFF,0xEEEEEEEE,0x22222222,0xABAA992E,0xBAA9992C,
    0x222D2222,0x222D2222,0x222D2222,0xFFFFFFFF,0xEEEEEEEE,0x22222222,0x89999AAB,0x8899A9AA,
    0x22222D22,0x22222D22,0x22222D22,0xFFFFFFFF,0xEEEEEEEE,0x22222222,0xABAA9928,0xBAA99928,
    0x2D22222D,0x2D22222D,0x2D22222D,0xFFFFFFFF,0xEEEEEEEE,0x22222222,0x89999AAB,0x8899A9AA,
    0xC2993333,0xC2993333,0xC2993333,0xC2999999,0xC2888888,0xCC222222,0xCCCCC277,0xCCCBC277,
    0x55745555,0x54745455,0x55745555,0x55745554,0x55745555,0x55745555,0x55745555,0x55745554,
    0x55555555,0x55555555,0x55555555,0x55555555,0x55555555,0x55555555,0x55555555,0x55555555,
    0x55555555,0x55555555,0x55555555,0x55555555,0x55555555,0x55555555,0x55555555,0x25555555,
    0xCCCC2EEE,0xCCCBB2EE,0xCCCCB23F,0xCCCBB2D3,0x22222EEE,0x6644422E,0xD3664442,0x3DDD6444,
    0x56676767,0x65666676,0x56666767,0x65666676,0x22222222,0xBBDBBBDB,0xBDBDBDBD,0xDBBBDBBB,
    0xABABBBBC,0xAABABABB,0xABABBBBC,0xAAAABBBB,0x22222222,0x443DDD3D,0xD3D3D3D3,0x3DDD3DDD,
    0xEEEEEEE2,0xEEEEEE2A,0xEEEEEE2A,0xEEEEEE2A,0xEEEEEEE2,0xEEEEE224,0xEEEE2444,0xEEE2444D,
    0xDEDEDDDE,0xDDDDDDDD,0xDEDEDEDD,0xEDDDDDDD,0xDEDEDEDE,0xDDEDDDDD,0xDEDEDEDD,0xEDDDDDDD,
    0xDEEEDEDE,0xEDEDEDED,0xEEDEDEDE,0xEDEDEDDD,0xEEEEDEDE,0xEDEDEDED,0xEEDEDEDE,0xEDEDEDED,
    0x62FCFFFF,0x72FCFCFC,0x672CFFFF,0x762BFFCF,0x6762FFFF,0x7662FCFF,0x6762FFFF,0x7662FFFC,
    0x34444777,0x33434776,0x24344477,0x22334476,0x32344477,0x32434446,0xF3244457,0xF3234435,
    0x34343822,0x73433382,0x77343438,0x77434338,0x77443433,0x77434333,0x77443433,0x73434333,
    0x43377777,0x44777777,0x47777777,0x57777777,0x77777777,0x77777777,0x57777777,0x57777777,
    0x45454545,0x44545454,0x45455545,0x54545454,0x55555555,0x55555555,0x56444455,0x44556543,
    0x34444335,0x43443444,0x44334545,0x43445454,0x35454555,0x34545455,0x45455555,0x44545555,
    0x22843434,0x28333343,0x83343434,0x83334343,0x34343444,0x33434344,0x34344443,0x33434434,
    0x55565655,0x55556555,0x55665652,0x55656522,0x55665623,0x56656523,0x7666523F,0x5665623F,
    0xEEEEEE2A,0xEDEEEE29,0xEEEEE29A,0xEEEDE299,0xEEEE2A9A,0xEDEE29A9,0xEEEE2A9A,0xEEEE2998,
    0xABAA992E,0x8888882D,0x222222DE,0xD7DC2DED,0xD7DD2EEE,0xD7DC2DEE,0xD1DD2EEE,0xD7DC2DED,
    0x899A9AAB,0x88888888,0x22222222,0xCCCCDCDD,0xCDCDCDDF,0xCCCCDCDD,0xCDCDCDDD,0xCCCCDCDD,
    0x56554423,0x33333323,0x22222222,0xD1DB2CC2,0xD1DD2CC2,0xD1DB2CC2,0xD1DD2CC2,0xD1DB2CC2,
    0xCCCCC233,0xCCCCC233,0xCCCCCF22,0xCCCCCBF2,0xCCCCCCC2,0xCCCCCCC2,0xCCCCCCC2,0xCCCCCCC2,
    0x55745555,0x55745555,0x55745578,0x55745547,0x55745555,0x55745555,0x55745555,0x55745555,
    0x55555555,0x55555555,0x55555785,0x55555475,0x55555555,0x55555555,0x55555555,0x55555555,
    0x55565556,0x55555555,0x55555555,0x55555555,0x55565556,0x55555555,0x56555655,0x55555555,
    0x42E3EEE3,0x442EEEEE,0x442EEEEE,0x6442EEEE,0xD6442EE3,0xD6442EEE,0x636442EE,0x6D6442EE,
    0xD363D664,0x36661D66,0xD3D611D6,0x3DDD111D,0xD3D3D113,0x3D3D3D11,0xD3D3D316,0x3D3D3DD6,
    0xD3D3D3D3,0x3D3D3D3D,0xD3D3D3D3,0x3D3D3D3D,0xD333D333,0x3D3D3D3D,0x33D333D3,0x3D3D3D3D,
    0xD3D3D3D3,0x3D3D3D3D,0xD3D3D3D3,0x3D3D3D3D,0xD3D3D333,0x3D3D3D3D,0xD3D3D3D3,0x3D3D3D3D,
    0xEE2443D3,0xE244DD3D,0xE244D3D3,0x244D3DDD,0x44D3D3D3,0x443DDD3D,0x43D3D3D3,0x4DDD3D3D,
    0xE3E3E3E3,0x3E3EEEEE,0xE3E3E3EE,0x3EEEEEEE,0xE3E3E3E2,0x3E3EEEE2,0xE3E3E324,0x3EEEEE24,
    0xEEEEDEDE,0xEDEDEDED,0xEEDEEEDE,0xEDEDEDED,0xEEEEDEDE,0xEDEDEDED,0xEEDEEEDE,0xEDEDEDED,
    0x67662FFF,0x76662FFF,0x67662FFF,0x76662FFC,0x67662FFF,0x76662FFF,0x67662FFF,0x76652FFC,
    0xF3244447,0xFF224444,0xFF324445,0xFF324444,0xFF324445,0xFF324444,0xFF324445,0xFF324444,
    0x43444434,0x44444343,0x45344434,0x54334343,0x45344434,0x54344343,0x45344434,0x54334343,
    0x46777777,0x64557754,0x66455545,0x65455554,0x66545555,0x65645554,0x66545555,0x65535554,
    0x56666666,0x65666565,0x66666666,0x66666665,0x67676766,0x66767676,0x67677766,0x66667666,
    0x45555554,0x54555545,0x45555456,0x54555465,0x45564666,0x54554566,0x55554656,0x54554565,
    0x34444435,0x33434444,0x34344345,0x43434344,0x34444345,0x33444354,0x34344345,0x43434344,
    0xABBBA284,0xBBBA2233,0xB7BB2833,0xBBBA2833,0xB7BB2834,0x7BBB2833,0xB7BB2834,0x7BBB2833,
    0xEEE29A9A,0xEEE299A9,0xEEE29A9A,0xEEE29999,0xEEE2999A,0xEEE29999,0xEEE2999A,0xEEE29999,
    0x36332333,0x363D2E33,0x36332333,0x363D2E3E,0x36332333,0x363D2E33,0x36332333,0x313D2E3E,
    0xD3D3D334,0xDDDD3D33,0xD3D3D333,0xDDDD3D33,0xD3D3D334,0xDDDD3D33,0xD3D3D333,0xDDDD3D33,
    0x36332EE2,0x363D2EE2,0x36332EE2,0x363D2EE2,0x36332EE2,0xC6CC2EE2,0xC6BB23E2,0xC1BB2EE2,
    0xD3D3D334,0xDDDD3D33,0xD3D3D333,0xDDDD3D33,0xD3D3D334,0xCCCCCCCC,0xABABBCBC,0xBABABBCB,
    0x55565552,0x55555552,0x55555552,0x55555552,0x55565552,0x55555552,0x56555652,0x55555552,
    0x55745556,0x55745555,0x55745555,0x55745555,0x55745556,0x55745555,0x56745655,0x55745555,
    0x56565656,0x55555555,0x56555655,0x55555555,0x56565656,0x55555555,0x56565656,0x55555555,
    0x63D642E3,0x3D3642EE,0xD3D6442E,0x3DDD442E,0xD3D34423,0x3D3D442E,0xD3D34423,0x3DDD442E,
    0xD333D3D6,0x3D3D3D3D,0x33D3D3D3,0x3D3D3D3D,0xD333D3D3,0x3D3D3D3D,0x33D3D3D3,0x3D3D3D3D,
    0x3333D333,0x3D3D3D3D,0x33D333D3,0x3D3D3D3D,0x33333333,0x3D3D3D3D,0x333333D3,0x3D3D3D3D,
    0xD333D333,0x3D3D3D3D,0xD3D333D3,0x3D3D3D3D,0xD3333333,0x3D3D3D3D,0xD3D333D3,0x3D3D3D3D,
    0xD3D3D3D3,0xDD3D3D3D,0xD3D3D3D3,0x3DDD3D3D,0xD3D3D3D3,0xDD3D3D3D,0xD3D3D3D3,0x3DDD3D3D,
    0xE3E3E324,0x3E3EEE24,0xE3E3E244,0x3EEEE244,0xE3E3E244,0xEE3EE244,0xE3E3E244,0x3EEEE244,
    0xEEEEDEDE,0xEDEDEDED,0xEEDEEEDE,0xEDEDEDED,0xEEEEDEDE,0xEDEDEDED,0xEEDEDEDE,0xEDEDEDDD,
    0xBBBB2EFF,0xBBBA2EDF,0xBBBB2EEE,0xBBBA2EED,0xBBB2EEEE,0xBAB2EEEE,0xBBA2EEEE,0x2222EEED,
    0xFF324545,0xFF324454,0xFF224545,0xF3244456,0xF3254557,0xF3245457,0x32455535,0x32545522,
    0x45344434,0x44344343,0x45444434,0x43434333,0x43443434,0x34434343,0x44443433,0x43434333,
    0x66465555,0x65455454,0x54555545,0x45555454,0x55555545,0x55545454,0x55554543,0x54545443,
    0x66676766,0x66666666,0x66666666,0x65656565,0x44565644,0x55444355,0x55555655,0x55545554,
    0x45565466,0x54555465,0x45555646,0x54545554,0x45555556,0x44545455,0x35455555,0x34445454,
    0x34444345,0x33434344,0x34344445,0x33434434,0x34344435,0x33434343,0x34344444,0x33334343,
    0xB7B72834,0x7B7B2833,0x77BB2233,0x9BBBB283,0x97B7B284,0x7B7BB283,0xA7B7B728,0x227B7B28,
    0xEEE2999A,0xEEE29899,0xEEE29999,0xEEE29899,0xEEEE2999,0xEEEE289A,0xEEEE2988,0xEEEE2222,
    0x36332333,0x363D2E33,0x36332333,0x363D2E3E,0x36332333,0x363D2E33,0x36332333,0x96992E3E,
    0xD3D3D334,0xDDDD3D33,0xD3D3D333,0xDDDD3D33,0xD3D3D334,0xDDDD3D33,0xD3D3D333,0x99999999,
    0xC6BC23E2,0xC6CB2EE2,0xC6BB23E2,0xC6BB2EE2,0xC6BC23E2,0xC6CB2EE2,0xC6BB23E2,0xC6BB2EE2,
    0xABABBCBC,0xAABABBCB,0xABABBCBC,0xBABABBCB,0xABABBCBC,0xAABABBCB,0xABABBCBC,0xBABABBCB,
    0x56565782,0x55555472,0x56555652,0x55555552,0x56565652,0x55555552,0x56565652,0x55555552,
    0x56745678,0x55745547,0x56745655,0x55745555,0x56745656,0x55745555,0x56745656,0x55745555,
    0x56565786,0x55555475,0x56555655,0x55555555,0x56565656,0x55555555,0x56565656,0x55555555,
    0x56565656,0x55655565,0x56565656,0x55555555,0x56565656,0x55655565,0x56565656,0x65556555,
    0xD3D34423,0x3D3D442E,0xD3D342E3,0x3DDD42EE,0xD3D442E3,0xDD34423E,0xD34423E3,0x3D442EEE,
    0xD333D3D3,0x3D3D3D3D,0x33D3D3D3,0x3D3D3DDD,0xD333D3D3,0x3D3D3D3D,0xD3D3D3D3,0x3D3D3DDD,
    0x33333333,0x3D3D3D3D,0x33D333D3,0x3D3D3D3D,0xD333D333,0x3D3D3D3D,0xD3D3D3D3,0x3D3D3D3D,
    0xD333D333,0x3D3D3D3D,0xD3D333D3,0x3D3D3D3D,0xD333D333,0x3D3D3D3D,0xD3D3D3D3,0x3D3D3D3D,
    0xD3D3D3D3,0xD53D3D3D,0xD553D3D3,0xD55D3D3D,0x4353D3D3,0x4D553D3D,0x44D5D3D3,0x44D55DDD,
    0xE3E3E244,0xEE3EE244,0xE3E3E324,0xEEEEEE24,0xE3E3E324,0xEE3EEE24,0xE3E3E3E2,0x3EEE3EE2,
    0xEEEEDEDE,0xEDEDEDED,0xEEDEDEDE,0xEDEDEDDD,0xDEEEDEDE,0xEDEDEDED,0xEEDEDEDE,0xEDEDEDDD,
    0xAAAA22EE,0xAAAAA92D,0x22AAAA2E,0x3332A992,0x3333AA92,0x33332992,0x33332A92,0x3333A992,
    0x22AA22AA,0x29A2A9AA,0xAAA2AAAB,0xAA29AA23,0xAA2AAA33,0xAA29A233,0xAB299233,0xBA289933,
    0x44443438,0x43433338,0x44343382,0x43333822,0x3434382A,0x333382AA,0x34382AAA,0x3882AAAA,
    0x45454534,0x54543344,0x45434444,0x43344343,0x44444444,0x43434343,0x44343434,0x43434333,
    0x55555555,0x54545454,0x45454545,0x44444444,0x33333333,0x44444444,0x44444444,0x43434343,
    0x43454555,0x44334454,0x44443545,0x43434334,0x34444444,0x33434344,0x34343434,0x33334343,
    0x83343444,0x83333343,0x28333434,0x22833333,0xB2833434,0x7B283333,0x77B28333,0x7B7B2883,
    0x55226722,0x55542672,0x56552767,0xF2544276,0xFF554277,0xFF244276,0xFF254277,0xFF544277,
    0xEE22AAAA,0xE2A9AAAA,0xE29AAB22,0x29AA2333,0x2AAB3333,0x29A23333,0x2A923333,0x29993333,
    0x91892333,0x96982E3E,0x968823E3,0x96882E3E,0x96892333,0x96982E3E,0x968823E3,0x96882E3E,
    0x78788989,0x77878898,0x78788989,0x87878898,0x78788989,0x77878898,0x78788989,0x87878898,
    0xC1BC23E2,0xC6CB2E32,0xC6BB23E2,0xC6BB2EE2,0xC6BC23E2,0xC6CB2E32,0xC6BB23E2,0xC6BB2EE2,
    0x56565652,0x55655562,0x56565652,0x55555552,0x56565652,0x55655562,0x56565782,0x65556472,
    0x56745656,0x55745565,0x56745656,0x55745555,0x56745656,0x55745565,0x56745678,0x65746547,
    0x56565656,0x55655565,0x56565656,0x55555555,0x56565656,0x55655565,0x56565786,0x65556475,
    0x56565656,0x55655565,0x56565656,0x65556555,0x56565656,0x65656565,0x56565656,0x65656565,
    0xD442E3E3,0x442EEE3E,0x4423E3E3,0x42EE3EEE,0x23E3E3E3,0x3E3E3E3E,0xE3E3E3E3,0x22222222,
    0xD3D3D3D3,0x3D3D3D3D,0xD3D3D3D3,0x3DDD3DD4,0xD3D3D444,0xDD3D4442,0xD3444223,0x22222222,
    0xD333D3D3,0x3D3D3D3D,0xD3D3D3D3,0x3DDD3DDD,0xD3D3D3D3,0x3D3D3D3D,0xD3D3D3D3,0x22222222,
    0xD3D3D3D3,0x3D3D3D3D,0xD3D3D3D3,0x3DDD3DDD,0xD3D3D3D3,0xDD3DDD3D,0x44D3D3D3,0x22222222,
    0x244353D3,0xE244DD3D,0xE244D3D3,0x3E244DDD,0xE3E24443,0x3E3E2444,0xE3E3E224,0x22222222,
    0x5C5C565C,0x55655565,0x5C565656,0x65556555,0x5C5C5656,0x65656565,0x5C565656,0x65622222,
    0x5C5C5C5C,0xC5C555C5,0x5C5C5C5C,0xC5556555,0x5C5C5C5C,0xC5C56565,0x5C5C5C56,0xC5656565,
    0x33329992,0x22A9982D,0x9999892E,0x988822ED,0x2222DEEE,0xEDFCEDED,0xEEEDDEDE,0xEDFCEDDD,
    0xAB299A23,0xAAA29999,0xAAA28999,0xAAA92288,0xAAA22E22,0xA9292DED,0x92AA2EEE,0x2AB92DED,
    0x32265656,0x22656557,0x56566635,0x65656655,0x66666555,0x66655454,0x67555545,0x54545442,
    0x34343433,0x33333388,0x34338822,0x3888222A,0x2222BBBB,0x2ABBBBBB,0xBBBBB7BB,0xBBBBBBBB,
    0x34343434,0x33433343,0x34343433,0x33333333,0x88888888,0x22222222,0xB7B7B7BB,0x7B7B7BBB,
    0x33343434,0x88333333,0x22883333,0x72228883,0x77B72222,0x7B7B7B72,0x777777B7,0x777B7B7B,
    0x77776223,0x77767622,0x57777767,0x43777676,0x34477777,0x33434777,0x34344477,0x23334343,
    0xF2444247,0x44432345,0x44342433,0x43223333,0x22F22434,0xFCF23233,0xFFF23423,0xFCF23342,
    0x299A2333,0xE2999922,0xD2899999,0xED228888,0xDEEE2222,0xEDEDEDED,0xDEDEEEDE,0xEDEDEDED,
    0x96892333,0x91982E3E,0x968823E3,0x96882E3E,0x968923E3,0x96982E3E,0x968823E3,0x96882E3E,
    0xC6BC23E2,0xC1CB2E32,0xC6BB23E2,0xC6BB2EE2,0xC6BC23E2,0xC6CB2E32,0xC6BB23E2,0xC6BB2E32,
    0x56565652,0x55655562,0x56565652,0x65556552,0x56565652,0x65656562,0x56565652,0x65656562,
    0x56745656,0x55745565,0x56745656,0x65746555,0x56745656,0x65746565,0x56745656,0x65746565,
    0x26565656,0x25656565,0x26565656,0x25656565,0x26665666,0x25656565,0x26565656,0x25656565,
    0x66666666,0x55545454,0x55454544,0x54457443,0x55435444,0x54544444,0x55454544,0x54444443,
    0x66666666,0x65656555,0x56555555,0x65755554,0x53565555,0x65655554,0x56555555,0x65555554,
    0x66666666,0x55656566,0x55555656,0x74555555,0x55565656,0x54555565,0x55555656,0x54555555,
    0x66666666,0x44545455,0x44444545,0x44444455,0x44454543,0x44444454,0x44444545,0x44444454,
    0x66666666,0x33434344,0x34343434,0x33334573,0x33343354,0x33334343,0x34343434,0x33334343,
    0xCD266666,0xDC233343,0xCD233333,0xDC233333,0xCD233333,0xDC233333,0xCD233333,0xDC233333,
    0x5C5C5C5C,0x65656565,0x5C565C56,0x65656565,0x5C6C566C,0x65656565,0x5C565656,0x65656565,
    0xDEFDDEDE,0xEDFCEDED,0xDEEDDEDE,0xEDECEDDD,0xDEEDDEEF,0xEDFCDDCE,0xDEEDDEDD,0xEDECDDDD,
    0x8AABA2EE,0x99BAA2ED,0x8AABA2DE,0x99AAA2ED,0x899BBA2E,0x88AAB92D,0x899BBA2E,0x2889AAA2,
    0x9A9A9A28,0x99992228,0x9A92EE28,0x222DED28,0xEEEEEEE2,0xEDEDEDE2,0xEEEEEED2,0xEDEDEDED,
    0x67676555,0x74574454,0x45354544,0x44444444,0x44444422,0x432222FF,0x22FFFFFF,0xFCFCFCFC,
    0x77776767,0x76777676,0x44444544,0x43434444,0x34444444,0x43434343,0x22222222,0xFCFCFCFC,
    0x44477777,0x43457447,0x34335444,0x33334343,0x22343434,0xFC222243,0xFFFFFF22,0xFCFCFCFC,
    0xA2898999,0xA2228898,0xA2FD2989,0xA2FCE222,0x2EFDEEFF,0x2DFCEDDF,0x2EEDEEEE,0xEDFCEDED,
    0xEE288AAB,0xED2899BA,0xEE288AAB,0xED2899AA,0xD2899BBA,0xE2889AB9,0xD2899BAA,0x2889AAA2,
    0x5C5C5CCC,0x65C5C5C5,0x5C5C5C5C,0x6565C5C5,0x5C6C5C6C,0x65C565C5,0x5C5C5C5C,0x65656565,
    0x968923E3,0x96982E3E,0x918823E3,0x96882E3E,0x96892333,0x96982E3E,0x968823E3,0x96882E3E,
    0xC6BC23E2,0xC6CB2E32,0xC1BB23E2,0xC6BB2E32,0xC6BC2332,0xC6CB2E32,0xC6BB23E2,0xC6BB2E32,
    0x56565652,0x65656562,0x56565652,0x65656562,0x56665782,0x65656472,0x56565652,0x65656562,
    0x56565656,0x65656565,0x56565656,0x65656565,0x56665666,0x65656565,0x56565656,0x65656565,
    0x56745656,0x65746565,0x56745656,0x65746565,0x56745678,0x65746547,0x56745656,0x65746565,
    0x56565656,0x65656565,0x56565656,0x65656565,0x56665786,0x65656475,0x56565656,0x65656565,
    0x26665666,0x25656565,0x26566656,0x27777777,0x24444444,0x25656565,0x26566656,0x25656565,
    0x55454444,0x54544444,0x55454544,0x54444443,0x55454444,0x54544444,0x55454544,0x54444443,
    0x56565555,0x65655554,0x56555555,0x65555554,0x56565555,0x65655554,0x56555555,0x65555554,
    0x22222256,0x88888265,0x89998256,0x89998255,0x89998256,0x88888265,0x88888256,0x22222255,
    0x44454522,0x44444428,0x44444528,0x44444428,0x44454528,0x44444428,0x44444528,0x44444422,
    0x33343444,0x33334343,0x34343434,0x33334343,0x33343444,0x33334343,0x34343434,0x33334343,
    0xCD233333,0xDC233333,0xDD233333,0xFF233333,0xBB233333,0xDC233333,0xDD233333,0xDC233333,
    0x566C5666,0x65656565,0x66566656,0x77777777,0x44444444,0x65656565,0x66566656,0x65656565,
    0xCFFCCFDF,0xDCFBDCDC,0xDFFBDFCD,0x222222FF,0x6666662C,0x5454442C,0x4544442D,0x4574442C,
    0x23355652,0x23445552,0x23355652,0x22222222,0x66666666,0x55555454,0x55454545,0x74545444,
    0xEEEEDEEE,0xEDEDEDED,0xDEDEDEDE,0x22222222,0xBBBBBBBB,0xBABABABA,0xABAAAAAA,0xBAAAAAAA,
    0xFFFFFFFF,0xFCFCFCFC,0xFFCFFFCF,0x22222222,0x66666666,0x65656566,0x56565656,0x55556575,
    0xFFFFFFFF,0xFCFCFCFC,0xFFCFFFCF,0x22222222,0x66666666,0x55555565,0x55555555,0x54557555,
    0xFFFFFFFF,0xFCFCFCFC,0xFFCFFFCF,0x22222222,0x66666666,0x54545455,0x45454545,0x45744454,
    0xCFFCCFFF,0xFCFBFCFC,0xDFFCDFCF,0x22222222,0x66666666,0x44444444,0x34344444,0x73434344,
    0x23355652,0x23445552,0x23355652,0x22222222,0x66666666,0x33434343,0x33333434,0x33333335,
    0xCFDFCFDF,0xDCDCDCFC,0xDFCDDFCF,0xF2222222,0x26666666,0x23433343,0x23333333,0x23333573,
    0x96892333,0x96982E3E,0x968823E3,0x91882333,0x96892DDE,0x96982E3E,0x968823E3,0x96882E3E,
    0xC6BC2332,0xC6CB2E32,0xC6BB23E2,0xC1BB2332,0xC6BC2DD2,0xC6CB2E32,0xC6BB23E2,0xC6BB2E32,
    0x56665662,0x65656562,0x66566652,0x77777772,0x44444442,0x65656562,0x66566652,0x65656562,
    0x56665666,0x65656565,0x66566656,0x77777777,0x44444444,0x65656565,0x66566656,0x65656565,
    0x56745666,0x65746565,0x66746656,0x77777777,0x44444444,0x65746565,0x66746656,0x65746565,
    0x26666666,0x25656565,0x26666666,0x25656565,0x26666666,0x25656565,0x26666666,0x25656565,
    0x55454444,0x54544444,0x55454544,0x54444443,0x55454444,0x54544444,0x55457544,0x54435443,
    0x56565555,0x65655554,0x56555555,0x65555554,0x56565555,0x65655554,0x55755555,0x63555554,
    0x55565656,0x54555565,0x55555656,0x54555555,0x55565656,0x54555565,0x75555656,0x54555555,
    0x44454545,0x44444454,0x44444545,0x44444454,0x44454545,0x44444454,0x44444545,0x44444453,
    0x33343444,0x33334343,0x34343434,0x33334343,0x33343444,0x33334343,0x34343574,0x33334353,
    0xDD233333,0xDC233333,0xDD233333,0xDC233333,0xDD233333,0xDC233333,0xDD233333,0xDC233333,
    0x66666666,0x65656565,0x66666666,0x65656565,0x66666666,0x65656565,0x66666666,0x65656565,
    0x4354442D,0x4444432C,0x4544442F,0x4444442F,0x4544442D,0x4444432C,0x4574442D,0x4354442C,
    0xAAAA9A9A,0x222222A9,0x2555529A,0x25555299,0x2222229A,0xA9A9A9A9,0x7A9A9A9A,0xA9A9A999,
    0x56565553,0x25555555,0x26555555,0x25555554,0x26565555,0x55555555,0x56555555,0x65555553,
    0xABABA8AB,0xAAB22222,0xABA25555,0xAAA25555,0xABA22222,0xAABABABA,0xABABAA7B,0xAAAAB8AA,
    0x9AA8AAAB,0x2222AAAA,0x5552AAAA,0x5552AAAA,0x2222AAAB,0xA9AAAAAA,0xAAAA7AAA,0xA9A8AAAA,
    0x98AA9A9A,0x99999922,0x9A9A9A25,0x99999925,0x999A9A22,0x999999A9,0x9A7A9A9A,0x98A999A9,
    0xA9999999,0x92222229,0x82555529,0x92555529,0x82222229,0x98989899,0x79899999,0xA8989899,
    0x88898988,0x22888898,0x52888989,0x52888888,0x22898989,0x88888898,0x8888898A,0x88888888,
    0x288888A8,0x28882222,0x28882555,0x28882555,0x28882222,0x28888888,0x28888A78,0x288888A8,
    0x222222DD,0x6666662C,0x6655552D,0x6554442C,0x5655442D,0x6554442C,0x5655442D,0x6554442C,
    0x22222222,0x66666666,0x34455556,0x33445455,0x34454556,0x33444455,0x34444556,0x33445455,
    0x22222222,0x66666626,0x66555524,0x65544423,0x56554423,0x65544423,0x56554423,0x65544423,
    0xDDDDDD22,0xDCDCD266,0xDDDDD234,0xDCDCD233,0xDDDDD233,0xDCDCD233,0xDDDDD233,0xDCDCD233,
    0x66746666,0x65746565,0x66746678,0x65746547,0x66746666,0x65746565,0x66746666,0x65746565,
    0x66666666,0x65656565,0x66666786,0x65656475,0x66666666,0x65656565,0x66666666,0x65656565,
    0x22222222,0x2DDDDDDD,0x29999999,0xA9A9A9A9,0x9AAA9AAA,0xA9A9A9A9,0xAA9AAA9A,0xA9A9A9A9,
    0x55454444,0x54544444,0x33333333,0x22222222,0xECCCECCC,0xCECECECE,0xCCECCCEC,0xCECEEECE,
    0x56565555,0x65655554,0x33333333,0x22222222,0xECCCECCC,0xCECECECE,0xCCECCCEC,0xCECECECE,
    0x55565656,0x54555565,0x33333333,0x22222222,0xECCCECCC,0xCECECECE,0xCCECCCEC,0xCECECECE,
    0x44454545,0x44444454,0x33333333,0x22222222,0xECCCECCC,0xCEEECECE,0xCCECECEC,0xCECECEEE,
    0x33343444,0x33334343,0x33333333,0x22222222,0xECCCECCC,0xCECECECE,0xCCECCCEC,0xCECECECE,
    0x22233333,0xFF233333,0xEE233333,0xCEC22222,0xECCCECCC,0xCECECECE,0xCCECCCEC,0xCECECECE,
    0x22222222,0xDDDDDDDD,0x99999999,0xA999A9A9,0x9AAA9AAA,0xA9A9A9A9,0xAA9AAA99,0xA9A9A9A9,
    0x45444422,0x4444432F,0x3333332E,0x222222CE,0xECCCECCC,0xCECECECE,0xCCECCCEC,0xCECECECE,
    0x55554545,0x54545454,0x33333333,0x22222222,0xECCCECCC,0xCECECECE,0xCCECCCEC,0xCECECECE,
    0x56565555,0x55555555,0x33333333,0x22222222,0xECCCECCE,0xCECECECE,0xCCECCCEC,0xCECECECE,
    0x56565656,0x55656565,0x33333333,0x22222222,0xECCCECCC,0xCECECECE,0xCCECCCEC,0xCECECECE,
    0x45555556,0x54555555,0x33333333,0x22222222,0xECCEECCC,0xCECEEECE,0xCCECECEC,0xCECECECE,
    0x44454545,0x44444454,0x33333333,0x22222222,0xECCCECCC,0xCECECECE,0xCCECCCEC,0xCECECECE,
    0x34444444,0x43434344,0x33333333,0x22222222,0xECCCECCC,0xCECECECE,0xCCECCCEC,0xCECECECE,
    0x33343434,0x33333343,0x33333333,0x22222222,0xECCCECCE,0xCECECECE,0xCCECCCEE,0xCECECECE,
    0x23333333,0x23333333,0x23333333,0xC2222222,0xECCCECCC,0xCECECECE,0xCCECCCEC,0xCECECECE,
    0x33333322,0x222222FF,0xEEEEEEEE,0xCECECECE,0xECCEECCC,0xCEEECECE,0xCCECCCEC,0xCECECECE,
    0x33333333,0x22222222,0xEEEEEEEE,0xCECECECE,0xECCCECCC,0xCECECECE,0xCCECCCEC,0xCECECECE,
    0x33333323,0x22222222,0xEEEEEEEE,0xEECECECE,0xECCCECCC,0xCECECECE,0xCCECCCEC,0xCECECECE,
    0x33333333,0x22222222,0xEEEEEEEE,0xCECECECE,0xECCCECCE,0xCECECECE,0xCCECECEC,0xCECECECE,
    0x22222233,0xFFFFFF22,0xEEEEEEEE,0xCECECECE,0xECCCECCC,0xCECECECE,0xCCECCCEC,0xCECECECE,
    0x22222222,0xDDDDDDDD,0x99999999,0xA9A999A9,0x9A9A9AAA,0xA9A9A9A9,0xAA9AAA9A,0xA9A9A9A9,
    0x22222222,0xDDDDDDDD,0x99999999,0xA9A9A9A9,0x9AAA9AAA,0xA9A9A9A9,0xAA9AAA99,0xA9A9A9A9,
    0x22222222,0xDDDDDDDD,0x99999999,0x99A9A9A9,0x9AAA9AAA,0xA9A9A9A9,0xAA9AAA9A,0xA9A9A9A9,
    0x22222222,0xDDDDDDDD,0x99999999,0xA9A9A9A9,0x9AAA9A9A,0xA9A999A9,0xAA9AAA9A,0x99A9A9A9,
    0x22222222,0xDDDDDDDD,0x99999999,0xA9A9A9A9,0x9AAA9AAA,0xA9A9A9A9,0xAA9AAA9A,0xA9A9A9A9,
    0x22222222,0xDDDDDDDD,0x99999999,0xA9A9A9A9,0x9A9A9AAA,0xA9A9A9A9,0xAA9AAA9A,0xA9A9A9A9,
    0x22222222,0xDDDDDDDD,0x99999999,0xA9A9A9A9,0x9AAA9AAA,0xA9A9A9A9,0xAA9A9A9A,0xA999A9A9,
    0x99999999,0xCB9CBCCB,0xAAAAA9AA,0xA9A9A9A9,0xAAAAAAAA,0xA9AAA9AA,0xAAAAAAAA,0xAAA9AAA9,
    0x99999999,0xBCCBCCBC,0xAAAAAAAA,0xA9A9A9A9,0xAAAAAAAA,0xA9AAA9AA,0xAAAAAAAA,0x9AA9AAA9,
    0x99999999,0xCCBCCBCC,0xAAAAAAAA,0xA9A9A9A9,0xAA9AAAAA,0xA9AA99AA,0xAAAAAA9A,0xAAA9AAA9,
    0x99999999,0xCBC9BCCB,0xAAAAA9AA,0xA9A9A9A9,0xAAAAAAAA,0xA9AAA9AA,0xAAAAAAAA,0xAAA9AAA9,
    0x99999999,0xBCCBCCBC,0xAAAAAAAA,0xA9A9A9A9,0xAAAAAAAA,0xA9AAA9AA,0xAAAAAAAA,0xAAA9AAA9,
    0x99999999,0xCCBCCBCC,0xAAAAAAAA,0xA9A9A9A9,0xA9AAAAAA,0xA9A9A9AA,0xAAAA9AAA,0xAAA9AA99,
    0x99999999,0xCBCC9CCB,0xAAAAAA9A,0xA9A9A9A9,0xAAAAAAAA,0xA9AAA9AA,0xAAAAAAAA,0xAAA9AAA9,
    0x99999999,0xCCBCCBCC,0xAAAAAAAA,0xA9A9A9A9,0x9AAAAAAA,0xA9AAA9AA,0xAA9AAAAA,0xAAA99AA9,
    0x99999999,0xCBCCB9CB,0xAAAAAA9A,0xA9A9A9A9,0xAAAAAAAA,0xA9AAA9AA,0xAAAAAAAA,0xAAA9AAA9,
    0x99999999,0xCCBCCBCC,0xAAAAAAAA,0xA9A9A9A9,0x9AAAAAAA,0x99AAA9AA,0xA9AAAAAA,0xA9A9AAA9,
    0x99999999,0xCBCCBC9B,0xAAAAAAA9,0xA9A9A9A9,0xAAAAAAAA,0xA9AAA9AA,0xAAAAAAAA,0xAAA9AAA9,
    0x99999999,0xCCBCCBCC,0xAAAAAAAA,0xA9A9A9A9,0xAAAAAAAA,0xA9AAA9AA,0xAAAAAAAA,0xAAA9AAA9,
    0x99999999,0xCBCCBCC9,0xAAAAAAA9,0xA9A9A9A9,0xAAAAAAA9,0xA9AAA9A9,0xAAAAAAA9,0xAAA9AAA9,
    0x99999999,0x9CBCCBCC,0xAAAAAAAA,0xA9A9A9A9,0xAAAAAAAA,0xA9AAA9AA,0xAAAAAAAA,0xAAA9AAA9,
    0x99999999,0xCBCCBCCB,0xAAAAAAA9,0xA9A9A9A9,0xAAAAAA9A,0xA9AAA99A,0xAAAAA9AA,0xAAA9A9A9,
    0x99999999,0xC9BCCBCC,0x9AAAAAAA,0xA9A9A9A9,0xAAAAAAAA,0xA9AAA9AA,0xAAAAAAAA,0xAAA9AAA9,
    0x99999999,0xCBCCBCCB,0xAAAAAAAA,0xA9A9A9A9,0xAAAAAA9A,0xA9AAA9AA,0xAAAA9AAA,0xAA99AAA9,
    0x99999999,0xCC9CCBCC,0x9AAAAAAA,0xA9A9A9A9,0xAAAAAAAA,0xA9AAA9AA,0xAAAAAAAA,0xAAA9AAA9,
    0x99999999,0xCBCCBCCB,0xAAAAAAAA,0xA9A9A9A9,0xAAAAA9AA,0xA9A9A9AA,0xAA9AAAAA,0x9AA9AAA9,
    0x99999999,0xCCB9CBCC,0xA9AAAAAA,0xA9A9A9A9,0xAAAAAAAA,0xA9AAA9AA,0xAAAAAAAA,0xAAA9AAA9,
    0x99999999,0xCBCCBCCB,0xAAAAAAAA,0xA9A9A9A9,0xAAAA9AAA,0xA99AA9AA,0x9AAAAAAA,0xAAA9AAA9,
    0x99999999,0xBCCBCCBC,0xAAAAAAAA,0xA9A9A9A9,0xAAAAAAAA,0xA9AAA9AA,0xAAAAAAAA,0xAAA9AA99,
    0x99999999,0xCCBC9BCC,0xA9AAAAAA,0xA9A9A9A9,0xAAAAAAAA,0xA9AAA9AA,0xAAAAAAAA,0xAAA9AAA9,
    0xAAAAAAAA,0xAAAAAAAA,0x99999999,0xC9CCBCCB,0xAAA9AAAA,0xAAAAA9AA,0xAAAAAAAA,0xAAAAAAAA,
    0xAA9AAAAA,0xAAAAA9AA,0x99999999,0xBCCBCCBC,0xAAAAAAAA,0xAAAAAAAA,0xAAAAAAAA,0xAAAAAAAA,
    0xAAAAAAAA,0xAAAAAAAA,0x99999999,0xCCBCCBCC,0xAAAAAAAA,0xAAAAAAAA,0xAAAAAAAA,0xAAAAAAAA,
    0xAAAAAAAA,0xAAAAAAAA,0x99999999,0xCBCCBCCB,0xAAAAAAAA,0x9AAAAAAA,0xAA9AAAAA,0xAAA9AAAA,
    0x9AAAAAAA,0xA9AAAAAA,0x99999999,0xBCCBC9BC,0xAAAAAA9A,0xAAAAAAAA,0xAAAAAAAA,0xAAAAAAAA,
    0xAAAAAAAA,0xAAAAAAAA,0x99999999,0xCBCCBCCB,0xAAAAAAAA,0xAAAAAAAA,0xAAAAAAAA,0xAAAAAAAA,
    0xAAAAAAAA,0xAAAAAAAA,0x99999999,0x9CCBCCBC,0xA9AAAAAA,0xAA9AAAAA,0xAAA9AAAA,0xAAAA9AAA,
    0xAAAAA9AA,0xAAAAAA9A,0x99999999,0xCCBCCBCC,0xAAAAAAAA,0xAAAAAAAA,0xAAAAAAAA,0xAAAAAAAA,
    0xAAAAAAAA,0xAAAAAAAA,0x99999999,0xBCCBCCBC,0xAAAAAAAA,0xAAAAAAAA,0xAAAAAAAA,0xAAAAAAAA,
    0xAA9AAAAA,0xAA9AAAAA,0x99999999,0xCCBC9BCC,0xAAAA9AAA,0xAAAAA9AA,0xAAAAA9AA,0xAAAAAA9A,
    0xAAAAAAA9,0xAAAAAAA9,0x99999999,0xCBCCBCC9,0xAAAAAAA9,0xAAAAAAA9,0xAAAAAAA9,0xAAAAAAA9,
    0xAAAA9AAA,0xAAAA9AAA,0x99999999,0xCB9CBCCB,0xAA9AAAAA,0xA9AAAAAA,0xA9AAAAAA,0x9AAAAAAA,
    0xA9AAAAAA,0x9AAAAAAA,0x99999999,0xCBCCBCCB,0xAAAAAAAA,0xAAAAAAAA,0xAAAAAAAA,0xAAAAAAAA,
    0xAAAAAAAA,0xAAAAAAAA,0x99999999,0xBCCBCC9C,0xAAAAA9AA,0xAAAA9AAA,0xAAA9AAAA,0xAA9AAAAA,
    0xAAAAAA9A,0xAAAAA9AA,0x99999999,0xB9CBCCBC,0x9AAAAAAA,0xAAAAAAAA,0xAAAAAAAA,0xAAAAAAAA,
    0xAAAAAAAA,0xAAAAAAAA,0x99999999,0xCCBCCBCC,0xAAAAAAAA,0xAAAAAA9A,0xAAAA9AAA,0xAAA9AAAA,
    0xAAAA9AAA,0xA9AAAAAA,0x99999999,0xBCCBCCBC,0xAAAAAAAA,0xAAAAAAAA,0xAAAAAAAA,0xAAAAAAAA,
    0xAAAAAAAA,0xAAAAAAAA,0x99999999,0xCCBCC9CC,0xAAA9AAAA,0xA9AAAAAA,0xAAAAAAAA,0xAAAAAAAA,
    0xAAABAAAB,0xAAAAAAAA,0xABAAABAA,0xAAAAAAAA,0xABABABAB,0xAAAAAAAA,0x99999999,0xCBCCBCCB,
    0xAAABAAAB,0xAAAAAAAA,0xABAAABAA,0xAAAAAAAA,0xABABABAB,0xAAAAAAAA,0x99999999,0x9CCBCCBC,
    0xAAABAAAB,0xAAAAAAAA,0x9BAAABAA,0xAA9AAAAA,0xABA9ABAB,0xAAAAA9AA,0x99999999,0xCCBCCBCC,
    0xAAABA9AB,0xAAAAAA9A,0xABAAABAA,0xAAAAAAAA,0xABABABAB,0xAAAAAAAA,0x99999999,0xCBCCBCCB,
    0xAAABAAAB,0xAAAAAAAA,0xABAAABAA,0xAAAAAAAA,0xABABABAB,0xAAAAAAAA,0x99999999,0xBCCBCCBC,
    0xAAABAAAB,0xAAAAAAAA,0xABAAABAA,0xAAAAAAAA,0xABABABAB,0xAAAAAAAA,0x99999999,0xCCBCCBCC,
    0xAAABAAAB,0xAAAAAAAA,0x9BAAABAA,0xA9AAAAAA,0xAB9BABAB,0xAAA9AAAA,0x99999999,0xCBCCB9CB,
    0xAAABAA9B,0xAAAAAAA9,0xABAAABAA,0xAAAAAAAA,0xABABABAB,0xAAAAAAAA,0x99999999,0xBCCBCCBC,
    0xAAABAAAB,0xAAAAAAAA,0xABAAABAA,0x9AAAAAAA,0x9BABABAB,0xA9AAAAAA,0x99999999,0xBC9BCCBC,
    0xAAABAA9B,0xAAAAAAA9,0xABAAABA9,0xAAAAAAAA,0xABABABAB,0xAAAAAAAA,0x99999999,0xCCBCCBCC,
    0xAAABAAA9,0xAAAAAAA9,0xABAAABA9,0xAAAAAAA9,0xABABABA9,0xAAAAAAA9,0x99999999,0xCBCCBCC9,
    0x9AABAAAB,0xAAAAAAAA,0xABAAABAA,0xAAAAAAAA,0xABABABAB,0xAAAAAAAA,0x99999999,0xCBCCBCCB,
    0xAAABAAAB,0xAAAAAAA9,0xABAAABA9,0xAAAAAA9A,0xABABAB9B,0xAAAAA9AA,0x99999999,0xBCCB9CBC,
    0x9AABAAAB,0xAAAAAAAA,0xABAAABAA,0xAAAAAAAA,0xABABABAB,0xAAAAAAAA,0x99999999,0xBCCBCCBC,
    0xAAABAAAB,0xAAAAAAA9,0xABAAAB9A,0xAAAAA9AA,0xABAB9BAB,0xAAA9AAAA,0x99999999,0xC9BCCBCC,
    0xA9ABAAAB,0x9AAAAAAA,0xABAAABAA,0xAAAAAAAA,0xABABABAB,0xAAAAAAAA,0x99999999,0xCCBCCBCC,
    0xAAABAAAB,0xAAAAAAAA,0xABAAAB9A,0xAAAA9AAA,0xABA9ABAB,0xA9AAAAAA,0x99999999,0xCBCCBCCB,
    0xAAABAAAB,0xAAAAAAAA,0xABAAABAA,0xAAAAAAAA,0xABABABAB,0xAAAAAAAA,0x99999999,0xBCCBCC9C,
    0xABABABAB,0xAABAAABA,0xABABABAB,0xBAAABAAA,0xA9ABABAB,0xBA9ABABA,0xABAB9BAB,0xBABABA9A,
    0xAB9BABAB,0xAABA9ABA,0xABABA9AB,0xBAAABAA9,0xABABABAB,0xBABABABA,0xABABABAB,0xBABABABA,
    0xABABABAB,0xAABAAABA,0xABABABAB,0xBAAABAAA,0xABABABAB,0xBABABABA,0xABABABAB,0xBABABABA,
    0xABABABAB,0x9ABAAABA,0xA9ABABAB,0xBA9ABAAA,0xABA9ABAB,0xBABA9ABA,0xABABA9AB,0xBABABA9A,
    0xABABAB9B,0xAABAAABA,0xABABABAB,0xBAAABAAA,0xABABABAB,0xBABABABA,0xABABABAB,0xBABABABA,
    0xABA9ABAB,0xAAB9AABA,0xABAB9BAB,0xBAAA9AAA,0xABABA9AB,0xBABAB9BA,0xABABAB9B,0xBABABAB9,
    0xABABABA9,0xAABAAAB9,0xABABABA9,0xBAAABAA9,0xABABABA9,0xBABABAB9,0xABABABA9,0xBABABAB9,
    0xABA9ABAB,0xAAB9AABA,0xAB9BABAB,0xBA9ABAAA,0xA9ABABAB,0xB9BABABA,0x9BABABAB,0xBABABABA,
    0xABABABAB,0xAABAAABA,0xABABABAB,0xBAAABAAA,0xABABABAB,0xBABABABA,0xABABABAB,0xBABABAB9,
    0x9BABABAB,0xAABAAABA,0xABABABAB,0xBAAABAAA,0xABABABAB,0xBABABABA,0xABABABAB,0xBABABABA,
    0xABABABAB,0xAABAAA9A,0xABABA9AB,0xBAAA9AAA,0xABA9ABAB,0xBA9ABABA,0xA9ABABAB,0x9ABABABA,
    0xABAB9BAB,0xAA9AAABA,0xA9ABABAB,0xBAAABAAA,0xABABABAB,0xBABABABA,0xABABABAB,0xBABABABA,
    0xABABABAB,0xAABAAABA,0xABABABAB,0xBAAABAA9,0xABABA9AB,0xBABA9ABA,0xAB9BABAB,0x9ABABABA,
    0xABABABA9,0xBABABABA,0xABABABAB,0xBABABABA,0x99999999,0xCBCCBCCB,0xBBABBBAB,0xBABABABA,
    0xABABABAB,0xBABABABA,0xABABABAB,0xBABABABA,0x99999999,0xBCCBCCBC,0xBBABBBAB,0xBABABABA,
    0xABABABAB,0xBABABABA,0xABABABAB,0xBABABABA,0x99999999,0xCCBCCBCC,0xBBABBBAB,0xBABABABA,
    0xABABABAB,0xBABABABA,0xABABABAB,0xBABABABA,0x99999999,0xCBCCBCCB,0xBBABBBAB,0xBABABABA,
    0xABABABAB,0x9ABABABA,0xA9ABABAB,0xBAB9BABA,0x99999999,0xBCCBC9BC,0xBBABBB9B,0xBABABAB9,
    0xABABABA9,0xBABABABA,0xABABABAB,0xBABABABA,0x99999999,0xCCBCCBCC,0xBBABBBAB,0xBABABABA,
    0xABABABAB,0x9ABABABA,0x9BABABAB,0xB9BABABA,0x99999999,0xCB9CBCCB,0xBB9BBBAB,0xBAB9BABA,
    0xABABABA9,0xBABABABA,0xABABABAB,0xBABABABA,0x99999999,0xBCCBCCBC,0xBBABBBAB,0xBABABABA,
    0xABABABA9,0xBABABAB9,0xABABABA9,0xBABABAB9,0x99999999,0xCBCCBCC9,0xBBABBBA9,0xBABABAB9,
    0xABABABA9,0xBABABA9A,0xABABAB9B,0xBABAB9BA,0x99999999,0xCCBC9BCC,0xBBAB9BAB,0xBAB9BABA,
    0xABABABA9,0xBABABA9A,0xABABA9AB,0xBAB9BABA,0x99999999,0xB9CBCCBC,0x9BABBBAB,0xBABABABA,
    0xABABABAB,0xBABABABA,0xABABABAB,0xBABABABA,0x99999999,0xCCBCCBCC,0xBBABBBAB,0xBABABAB9,
};
static const u16 fz_scene_works_map[600] GFX_FUSION_UNUSED = {
    0x3000,0x3000,0x3000,0x3000,0x3000,0x3000,0x3000,0x3000,0x3000,0x3000,0x3000,0x3000,0x3000,0x3000,0x3000,
    0x3000,0x3000,0x3000,0x3000,0x3000,0x3000,0x3000,0x3000,0x3000,0x3000,0x3000,0x3000,0x3000,0x3000,0x3000,
    0x4001,0x4002,0x4001,0x4002,0x4001,0x4002,0x4001,0x4002,0x4001,0x4002,0x4001,0x4002,0x4001,0x4002,0x4001,
    0x4002,0x4001,0x4002,0x4001,0x4002,0x4001,0x4002,0x4001,0x4002,0x4001,0x4002,0x4001,0x4002,0x4001,0x4002,
    0x4003,0x4004,0x4005,0x4003,0x4003,0x4003,0x4003,0x4003,0x4004,0x4006,0x4007,0x4008,0x4009,0x400A,0x400B,
    0x4004,0x400C,0x400D,0x400D,0x400D,0x400E,0x400F,0x4004,0x4003,0x4003,0x4003,0x4005,0x4003,0x4003,0x4004,
    0x4010,0x4011,0x4012,0x4013,0x4014,0x4010,0x4010,0x5015,0x5016,0x5017,0x5018,0x4019,0x501A,0x501B,0x501C,
    0x501D,0x701E,0x701F,0x7020,0x7021,0x7022,0x7023,0x4024,0x4010,0x4010,0x4010,0x4012,0x4010,0x4010,0x4011,
    0x3025,0x3025,0x3026,0x4027,0x4028,0x3025,0x5029,0x402A,0x402B,0x402C,0x402D,0x402E,0x402F,0x4030,0x4031,
    0x5032,0x3033,0x7034,0x7035,0x7036,0x7037,0x7038,0x4039,0x403A,0x3025,0x3025,0x3026,0x303B,0x3025,0x3025,
    0x303C,0x303C,0x403D,0x403E,0x403F,0x3040,0x5041,0x5042,0x5043,0x4044,0x5045,0x5046,0x5047,0x5048,0x5049,
    0x504A,0x704B,0x504C,0x504D,0x504E,0x504F,0x7050,0x303C,0x303C,0x303C,0x303C,0x3051,0x303C,0x303C,0x303C,
    0x3052,0x3053,0x6054,0x4055,0x6056,0x6057,0x5058,0x5059,0x405A,0x405B,0x505C,0x505D,0x505E,0x505F,0x5060,
    0x4061,0x5062,0x5063,0x5064,0x4065,0x5064,0x4066,0x3052,0x3052,0x3052,0x3052,0x3067,0x3068,0x3052,0x3052,
    0x3069,0x606A,0x606B,0x606C,0x606D,0x606E,0x606F,0x5070,0x4071,0x4072,0x5073,0x5074,0x5075,0x5076,0x5077,
    0x5078,0x5079,0x607A,0x607B,0x607C,0x607D,0x307E,0x3069,0x3069,0x3069,0x3069,0x307F,0x3069,0x3069,0x3069,
    0x3080,0x6081,0x6082,0x6083,0x6084,0x6085,0x6086,0x5087,0x5088,0x4089,0x508A,0x508B,0x508C,0x508D,0x508E,
    0x508F,0x5090,0x6091,0x6092,0x6093,0x6094,0x3095,0x3080,0x3080,0x3080,0x3080,0x3096,0x3097,0x3080,0x3080,
    0x3098,0x6099,0x609A,0x609B,0x609C,0x609D,0x609E,0x509F,0x50A0,0x50A1,0x50A2,0x50A3,0x50A4,0x50A5,0x50A6,
    0x40A7,0x50A8,0x60A9,0x60AA,0x60AB,0x6094,0x30AC,0x3098,0x3098,0x3098,0x3098,0x30AD,0x30AE,0x3098,0x3098,
    0x30AF,0x60B0,0x60B1,0x60B2,0x60B3,0x60B4,0x30B5,0x30B6,0x50B7,0x50B8,0x40B9,0x50BA,0x50BB,0x50BC,0x40BD,
    0x40BE,0x50BF,0x60C0,0x60AA,0x60C1,0x6094,0x30C2,0x30AF,0x30AF,0x30AF,0x30AF,0x30C3,0x30AF,0x30AF,0x30AF,
    0x30C4,0x40C5,0x40C6,0x40C7,0x40C8,0x40C9,0x40CA,0x30CB,0x50CC,0x50CD,0x50CE,0x40CF,0x40D0,0x40D1,0x50D2,
    0x50D3,0x30D4,0x60D5,0x60AA,0x60D6,0x6094,0x30D7,0x30D8,0x30D8,0x30D8,0x30D8,0x30D9,0x30DA,0x30D8,0x30D8,
    0x30DB,0x40DC,0x40DD,0x40DE,0x40DF,0x40E0,0x40E1,0x30E2,0x40E3,0x40E4,0x50E5,0x40E6,0x40E7,0x40E8,0x40E9,
    0x40EA,0x40EB,0x60EC,0x60AA,0x60ED,0x6094,0x30EE,0x30EF,0x30EF,0x30EF,0x30EF,0x30F0,0x30EF,0x30EF,0x30EF,
    0x30F1,0x40F2,0x40F3,0x40F4,0x40F5,0x40F6,0x40F7,0x30F8,0x40F9,0x50FA,0x40FB,0x50FC,0x50FD,0x50FE,0x50FF,
    0x5100,0x5101,0x4102,0x4103,0x4104,0x4103,0x4105,0x30F8,0x30F8,0x30F8,0x30F8,0x3106,0x3107,0x30F8,0x30F8,
    0x3108,0x4109,0x410A,0x410B,0x410C,0x410D,0x410E,0x310F,0x4110,0x4111,0x4112,0x4113,0x4114,0x4115,0x4116,
    0x4117,0x4118,0x4119,0x411A,0x411B,0x411C,0x411D,0x311E,0x311F,0x3120,0x3121,0x3122,0x3123,0x3124,0x3122,
    0x3125,0x3126,0x3127,0x3128,0x3129,0x312A,0x312B,0x3129,0x312C,0x312D,0x3129,0x312E,0x312F,0x3129,0x3130,
    0x3131,0x3129,0x3132,0x3133,0x3129,0x3134,0x3135,0x3129,0x3136,0x3137,0x3129,0x3138,0x3139,0x313A,0x313B,
    0x313C,0x313D,0x313E,0x313F,0x3140,0x313E,0x3141,0x3142,0x3143,0x3141,0x3144,0x3145,0x3141,0x3144,0x313E,
    0x3146,0x3144,0x313E,0x3147,0x3144,0x313E,0x3148,0x3149,0x313E,0x3141,0x314A,0x314B,0x3141,0x314C,0x314D,
    0x314E,0x314F,0x3150,0x3151,0x3152,0x3153,0x3154,0x3155,0x3153,0x314E,0x3156,0x3157,0x314E,0x3152,0x3153,
    0x3158,0x3152,0x3153,0x3159,0x315A,0x3153,0x314E,0x315B,0x315C,0x314E,0x3152,0x315D,0x315E,0x315F,0x3153,
    0x3160,0x3161,0x3162,0x3162,0x3162,0x3163,0x3164,0x3162,0x3162,0x3162,0x3165,0x3162,0x3162,0x3162,0x3162,
    0x3166,0x3162,0x3162,0x3162,0x3167,0x3168,0x3162,0x3162,0x3169,0x316A,0x3162,0x3162,0x3162,0x316B,0x316C,
    0x316D,0x316E,0x316F,0x3170,0x3171,0x3172,0x3170,0x316E,0x316F,0x3173,0x3174,0x316F,0x3170,0x316E,0x316F,
    0x3175,0x316E,0x316F,0x3170,0x316E,0x3176,0x3170,0x316E,0x316F,0x3170,0x3177,0x3178,0x3170,0x316E,0x316F,
};
static const u32 fz_scene_extract_tiles[307 * 8] GFX_FUSION_UNUSED = {
    0x33333333,0x33333333,0x33333333,0x33333333,0x33333333,0x33333333,0x33333333,0x33333333,
    0x22222222,0x22222222,0x22222222,0x99992222,0xAAAA2222,0x99992222,0x89892222,0x88882222,
    0x22222222,0x55222222,0x66222222,0x76299999,0x662AAAAA,0x55299999,0x45298989,0x44288888,
    0x22222222,0x22222255,0x22222266,0x99999266,0xAAAAA266,0x99999265,0x89898245,0x88888243,
    0x22222222,0x22222222,0x22222222,0x99999999,0xAAAAAAAA,0x99999999,0x89898989,0x88888888,
    0x22222222,0x22222222,0x22222222,0x22299999,0x222AAAAA,0x22299999,0x22298989,0x22288888,
    0x22222222,0x22222222,0x22222222,0x22222222,0x22222222,0x22222222,0x55555556,0x33333333,
    0x22222222,0x22222222,0x22222222,0x22222222,0x22222222,0x22222222,0x55555555,0x33333333,
    0x22222222,0xA9922222,0x9A922222,0xA9922222,0x9A922222,0xA9922222,0x9A925556,0xA9923333,
    0x33222222,0x33222899,0x22222889,0x22222888,0x22222889,0x22222899,0x55552889,0x33332888,
    0x22222234,0x22222233,0x22222222,0x22222222,0x22222222,0x22222222,0x55555556,0x33333333,
    0x33222222,0x33222222,0x22222222,0x22222222,0x22222222,0x22222222,0x55555555,0x33333333,
    0x22222222,0x22222899,0x22222889,0x22222888,0x22222889,0x22222899,0x55552889,0x33332888,
    0x22222222,0x54545454,0x45454545,0x54545454,0x45554555,0x54545454,0x55785545,0x54475454,
    0x22222222,0x54545474,0x45454574,0x54545474,0x45554574,0x54545474,0x57855574,0x54745474,
    0x22222222,0x54545454,0x45454545,0x54545454,0x45554555,0x54545454,0x55455545,0x54545454,
    0x22222222,0xCBCBCBCB,0xBCBCBCBC,0xCBCBCBCB,0x22CCBCCC,0x7622CBCB,0x67662CBC,0x766562CB,
    0x9A922222,0xA992CBCB,0x9A922CBC,0x66667222,0x66676777,0x76667676,0x56676777,0x66667676,
    0x22222889,0xCBCB2899,0xBCB22889,0x22255565,0x45565666,0x54555565,0x55555653,0x54555565,
    0x22222222,0xDCDCDCEC,0xCDCDCDEC,0xDCDCDCEC,0xCDDDCD22,0xDCDC22A9,0xDEF29A9A,0xDC299999,
    0x22222222,0x54545454,0xEEEE4545,0xFFFF5454,0x44EF4555,0x44EF5454,0x44EF5545,0x44EF5454,
    0x22222222,0x54545454,0xEEEEEEEE,0xFFFFFFFF,0x44444444,0x44444444,0x44444444,0x44444444,
    0x22222222,0xEDEDEDED,0x222FFFFF,0x66625555,0x4442DDDD,0x4442DDDD,0x4442DDDD,0x4442DDDD,
    0xC8C22222,0x88888949,0x77777222,0x66666666,0x55555555,0x55555555,0x55555555,0x55555555,
    0x2222277C,0x39888888,0x22777777,0x66666666,0x55555555,0x55555555,0x55555555,0x55555555,
    0x22222222,0xEDEDEDED,0xFFFFF222,0x55552666,0xDDDD2444,0xDDDD2444,0xDDDD2444,0xDDDD2444,
    0x22222222,0x54545454,0x4545EEEE,0x5454FFFF,0x4555D444,0x5454D444,0x5578D444,0x5447D444,
    0x45554555,0x54545454,0x55455545,0x54545454,0x55555555,0x54545454,0x55455545,0x54545454,
    0x45554574,0x54545474,0x55455574,0x54545474,0x55555574,0x54545474,0x55455574,0x54545474,
    0xDEEEDEEE,0xEDEDEDED,0x2EDEEEDE,0x2DEDEDED,0x2EEEEEEE,0x2DEDEDED,0x422EEEDE,0x4442EDED,
    0x5766662C,0x35666562,0x67666656,0x76656555,0x67666656,0x76666565,0x22222222,0x111,
    0x66676777,0x66667676,0x66676777,0x66667676,0x66676777,0x66667676,0x22222222,0x0,
    0x45565666,0x54555565,0x55555656,0x54555565,0x45565666,0x54555565,0x22222222,0x0,
    0xB2444457,0x24444435,0x44444545,0x44444444,0x44444445,0x44444454,0x22222222,0x0,
    0xDEEEDEEE,0xEDEDEDED,0xEEDEEED2,0xEDEDEDE2,0xEEEEEEE2,0xEDEDEDE2,0xEEDEE224,0xEDED2444,
    0x44EF4555,0x44EF5454,0x44EF5545,0x44EF5454,0x44EF5555,0x44EF5454,0x44EF5545,0x44EF5454,
    0x44444444,0x44444444,0x44444444,0x44444444,0x44444444,0x44444444,0x44444444,0x44444444,
    0x22244444,0x24444444,0x24444444,0x24444444,0x24444444,0x24444444,0x24444444,0x24444444,
    0x22222222,0x55555555,0x33333355,0x33333355,0x33333355,0x33333355,0x33333355,0x33333355,
    0x22222222,0x55555555,0x55333333,0x55333333,0x55333333,0x55333333,0x55333333,0x55333333,
    0x44444222,0x44444442,0x44444442,0x44444442,0x44444442,0x44444442,0x44444442,0x44444442,
    0x4555D444,0x5454D444,0x5545D444,0x5454D444,0x5555D444,0x5454D444,0x5545D444,0x5454D444,
    0x55555555,0x54545454,0x55555555,0x54545454,0x55785555,0x54475455,0x55555555,0x54545454,
    0x55555574,0x54545474,0x55555574,0x54545474,0x57855574,0x54755474,0x55555574,0x54545474,
    0x55555555,0x54545454,0x55555555,0x54545454,0x55555555,0x54555455,0x55555555,0x54545454,
    0xEEEEEEEE,0xEDEDEDED,0xEEEEEEEE,0x2DEDEDED,0x42EEEEEE,0x42EEEDEE,0x442EEEEE,0x6442EDED,
    0x64442EEE,0x66442ED,0x664422,0x6444,0x644,0x64,0x66000006,0x61100000,
    0x6,0x0,0x0,0x0,0x60,0x666,0x6666,0x666,
    0x0,0x0,0x0,0x0,0x0,0x0,0x0,0x0,
    0xEEE24440,0xED244000,0x22440000,0x44400000,0x44000000,0x40000000,0x0,0x0,
    0xEEEEEEEE,0xEDEDEDED,0xEEEEEEEE,0xEDEDEDE2,0xEEEEEE24,0xEDEEED24,0xEEEEE244,0xEDED2440,
    0x44EF5555,0x44EF5454,0x44EF5555,0x44EF5454,0x44EF5555,0x44EF5455,0x44EF5555,0x44EF5454,
    0x24444444,0x24444444,0x24444444,0x24444444,0x24444444,0x24444444,0x24444444,0x24444444,
    0x33333355,0x33333355,0x33333355,0x33333356,0x33333356,0x33333356,0x33333356,0x33333366,
    0x55333333,0x55333333,0x55333333,0x55333333,0x55333333,0x55333333,0x55333333,0x55333333,
    0x44444442,0x44444442,0x44444442,0x44444442,0x44444442,0x44444442,0x44444442,0x44444442,
    0x5555D444,0x5454D444,0x5555D444,0x5454D444,0x5578D444,0x5447D444,0x5555D444,0x5454D444,
    0x55555555,0x54555455,0x55555555,0x55545554,0x55555555,0x55555555,0x55555555,0x55545554,
    0x55555574,0x54555474,0x55555574,0x55545574,0x55555574,0x55555574,0x55555574,0x55545574,
    0x55555555,0x54555455,0x55555555,0x55545554,0x55555555,0x55555555,0x55555555,0x25545554,
    0x6442EEE,0x66442EE,0x6442EE,0x6442D,0x6642E,0x6442,0x6642,0x60000644,
    0x11110000,0x11111000,0x1111100,0x111100,0x11110,0x1111,0x1116,0x166,
    0x6,0x0,0x0,0x0,0x0,0x0,0x0,0x0,
    0xEEE24400,0xED244000,0xEE244000,0xE2440000,0xE2400000,0x24400000,0x24000000,0x44000000,
    0x55555555,0x54555455,0x55555555,0x55545554,0x55555555,0x55555555,0x55555555,0x55545552,
    0x44EF5555,0x44EF5455,0x44EF5555,0x44EF5554,0x44EF5555,0x44EF5555,0x44EF5555,0x44EF5554,
    0x29999999,0x29999999,0x29999999,0x29999999,0x22999999,0x66229999,0x66662229,0x36666662,
    0x33333366,0x33333366,0x33333366,0x33333366,0x33333366,0x33333366,0x33333366,0x33333333,
    0x55333333,0x55333333,0x55333333,0x55333333,0x55333333,0x55333333,0x55333333,0x33333333,
    0x99999992,0x99999992,0x99999992,0x99999992,0x99999922,0x99992255,0x92225555,0x25555553,
    0x5555D444,0x5455D444,0x5555D444,0x5554D444,0x5555D444,0x5555D444,0x5555D444,0x5554D444,
    0x55555555,0x55555555,0x55785555,0x55475555,0x55555555,0x55555555,0x55555555,0x55555555,
    0x55555574,0x55555574,0x57855574,0x54755574,0x55555574,0x55555574,0x55555574,0x55555574,
    0x2EEEEEEE,0x2EEEEEEE,0x42EEEEEE,0x42EEEEEE,0x42EEEEEE,0x42EEEEEE,0x442EEEEE,0x442EEEEE,
    0x60000644,0x66000064,0x66000064,0x64,0x66,0x6,0x0,0x0,
    0x66,0x66,0x6,0x0,0x0,0x0,0x0,0x0,
    0x44000000,0x40000000,0x40000000,0x40000000,0x0,0x0,0x0,0x0,
    0xEEEEEEE2,0xEEEEEEE2,0xEEEEEE24,0xEEEEEE24,0xEEEEEE24,0xEEEEEE24,0xEEEEE244,0xEEEEE244,
    0x55555555,0x55555555,0x55555555,0x55555555,0x55555555,0x55555555,0x55555555,0x55555555,
    0x44EF5555,0x44EF5555,0x44EF5555,0x44EF5555,0x44EF5555,0x44EF5555,0x44EF5555,0x44EF5555,
    0xDDDDDDDD,0xDDDDDDDD,0xDDDDDDDD,0xDDDDDDDD,0xDDDDDDDD,0xDDDDDDDD,0x2DDDDDDD,0x62DDDDDD,
    0x22999999,0x66299999,0x66622999,0x36666299,0x33366629,0x33336662,0x33333666,0x33333366,
    0x33336666,0x33333366,0x33333333,0x33333333,0x33333333,0x33333333,0x33333333,0x33333333,
    0x55553333,0x55333333,0x33333333,0x33333333,0x33333333,0x33333333,0x33333333,0x33333333,
    0x99999922,0x99999255,0x99922555,0x99255553,0x92555333,0x25553333,0x55533333,0x55333333,
    0xDDDDDDDD,0xDDDDDDDD,0xDDDDDDDD,0xDDDDDDDD,0xDDDDDDDD,0xDDDDDDDD,0xDDDDDDD2,0xDDDDDD24,
    0x5555D444,0x5555D444,0x5578D444,0x5547D444,0x5555D444,0x5555D444,0x5555D444,0x5555D444,
    0x55565556,0x55555555,0x55555555,0x55555555,0x55565556,0x55555555,0x56555655,0x55555555,
    0x55565574,0x55555574,0x55555574,0x55555574,0x55565574,0x55555574,0x56555674,0x55555574,
    0x4423EEE3,0x442EEEEE,0x442EEEEE,0x442EEEEE,0x4423EEE3,0x442EEEEE,0x442EE3EE,0x442EEEEE,
    0xEEE3E244,0xEEEEE244,0xEEEEE244,0xEEEEE244,0xEEE3E244,0xEEEEE244,0xE3EEE244,0xEEEEE244,
    0x44EF5556,0x44EF5555,0x44EF5555,0x44EF5555,0x44EF5556,0x44EF5555,0x44EF5655,0x44EF5555,
    0x62999999,0x66299999,0x66629999,0x36629999,0x33662999,0x33666299,0x33366299,0x33366299,
    0x33333336,0x33333333,0x33333333,0x33333333,0x33333333,0x33333333,0x33333333,0x33333333,
    0x53333333,0x33333333,0x33333333,0x33333333,0x33333333,0x33333333,0x33333333,0x33333333,
    0x99999925,0x99999255,0x99992555,0x99992553,0x99925533,0x99255533,0x99255333,0x99255333,
    0x5556D444,0x5555D444,0x5555D444,0x5555D444,0x5556D444,0x5555D444,0x5655D444,0x5555D444,
    0x56785656,0x55475555,0x56555655,0x55555555,0x56565656,0x55555555,0x56565656,0x55555555,
    0x57865674,0x54755574,0x56555674,0x55555574,0x56565674,0x55555574,0x56565674,0x55555574,
    0x4423E3E3,0x442EEEEE,0x42EEE3EE,0x42EEEEEE,0x42E3E3E3,0x42EEEEEE,0x23E3E3E3,0x2EEEEEEE,
    0x0,0x0,0x0,0x0,0x4,0x4,0x4,0x44,
    0x0,0x55000,0x55500,0x55500,0x40055500,0x40005550,0x40005550,0x44005550,
    0xE3E3E244,0xEEEEE244,0xE3EEE324,0xEEEEEE24,0xE3E3E324,0xEEEEEE24,0xE3E3E3E2,0xEEEEEEE2,
    0x56565656,0x55555555,0x56555655,0x55555555,0x56565656,0x55555555,0x56565656,0x55555555,
    0x44EF5656,0x44EF5555,0x44EF5655,0x44EF5555,0x44EF5656,0x44EF5555,0x44EF5656,0x44EF5555,
    0x44444444,0x44444444,0x44444444,0x44444444,0x44444444,0x44444444,0x24444444,0x24444444,
    0x33336629,0x33336629,0x33336662,0x33333662,0x33333662,0x33333662,0x33333665,0x33333355,
    0x92553333,0x92553333,0x25553333,0x25533333,0x25533333,0x25533333,0x55533333,0x55333333,
    0x44444444,0x44444444,0x44444444,0x44444444,0x44444444,0x44444444,0x44444442,0x44444442,
    0x5678D444,0x5547D444,0x5655D444,0x5555D444,0x5656D444,0x5555D444,0x5656D444,0x5555D444,
    0x56565656,0x55655565,0x56565656,0x55555555,0x56565656,0x55655565,0x56785656,0x65476555,
    0x56565674,0x55655574,0x56565674,0x55555574,0x56565674,0x55655574,0x57865674,0x64756574,
    0x26565656,0x55655565,0x56565656,0x55555555,0x56565656,0x55655565,0x56565656,0x65556555,
    0x44,0x42,0x442,0x42E,0x4423,0x4423E,0x442E3,0x442EEE,
    0x0,0x0,0x50000000,0x55000000,0x55000000,0x55500000,0x55000000,0x0,
    0x44000555,0x24000555,0x24400055,0xE2400055,0xE2440005,0xEE244000,0xE3244000,0x3EE24400,
    0x56565652,0x55655565,0x56565656,0x55555555,0x56565656,0x55655565,0x56565656,0x65556555,
    0x56565656,0x55655565,0x56565656,0x55555555,0x56565656,0x55655565,0x56565656,0x65556555,
    0x44EF5656,0x44EF5565,0x44EF5656,0x44EF5555,0x44EF5656,0x44EF5565,0x44EF5656,0x44EF6555,
    0x33333355,0x33333355,0x33333355,0x33333355,0x33333355,0x33333355,0x33333355,0x33333355,
    0x5656D444,0x5565D444,0x5656D444,0x5555D444,0x5656D444,0x5565D444,0x5678D444,0x6547D444,
    0x56565656,0x55655565,0x56565656,0x65556555,0x56565656,0x65656565,0x56565656,0x65656565,
    0x56565674,0x55655574,0x56565674,0x65556574,0x56565674,0x65656574,0x56565674,0x65656574,
    0x56565656,0x55655565,0x56565656,0x65556555,0x56565656,0x65656565,0x56565656,0x22222222,
    0x442E3E3,0x442EEE3E,0x42E3E3E3,0x42EE3EEE,0x23E3E3E3,0x3E3E3E3E,0xE3E3E3E3,0x22222222,
    0x0,0x0,0x4,0x44,0x444,0x4422,0x442E3,0x22222222,
    0x0,0x0,0x0,0x0,0x0,0x0,0x0,0x22222222,
    0x0,0x0,0x40000000,0x44000000,0x44400000,0x22440000,0xE3244000,0x22222222,
    0xE3E32440,0xEE3EE244,0xE3E3E324,0x3EEE3E24,0xE3E3E3E2,0x3E3E3E3E,0xE3E3E3E3,0x22222222,
    0x56565656,0x55655565,0x56565656,0x65556555,0x56565656,0x65656565,0x56565656,0x65656562,
    0x44EF5656,0x44EF5565,0x44EF5656,0x44EF6555,0x44EF5656,0x44EF6565,0x44EF5656,0x44EF6565,
    0x24444444,0x24444444,0x44444444,0x44444444,0x44444444,0x44444444,0x44444444,0x44444444,
    0x33333355,0x33333555,0x33333552,0x33333552,0x33333552,0x33335552,0x33335529,0x33335529,
    0x55333333,0x55533333,0x25533333,0x25533333,0x25533333,0x25553333,0x92553333,0x92553333,
    0x44444442,0x44444442,0x44444444,0x44444444,0x44444444,0x44444444,0x44444444,0x44444444,
    0x5656D444,0x5565D444,0x5656D444,0x6555D444,0x5656D444,0x6565D444,0x5656D444,0x6565D444,
    0x56565656,0x65656565,0x56565656,0x65656565,0x56785666,0x65476565,0x56565656,0x65656565,
    0x26565674,0x25656574,0x26565674,0x25656574,0x27865674,0x24756574,0x26565674,0x25656574,
    0x66666666,0x54545454,0x45444444,0x44457443,0x45435444,0x44444444,0x45444444,0x44444443,
    0x66666666,0x55555454,0x55454545,0x55745444,0x53554545,0x54545454,0x55454545,0x54545444,
    0x66666666,0x65655555,0x56555555,0x75555554,0x56565555,0x55555555,0x56555555,0x55555554,
    0x66666666,0x65666565,0x56565656,0x65656555,0x56565653,0x55656565,0x56565656,0x65656555,
    0x66666666,0x55656565,0x55555656,0x55555575,0x55565356,0x55555555,0x55555656,0x55555555,
    0x66666666,0x54555555,0x45455555,0x54557454,0x45435555,0x44545455,0x45455555,0x54545454,
    0x66666666,0x44545454,0x44444545,0x45744444,0x43554545,0x44444454,0x44444545,0x44444444,
    0x66666666,0x43444444,0x34344444,0x73434343,0x54444444,0x43434344,0x22222444,0xFFFF2243,
    0x66666666,0x33434343,0x33333434,0x33333335,0x33343433,0x33333343,0x33333432,0x33333322,
    0x66666666,0x33433343,0x33333333,0x33333573,0x33333353,0x33333333,0x33333333,0x33333333,
    0xCDCDCD26,0xDCDCDC23,0xCDCDCD23,0xDCDCDC23,0xCDDDCD23,0xDCDCDC23,0xCDCDCD23,0xDCDCDC23,
    0x56565656,0x65656565,0x56565656,0x65656565,0x56665666,0x65656565,0x56565656,0x65656565,
    0x56565674,0x65656574,0x56565674,0x65656574,0x57865674,0x64756574,0x56565674,0x65656574,
    0x44EF5656,0x44EF6565,0x44EF5656,0x44EF6565,0x44EF5666,0x44EF6565,0x44EF5656,0x44EF6565,
    0x33355299,0x33355299,0x33555299,0x33552999,0x35529999,0x55529999,0x55299999,0x52999999,
    0x33333333,0x33333333,0x33333333,0x33333333,0x33333333,0x33333333,0x33333333,0x33333335,
    0x33333333,0x33333333,0x33333333,0x33333333,0x33333333,0x33333333,0x33333333,0x53333333,
    0x99255333,0x99255333,0x99255533,0x99925533,0x99992553,0x99992555,0x99999255,0x99999925,
    0x5656D444,0x6565D444,0x5656D444,0x6565D444,0x5678D444,0x6547D444,0x5656D444,0x6565D444,
    0x56665666,0x65656565,0x66566656,0x77777777,0x44444444,0x65656565,0x66566656,0x65656565,
    0x26665674,0x25656574,0x26566674,0x27777777,0x24444444,0x25656574,0x26566674,0x25656574,
    0x45454444,0x44444444,0x45444444,0x44444443,0x45454444,0x44444444,0x45444444,0x44444443,
    0x55554545,0x22222254,0x88888245,0x89998244,0x89998245,0x89998254,0x88888245,0x88888244,
    0x56565555,0x55555222,0x56555288,0x55555288,0x56565288,0x55555288,0x56555288,0x55555288,
    0x56565656,0x55656565,0x56565656,0x65656555,0x56565656,0x55656565,0x56565656,0x65656555,
    0x55565656,0x55555555,0x55555656,0x55555555,0x55565656,0x55555555,0x55555656,0x55555555,
    0x45454555,0x44545455,0x45455555,0x54545454,0x45454555,0x44545455,0x45455555,0x54545454,
    0x44454545,0x44444454,0x24444545,0x24444444,0x24454545,0x24444454,0x24444545,0x24444444,
    0x5255FF2A,0xA55525F2,0x5A5555F2,0x5A55552F,0x55A5555F,0x55A5555F,0x5555555F,0x555555F2,
    0xEEEAE2FF,0xEEEE2F52,0xEEE22F55,0xEEE2F255,0xEEE2F555,0xEEE2F555,0xEEE2F555,0xEEE22F55,
    0xCDDDCD23,0xDCDCDC23,0xDDCDDD23,0xFFFFFF23,0xBBBBBB23,0xDCDCDC23,0xDDCDDD23,0xDCDCDC23,
    0x56665674,0x65656574,0x66566674,0x77777777,0x44444444,0x65656574,0x66566674,0x65656574,
    0x44EF5666,0x44EF6565,0x44EF6656,0x44EF7777,0x44EF4444,0x44EF6565,0x44EF6656,0x44EF6565,
    0x42DDDDDD,0x2DDDDDDD,0xDDDDDDDD,0xDDDDDDDD,0xDDDDDDDD,0xDDDDDDDD,0xDDDDDDDD,0xDDDDDDDD,
    0x33333355,0x33333555,0x33335552,0x33355529,0x35555299,0x55522999,0x55299999,0x22999999,
    0x33333333,0x33333333,0x33333333,0x33333333,0x33333333,0x33333333,0x33333355,0x33335555,
    0x33333333,0x33333333,0x33333333,0x33333333,0x33333333,0x33333333,0x55333333,0x55553333,
    0x55333333,0x55533333,0x25553333,0x92555333,0x99255553,0x99922555,0x99999255,0x99999922,
    0xDDDDDD24,0xDDDDDDD2,0xDDDDDDDD,0xDDDDDDDD,0xDDDDDDDD,0xDDDDDDDD,0xDDDDDDDD,0xDDDDDDDD,
    0x5666D444,0x6565D444,0x6656D444,0x7777D444,0x4444D444,0x6565D444,0x6656D444,0x6565D444,
    0x66666666,0x65656565,0x66786666,0x65476565,0x66666666,0x65656565,0x66666666,0x65656565,
    0x26666674,0x25656574,0x27866674,0x24756574,0x26666674,0x25656574,0x26666674,0x25656574,
    0x88888245,0x22222254,0x55454545,0x54545444,0x55554545,0x54545454,0x55454545,0x54545444,
    0x56565288,0x55555222,0x56555555,0x55555554,0x56565555,0x55555555,0x56555555,0x55555554,
    0x44454545,0x44444454,0x44444545,0x44444444,0x44454545,0x44444454,0x44444545,0x44444444,
    0x555555F2,0x5555FF2A,0xFFFF22AA,0x22222EAE,0xEAAAAAAA,0xAEAEAEAA,0xEAEAAAAA,0xAEAEAEAE,
    0xEEEA2F55,0xEEEEE2FF,0xEEEEEA22,0xEEEEEEE2,0xEEEAEAEA,0xEEEEEEAE,0xEEEEEAEA,0xEEEEEEEE,
    0xDDDDDD23,0xDCDCDC23,0xDDDDDD23,0xDCDCDC23,0xDDDDDD23,0xDCDCDC23,0xDDDDDD23,0xDCDCDC23,
    0x66666666,0x65656565,0x66666666,0x65656565,0x66666666,0x65656565,0x66666666,0x65656565,
    0x66666674,0x65656574,0x67866674,0x64756574,0x66666674,0x65656574,0x66666674,0x65656574,
    0x44EF6666,0x44EF6565,0x44EF6666,0x44EF6565,0x44EF6666,0x44EF6565,0x44EF6666,0x44EF6565,
    0xBBBBBBBB,0x22BBBBBB,0x662BBBBB,0x542BBBBB,0x442BBBBB,0x432BBBBB,0x442BBBBB,0x442BBBBB,
    0xBBBBBBBB,0x22222222,0x66666666,0x55545454,0x55554545,0x54544574,0x55454354,0x54545444,
    0x35555552,0x22222222,0xAAAAAAAA,0xA8A8A888,0x8A8A8888,0xA888A888,0x8A878888,0xA888888C,
    0x33333333,0x22222222,0xAAAAAAAA,0x8888A8A8,0x888A8A8A,0x88A888A8,0x87888A8A,0x88888888,
    0x33333333,0x22222222,0xAAAAAAAA,0x8C8C8888,0xC8C8C888,0xAC8C8C88,0x88C8C888,0xCCCC8C8C,
    0x25555553,0x22222222,0xAAAAAAAA,0xCCCCCCCC,0x7CCCCCC8,0xC7C7CCC8,0x7C7CCCC7,0xC7C7CCCC,
    0xBBBBBBBB,0x22222222,0x66666666,0x43334343,0x33333434,0x33333573,0x33333354,0x33333333,
    0xBBBBBBBB,0xBBBBB222,0xBBBB2666,0xBBBB2333,0xBBBB2333,0xBBBB2333,0xBBBB2333,0xBBBB2333,
    0x6666D444,0x6565D444,0x6678D444,0x6547D444,0x6666D444,0x6565D444,0x6666D444,0x6565D444,
    0x22222222,0xDDDDDDDD,0x99999999,0xA9A9A9A9,0x9AAA9AAA,0xA9A9A9A9,0xAA9AAA9A,0xA9A9A9A9,
    0x22222222,0x2DDDDDDD,0x29999999,0x29A9A9A9,0x2AAA9AAA,0xA9A9A9A9,0xAA9AAA9A,0xA9A999A9,
    0x45457444,0x44435444,0x45444444,0x44444443,0x33333333,0x22222222,0xCCECCCEC,0xCECECECE,
    0x55754545,0x53545454,0x55454545,0x54545444,0x33333333,0x22222222,0xCCECCCEC,0xCECECECE,
    0x76565555,0x55555555,0x56555555,0x55555554,0x33333333,0x22222222,0xCCECECEC,0xCECECEEE,
    0x56565655,0x55656563,0x56565656,0x65656555,0x33333333,0x22222222,0xCCECCCEC,0xCECECECE,
    0x55565576,0x55555355,0x55555656,0x55555555,0x33333333,0x22222222,0xCCECCCEC,0xCECECECE,
    0x45457555,0x44535455,0x45455555,0x54545454,0x33333333,0x22222222,0xCCECCCEE,0xCECECECE,
    0x45754545,0x43544454,0x44444545,0x44444444,0x33333333,0x22222222,0xCCECCCEC,0xCECECECE,
    0x74444444,0x53434344,0x34344444,0x43434343,0x33333333,0x22222222,0xCCECCCEC,0xCECECECE,
    0x33343435,0x33333343,0x33333434,0x33333333,0x33333333,0x22222222,0xCCECCCEC,0xCECECECE,
    0x33333573,0x33333353,0x33333333,0x33333333,0x33333333,0x22222222,0xCCECCCEC,0xCECECECE,
    0x22222223,0xFFFFFF23,0xEEEEEE23,0xCECECE23,0xECCEEC23,0xCECEEEC2,0xCCECECEC,0xCECECECE,
    0x22222222,0xDDDDDDDD,0x99999999,0xA9A9A9A9,0x9AAA9AA9,0xA9A9A9A9,0xAA9AAA99,0xA9A9A9A9,
    0x22222222,0xDDDDDDDD,0x99999999,0xA9A9A9A9,0x9AA99AAA,0xA999A9A9,0xAA9AAA9A,0xA9A9A9A9,
    0x44222222,0x432FFFFF,0x442EEEEE,0x442ECECE,0x332CECCC,0x22CECECE,0xCCECCCEC,0xCECECECE,
    0x55554575,0x54544354,0x55454544,0x54545444,0x33333333,0x22222222,0xCCECECEC,0xCECECECE,
    0x56557555,0x65535555,0x56555555,0x65555554,0x33333333,0x22222222,0xCCECCCEC,0xCECECECE,
    0x55765656,0x53555565,0x55555656,0x55555555,0x33333333,0x22222222,0xCCECCCEC,0xCECECECE,
    0x75454555,0x54545455,0x45454555,0x44445454,0x33333333,0x22222222,0xCCECCCEE,0xCECECECE,
    0x34444445,0x43434443,0x34344444,0x43434444,0x33333333,0x22222222,0xCCECCCEC,0xCECECECE,
    0x33333574,0x33333353,0x33333434,0x33333333,0x33333333,0x22222222,0xCCECCCEC,0xEECECECE,
    0x22222333,0xFFFF2333,0xEEEE2333,0xCECE2333,0xECCC2333,0xCECEC222,0xCCECCCEC,0xCECECECE,
    0x22222222,0xDDDDDDDD,0x99999999,0xA9A9A9A9,0x9A9A9AAA,0xA9A9A9A9,0xAA9AAA9A,0xA9A9A9A9,
    0x22222222,0xDDDDDDDD,0x99999999,0xA9A9A9A9,0x9AAA9AAA,0xA9A9A9A9,0xAA9A9A9A,0xA999A9A9,
    0x99999999,0xCB9CBCCB,0xAAAAA9AA,0xA9A9A9A9,0xAAAAAAAA,0xA9AAA9AA,0xAAAAAAAA,0xAAA9AAA9,
    0x99999999,0xBCCBCCBC,0xAAAAAAAA,0xA9A9A9A9,0xAAAAAAAA,0xA9AAA9AA,0xAAAAAAAA,0x9AA9AAA9,
    0x99999999,0xCCBCCBCC,0xAAAAAAAA,0xA9A9A9A9,0xAA9AAAAA,0xA9AA99AA,0xAAAAAA9A,0xAAA9AAA9,
    0x99999999,0xCBC9BCCB,0xAAAAA9AA,0xA9A9A9A9,0xAAAAAAAA,0xA9AAA9AA,0xAAAAAAAA,0xAAA9AAA9,
    0x99999999,0xBCCBCCBC,0xAAAAAAAA,0xA9A9A9A9,0xAAAAAAAA,0xA9AAA9AA,0xAAAAAAAA,0xAAA9AAA9,
    0x99999999,0xCCBCCBCC,0xAAAAAAAA,0xA9A9A9A9,0xA9AAAAAA,0xA9A9A9AA,0xAAAA9AAA,0xAAA9AA99,
    0x99999999,0xCBCC9CCB,0xAAAAAA9A,0xA9A9A9A9,0xAAAAAAAA,0xA9AAA9AA,0xAAAAAAAA,0xAAA9AAA9,
    0x99999999,0xCCBCCBCC,0xAAAAAAAA,0xA9A9A9A9,0x9AAAAAAA,0xA9AAA9AA,0xAA9AAAAA,0xAAA99AA9,
    0x99999999,0xCBCCB9CB,0xAAAAAA9A,0xA9A9A9A9,0xAAAAAAAA,0xA9AAA9AA,0xAAAAAAAA,0xAAA9AAA9,
    0x99999999,0xCCBCCBCC,0xAAAAAAAA,0xA9A9A9A9,0x9AAAAAAA,0x99AAA9AA,0xA9AAAAAA,0xA9A9AAA9,
    0x99999999,0xCBCCBC9B,0xAAAAAAA9,0xA9A9A9A9,0xAAAAAAAA,0xA9AAA9AA,0xAAAAAAAA,0xAAA9AAA9,
    0x99999999,0xCCBCCBCC,0xAAAAAAAA,0xA9A9A9A9,0xAAAAAAAA,0xA9AAA9AA,0xAAAAAAAA,0xAAA9AAA9,
    0x99999999,0xCBCCBCC9,0xAAAAAAA9,0xA9A9A9A9,0xAAAAAAA9,0xA9AAA9A9,0xAAAAAAA9,0xAAA9AAA9,
    0x99999999,0x9CBCCBCC,0xAAAAAAAA,0xA9A9A9A9,0xAAAAAAAA,0xA9AAA9AA,0xAAAAAAAA,0xAAA9AAA9,
    0x99999999,0xCBCCBCCB,0xAAAAAAA9,0xA9A9A9A9,0xAAAAAA9A,0xA9AAA99A,0xAAAAA9AA,0xAAA9A9A9,
    0x99999999,0xC9BCCBCC,0x9AAAAAAA,0xA9A9A9A9,0xAAAAAAAA,0xA9AAA9AA,0xAAAAAAAA,0xAAA9AAA9,
    0x99999999,0xCBCCBCCB,0xAAAAAAAA,0xA9A9A9A9,0xAAAAAA9A,0xA9AAA9AA,0xAAAA9AAA,0xAA99AAA9,
    0x99999999,0xCC9CCBCC,0x9AAAAAAA,0xA9A9A9A9,0xAAAAAAAA,0xA9AAA9AA,0xAAAAAAAA,0xAAA9AAA9,
    0x99999999,0xCBCCBCCB,0xAAAAAAAA,0xA9A9A9A9,0xAAAAA9AA,0xA9A9A9AA,0xAA9AAAAA,0x9AA9AAA9,
    0x99999999,0xCCB9CBCC,0xA9AAAAAA,0xA9A9A9A9,0xAAAAAAAA,0xA9AAA9AA,0xAAAAAAAA,0xAAA9AAA9,
    0x99999999,0xCBCCBCCB,0xAAAAAAAA,0xA9A9A9A9,0xAAAA9AAA,0xA99AA9AA,0x9AAAAAAA,0xAAA9AAA9,
    0x99999999,0xBCCBCCBC,0xAAAAAAAA,0xA9A9A9A9,0xAAAAAAAA,0xA9AAA9AA,0xAAAAAAAA,0xAAA9AA99,
    0x99999999,0xCCBC9BCC,0xA9AAAAAA,0xA9A9A9A9,0xAAAAAAAA,0xA9AAA9AA,0xAAAAAAAA,0xAAA9AAA9,
    0xAAAAAAAA,0xAAAAAAAA,0x99999999,0xC9CCBCCB,0xAAA9AAAA,0xAAAAA9AA,0xAAAAAAAA,0xAAAAAAAA,
    0xAA9AAAAA,0xAAAAA9AA,0x99999999,0xBCCBCCBC,0xAAAAAAAA,0xAAAAAAAA,0xAAAAAAAA,0xAAAAAAAA,
    0xAAAAAAAA,0xAAAAAAAA,0x99999999,0xCCBCCBCC,0xAAAAAAAA,0xAAAAAAAA,0xAAAAAAAA,0xAAAAAAAA,
    0xAAAAAAAA,0xAAAAAAAA,0x99999999,0xCBCCBCCB,0xAAAAAAAA,0x9AAAAAAA,0xAA9AAAAA,0xAAA9AAAA,
    0x9AAAAAAA,0xA9AAAAAA,0x99999999,0xBCCBC9BC,0xAAAAAA9A,0xAAAAAAAA,0xAAAAAAAA,0xAAAAAAAA,
    0xAAAAAAAA,0xAAAAAAAA,0x99999999,0xCBCCBCCB,0xAAAAAAAA,0xAAAAAAAA,0xAAAAAAAA,0xAAAAAAAA,
    0xAAAAAAAA,0xAAAAAAAA,0x99999999,0x9CCBCCBC,0xA9AAAAAA,0xAA9AAAAA,0xAAA9AAAA,0xAAAA9AAA,
    0xAAAAA9AA,0xAAAAAA9A,0x99999999,0xCCBCCBCC,0xAAAAAAAA,0xAAAAAAAA,0xAAAAAAAA,0xAAAAAAAA,
    0xAAAAAAAA,0xAAAAAAAA,0x99999999,0xBCCBCCBC,0xAAAAAAAA,0xAAAAAAAA,0xAAAAAAAA,0xAAAAAAAA,
    0xAA9AAAAA,0xAA9AAAAA,0x99999999,0xCCBC9BCC,0xAAAA9AAA,0xAAAAA9AA,0xAAAAA9AA,0xAAAAAA9A,
    0xAAAAAAA9,0xAAAAAAA9,0x99999999,0xCBCCBCC9,0xAAAAAAA9,0xAAAAAAA9,0xAAAAAAA9,0xAAAAAAA9,
    0xAAAA9AAA,0xAAAA9AAA,0x99999999,0xCB9CBCCB,0xAA9AAAAA,0xA9AAAAAA,0xA9AAAAAA,0x9AAAAAAA,
    0xA9AAAAAA,0x9AAAAAAA,0x99999999,0xCBCCBCCB,0xAAAAAAAA,0xAAAAAAAA,0xAAAAAAAA,0xAAAAAAAA,
    0xAAAAAAAA,0xAAAAAAAA,0x99999999,0xBCCBCC9C,0xAAAAA9AA,0xAAAA9AAA,0xAAA9AAAA,0xAA9AAAAA,
    0xAAAAAA9A,0xAAAAA9AA,0x99999999,0xB9CBCCBC,0x9AAAAAAA,0xAAAAAAAA,0xAAAAAAAA,0xAAAAAAAA,
    0xAAAAAAAA,0xAAAAAAAA,0x99999999,0xCCBCCBCC,0xAAAAAAAA,0xAAAAAA9A,0xAAAA9AAA,0xAAA9AAAA,
    0xAAAA9AAA,0xA9AAAAAA,0x99999999,0xBCCBCCBC,0xAAAAAAAA,0xAAAAAAAA,0xAAAAAAAA,0xAAAAAAAA,
    0xAAAAAAAA,0xAAAAAAAA,0x99999999,0xCCBCC9CC,0xAAA9AAAA,0xA9AAAAAA,0xAAAAAAAA,0xAAAAAAAA,
    0xAAABAAAB,0xAAAAAAAA,0xABAAABAA,0xAAAAAAAA,0xABABABAB,0xAAAAAAAA,0x99999999,0xCBCCBCCB,
    0xAAABAAAB,0xAAAAAAAA,0xABAAABAA,0xAAAAAAAA,0xABABABAB,0xAAAAAAAA,0x99999999,0x9CCBCCBC,
    0xAAABAAAB,0xAAAAAAAA,0x9BAAABAA,0xAA9AAAAA,0xABA9ABAB,0xAAAAA9AA,0x99999999,0xCCBCCBCC,
    0xAAABA9AB,0xAAAAAA9A,0xABAAABAA,0xAAAAAAAA,0xABABABAB,0xAAAAAAAA,0x99999999,0xCBCCBCCB,
    0xAAABAAAB,0xAAAAAAAA,0xABAAABAA,0xAAAAAAAA,0xABABABAB,0xAAAAAAAA,0x99999999,0xBCCBCCBC,
    0xAAABAAAB,0xAAAAAAAA,0xABAAABAA,0xAAAAAAAA,0xABABABAB,0xAAAAAAAA,0x99999999,0xCCBCCBCC,
    0xAAABAAAB,0xAAAAAAAA,0x9BAAABAA,0xA9AAAAAA,0xAB9BABAB,0xAAA9AAAA,0x99999999,0xCBCCB9CB,
    0xAAABAA9B,0xAAAAAAA9,0xABAAABAA,0xAAAAAAAA,0xABABABAB,0xAAAAAAAA,0x99999999,0xBCCBCCBC,
    0xAAABAAAB,0xAAAAAAAA,0xABAAABAA,0x9AAAAAAA,0x9BABABAB,0xA9AAAAAA,0x99999999,0xBC9BCCBC,
    0xAAABAA9B,0xAAAAAAA9,0xABAAABA9,0xAAAAAAAA,0xABABABAB,0xAAAAAAAA,0x99999999,0xCCBCCBCC,
    0xAAABAAA9,0xAAAAAAA9,0xABAAABA9,0xAAAAAAA9,0xABABABA9,0xAAAAAAA9,0x99999999,0xCBCCBCC9,
    0x9AABAAAB,0xAAAAAAAA,0xABAAABAA,0xAAAAAAAA,0xABABABAB,0xAAAAAAAA,0x99999999,0xCBCCBCCB,
    0xAAABAAAB,0xAAAAAAA9,0xABAAABA9,0xAAAAAA9A,0xABABAB9B,0xAAAAA9AA,0x99999999,0xBCCB9CBC,
    0x9AABAAAB,0xAAAAAAAA,0xABAAABAA,0xAAAAAAAA,0xABABABAB,0xAAAAAAAA,0x99999999,0xBCCBCCBC,
    0xAAABAAAB,0xAAAAAAA9,0xABAAAB9A,0xAAAAA9AA,0xABAB9BAB,0xAAA9AAAA,0x99999999,0xC9BCCBCC,
    0xA9ABAAAB,0x9AAAAAAA,0xABAAABAA,0xAAAAAAAA,0xABABABAB,0xAAAAAAAA,0x99999999,0xCCBCCBCC,
    0xAAABAAAB,0xAAAAAAAA,0xABAAAB9A,0xAAAA9AAA,0xABA9ABAB,0xA9AAAAAA,0x99999999,0xCBCCBCCB,
    0xAAABAAAB,0xAAAAAAAA,0xABAAABAA,0xAAAAAAAA,0xABABABAB,0xAAAAAAAA,0x99999999,0xBCCBCC9C,
    0xABABABAB,0xAABAAABA,0xABABABAB,0xBAAABAAA,0xA9ABABAB,0xBA9ABABA,0xABAB9BAB,0xBABABA9A,
    0xAB9BABAB,0xAABA9ABA,0xABABA9AB,0xBAAABAA9,0xABABABAB,0xBABABABA,0xABABABAB,0xBABABABA,
    0xABABABAB,0xAABAAABA,0xABABABAB,0xBAAABAAA,0xABABABAB,0xBABABABA,0xABABABAB,0xBABABABA,
    0xABABABAB,0x9ABAAABA,0xA9ABABAB,0xBA9ABAAA,0xABA9ABAB,0xBABA9ABA,0xABABA9AB,0xBABABA9A,
    0xABABAB9B,0xAABAAABA,0xABABABAB,0xBAAABAAA,0xABABABAB,0xBABABABA,0xABABABAB,0xBABABABA,
    0xABA9ABAB,0xAAB9AABA,0xABAB9BAB,0xBAAA9AAA,0xABABA9AB,0xBABAB9BA,0xABABAB9B,0xBABABAB9,
    0xABABABA9,0xAABAAAB9,0xABABABA9,0xBAAABAA9,0xABABABA9,0xBABABAB9,0xABABABA9,0xBABABAB9,
    0xABA9ABAB,0xAAB9AABA,0xAB9BABAB,0xBA9ABAAA,0xA9ABABAB,0xB9BABABA,0x9BABABAB,0xBABABABA,
    0xABABABAB,0xAABAAABA,0xABABABAB,0xBAAABAAA,0xABABABAB,0xBABABABA,0xABABABAB,0xBABABAB9,
    0x9BABABAB,0xAABAAABA,0xABABABAB,0xBAAABAAA,0xABABABAB,0xBABABABA,0xABABABAB,0xBABABABA,
    0xABABABAB,0xAABAAA9A,0xABABA9AB,0xBAAA9AAA,0xABA9ABAB,0xBA9ABABA,0xA9ABABAB,0x9ABABABA,
    0xABAB9BAB,0xAA9AAABA,0xA9ABABAB,0xBAAABAAA,0xABABABAB,0xBABABABA,0xABABABAB,0xBABABABA,
    0xABABABAB,0xAABAAABA,0xABABABAB,0xBAAABAA9,0xABABA9AB,0xBABA9ABA,0xAB9BABAB,0x9ABABABA,
    0xABABABA9,0xBABABABA,0xABABABAB,0xBABABABA,0x99999999,0xCBCCBCCB,0xBBABBBAB,0xBABABABA,
    0xABABABAB,0xBABABABA,0xABABABAB,0xBABABABA,0x99999999,0xBCCBCCBC,0xBBABBBAB,0xBABABABA,
    0xABABABAB,0xBABABABA,0xABABABAB,0xBABABABA,0x99999999,0xCCBCCBCC,0xBBABBBAB,0xBABABABA,
    0xABABABAB,0xBABABABA,0xABABABAB,0xBABABABA,0x99999999,0xCBCCBCCB,0xBBABBBAB,0xBABABABA,
    0xABABABAB,0x9ABABABA,0xA9ABABAB,0xBAB9BABA,0x99999999,0xBCCBC9BC,0xBBABBB9B,0xBABABAB9,
    0xABABABA9,0xBABABABA,0xABABABAB,0xBABABABA,0x99999999,0xCCBCCBCC,0xBBABBBAB,0xBABABABA,
    0xABABABAB,0x9ABABABA,0x9BABABAB,0xB9BABABA,0x99999999,0xCB9CBCCB,0xBB9BBBAB,0xBAB9BABA,
    0xABABABA9,0xBABABABA,0xABABABAB,0xBABABABA,0x99999999,0xBCCBCCBC,0xBBABBBAB,0xBABABABA,
    0xABABABA9,0xBABABAB9,0xABABABA9,0xBABABAB9,0x99999999,0xCBCCBCC9,0xBBABBBA9,0xBABABAB9,
    0xABABABA9,0xBABABA9A,0xABABAB9B,0xBABAB9BA,0x99999999,0xCCBC9BCC,0xBBAB9BAB,0xBAB9BABA,
    0xABABABA9,0xBABABA9A,0xABABA9AB,0xBAB9BABA,0x99999999,0xB9CBCCBC,0x9BABBBAB,0xBABABABA,
    0xABABABAB,0xBABABABA,0xABABABAB,0xBABABABA,0x99999999,0xCCBCCBCC,0xBBABBBAB,0xBABABAB9,
};
static const u16 fz_scene_extract_map[600] GFX_FUSION_UNUSED = {
    0x3000,0x3000,0x3000,0x3000,0x3000,0x3000,0x4001,0x4002,0x4003,0x4004,0x4004,0x4004,0x4004,0x4002,0x4003,
    0x4004,0x4004,0x4004,0x4004,0x4002,0x4003,0x4004,0x4004,0x4005,0x3000,0x3000,0x3000,0x3000,0x3000,0x3000,
    0x4006,0x4007,0x4006,0x4007,0x4006,0x4007,0x4008,0x4009,0x400A,0x4007,0x4006,0x4007,0x4006,0x400B,0x400A,
    0x4007,0x4006,0x4007,0x4006,0x400B,0x400A,0x4007,0x4008,0x400C,0x4006,0x4007,0x4006,0x4007,0x4006,0x4007,
    0x300D,0x300E,0x300F,0x300F,0x300F,0x4010,0x4011,0x4012,0x5013,0x300F,0x300F,0x300F,0x300F,0x300F,0x300D,
    0x300E,0x300F,0x3014,0x3015,0x3015,0x3015,0x6016,0x7017,0x7018,0x6019,0x3015,0x3015,0x3015,0x301A,0x300E,
    0x301B,0x301C,0x301B,0x301B,0x601D,0x401E,0x401F,0x4020,0x4021,0x6022,0x301B,0x301B,0x301B,0x301B,0x301B,
    0x301C,0x301B,0x3023,0x3024,0x3024,0x3024,0x3025,0x7026,0x7027,0x3028,0x3024,0x3024,0x3024,0x3029,0x301C,
    0x302A,0x302B,0x302C,0x602D,0x602E,0x602F,0x3030,0x3030,0x3030,0x6031,0x6032,0x302C,0x302C,0x302C,0x302A,
    0x302B,0x302C,0x3033,0x3024,0x3024,0x3024,0x3034,0x7035,0x7036,0x3037,0x3024,0x3024,0x3024,0x3038,0x302B,
    0x3039,0x303A,0x303B,0x603C,0x603D,0x603E,0x3030,0x3030,0x3030,0x3030,0x603F,0x3040,0x3039,0x3039,0x3039,
    0x303A,0x3039,0x3041,0x3024,0x3024,0x3024,0x7042,0x7043,0x7044,0x7045,0x3024,0x3024,0x3024,0x3046,0x303A,
    0x3047,0x3048,0x6049,0x604A,0x604B,0x3030,0x3030,0x3030,0x3030,0x3030,0x604C,0x604D,0x304E,0x304E,0x3047,
    0x3048,0x304E,0x304F,0x3024,0x6050,0x7051,0x7052,0x7000,0x7000,0x7053,0x7054,0x6055,0x3024,0x3056,0x3048,
    0x3057,0x3058,0x6059,0x3030,0x3030,0x3030,0x3030,0x3030,0x3030,0x3030,0x3030,0x605A,0x3057,0x3057,0x3057,
    0x3058,0x3057,0x305B,0x3024,0x705C,0x705D,0x7000,0x7000,0x7000,0x7000,0x705E,0x705F,0x3024,0x3060,0x3058,
    0x3061,0x3062,0x6063,0x6064,0x3030,0x3030,0x3030,0x3030,0x3030,0x3030,0x6065,0x6066,0x3067,0x3067,0x3061,
    0x3062,0x3067,0x3068,0x3069,0x706A,0x7000,0x7000,0x7000,0x7000,0x7000,0x7000,0x706B,0x306C,0x306D,0x3062,
    0x306E,0x306F,0x3070,0x6071,0x3030,0x3030,0x3030,0x3030,0x3030,0x6072,0x6073,0x3074,0x3075,0x3075,0x306E,
    0x306F,0x3075,0x3076,0x3034,0x7077,0x7000,0x7000,0x7000,0x7000,0x7000,0x7000,0x7036,0x3037,0x3078,0x306F,
    0x3079,0x307A,0x307B,0x607C,0x607D,0x307E,0x307E,0x307E,0x307E,0x607F,0x6080,0x307B,0x3081,0x3079,0x3079,
    0x307A,0x3079,0x3082,0x3083,0x7084,0x7000,0x7000,0x7000,0x7000,0x7000,0x7000,0x7085,0x3086,0x3087,0x307A,
    0x3088,0x3089,0x408A,0x408B,0x408C,0x408D,0x408E,0x408F,0x4090,0x4091,0x4092,0x4093,0x4094,0x3095,0x3088,
    0x3096,0x3095,0x3097,0x3024,0x7098,0x7099,0x7000,0x7000,0x7000,0x7000,0x709A,0x709B,0x3024,0x309C,0x3096,
    0x309D,0x309E,0x409F,0x40A0,0x40A1,0x40A2,0x40A3,0x40A4,0x40A5,0x60A6,0x60A7,0x4000,0x40A8,0x309D,0x309D,
    0x30A9,0x309D,0x30AA,0x3024,0x60AB,0x70AC,0x70AD,0x7000,0x7000,0x70AE,0x70AF,0x60B0,0x3024,0x30B1,0x30A9,
    0x30B2,0x30B3,0x409F,0x40B4,0x40B5,0x40A2,0x40A3,0x40A4,0x40B6,0x60B7,0x60B8,0x4000,0x40B9,0x30BA,0x30B2,
    0x30BB,0x30BA,0x30BC,0x3024,0x40BD,0x40BE,0x70BF,0x70C0,0x70C1,0x70C2,0x40C3,0x40C4,0x3024,0x30C5,0x30BB,
    0x30C6,0x30C7,0x40C8,0x40C9,0x40CA,0x40CB,0x40CC,0x40CD,0x40CE,0x40CF,0x40D0,0x40D1,0x40D2,0x30C6,0x30C6,
    0x30D3,0x30C6,0x30D4,0x30C6,0x40D5,0x40D6,0x40D7,0x40D8,0x40D9,0x40DA,0x40DB,0x40DC,0x30DD,0x30DE,0x30C6,
    0x30DF,0x30E0,0x30E1,0x30E2,0x30E3,0x30E4,0x30E5,0x30E3,0x30E6,0x30E7,0x30E3,0x30E8,0x30E9,0x30E3,0x30EA,
    0x30EB,0x30E3,0x30EC,0x30ED,0x30E3,0x30EE,0x30EF,0x30E3,0x30F0,0x30F1,0x30E3,0x30F2,0x30F3,0x30F4,0x30F5,
    0x30F6,0x30F7,0x30F8,0x30F9,0x30FA,0x30F8,0x30FB,0x30FC,0x30FD,0x30FB,0x30FE,0x30FF,0x30FB,0x30FE,0x30F8,
    0x3100,0x30FE,0x30F8,0x3101,0x30FE,0x30F8,0x3102,0x3103,0x30F8,0x30FB,0x3104,0x3105,0x30FB,0x3106,0x3107,
    0x3108,0x3109,0x310A,0x310B,0x310C,0x310D,0x310E,0x310F,0x310D,0x3108,0x3110,0x3111,0x3108,0x310C,0x310D,
    0x3112,0x310C,0x310D,0x3113,0x3114,0x310D,0x3108,0x3115,0x3116,0x3108,0x310C,0x3117,0x3118,0x3119,0x310D,
    0x311A,0x311B,0x311C,0x311C,0x311C,0x311D,0x311E,0x311C,0x311C,0x311C,0x311F,0x311C,0x311C,0x311C,0x311C,
    0x3120,0x311C,0x311C,0x311C,0x3121,0x3122,0x311C,0x311C,0x3123,0x3124,0x311C,0x311C,0x311C,0x3125,0x3126,
    0x3127,0x3128,0x3129,0x312A,0x312B,0x312C,0x312A,0x3128,0x3129,0x312D,0x312E,0x3129,0x312A,0x3128,0x3129,
    0x312F,0x3128,0x3129,0x312A,0x3128,0x3130,0x312A,0x3128,0x3129,0x312A,0x3131,0x3132,0x312A,0x3128,0x3129,
};
static const u32 fz_scene_loom_tiles[289 * 8] GFX_FUSION_UNUSED = {
    0x33333333,0x33333333,0x33333333,0x33333333,0x33333333,0x33333333,0x33333333,0x33333333,
    0x22222222,0xA9A22222,0xAAAA9222,0x2AA9A222,0x332AAA22,0x333AA922,0x3332AA22,0x3332A922,
    0x22222222,0x222229AA,0x222AAAAA,0x2229AAA2,0x229AA233,0x22A9A333,0x229A2333,0x22992333,
    0x22222222,0x22222222,0x22222222,0x22222222,0x22222222,0x22222222,0x55555556,0x33333333,
    0x22222222,0x22222222,0x22222222,0x22222222,0x22222222,0x22222222,0x55555555,0x33333333,
    0x22222222,0x22222222,0x22222222,0x22222222,0x62222222,0x76722222,0x77672556,0x77767233,
    0x22222222,0x76222222,0x77676222,0x76767672,0x77777777,0x47777676,0x44447777,0x43434377,
    0xFFF54422,0xFF244326,0x25444267,0x44433276,0x34322777,0x22244357,0x44344435,0x43434343,
    0x22454FFF,0x624442FF,0x67244542,0x66234344,0x67722434,0x74444222,0x55444444,0x44434343,
    0x22222222,0x22222266,0x22266666,0x25656666,0x56666767,0x65666675,0x66675543,0x66545444,
    0x22222222,0x22222222,0x22222222,0x22222222,0x22222226,0x22222565,0x55525656,0x33256565,
    0x22222222,0xCBCBCBFB,0xBCBCBCFB,0x22222222,0x9A9A9A9A,0xAAAAAAAA,0x9A9A9A9A,0x98989898,
    0x22222222,0xCB2222CB,0xB255552C,0x22656522,0x9267672A,0xA266662A,0x9256562A,0x92545428,
    0x22222222,0xCBCBCBCB,0xBCBCBCBC,0x22222222,0x9A9A9A9A,0xAAAAAAAA,0x9A9A9A9A,0x98989898,
    0x22222222,0xCBCBCBCB,0xBFBCBCBC,0x22222222,0x9A9A9A9A,0xAAAAAAAA,0x9A9A9A9A,0x98989898,
    0x22222222,0xFBFBCBFB,0xBFBFBFFC,0x22222222,0x9A9A9A9A,0xAAAAAAAA,0x9A9A9A9A,0x98989898,
    0x22222222,0x2BFBFBFB,0x62BFCFBF,0x72222222,0x772A9A9A,0x7672AAAA,0x77672A9A,0x77767298,
    0x77777722,0x47777676,0x44477777,0x43437776,0x34445777,0x33433577,0x24343447,0x32334343,
    0x89898999,0x28989898,0x22288989,0x88222888,0x33382229,0x33338822,0x34333382,0x43333338,
    0x22222989,0x88882222,0x33333888,0x33333333,0x34343434,0x43434343,0x44343434,0x43434343,
    0x99922222,0x22228888,0x88833333,0x33333333,0x34343434,0x33434343,0x34343434,0x43434343,
    0xAAAA9A99,0xA9A99992,0xAA999222,0xA9922288,0x92228334,0x22883333,0x28333434,0x83333333,
    0x22565667,0x55656565,0x56566555,0x55655554,0x55765555,0x63555454,0x56555542,0x65545423,
    0x22222222,0xFBFBFBF2,0xBFBFCF25,0x22222225,0x9A9A9256,0xAAAA2555,0x9A925556,0x98245555,
    0x22222222,0xCBFBCBFB,0xBFBFBFBF,0x22222222,0x9A9A9A9A,0xAAAAAAAA,0x9A9A9A9A,0x98989898,
    0x22222222,0xCBCBCBFB,0xBCBCBFFC,0x22222222,0x9A9A9A9A,0xAAAAAAAA,0x9A9A9A9A,0x98989898,
    0x88888888,0x22222222,0xCCBCCCFB,0xCBCBCBFB,0xCCCCCCFB,0xCBCBCBFB,0xCCBCCCFB,0xCBCBCBFB,
    0x82444428,0x22333322,0xC233332C,0xCB2222CB,0xCCCCCCCC,0xCBCBCBCB,0xCCBCCCBC,0xCBCBCBCB,
    0x88888888,0x22222222,0xCCBCCCBC,0xCBCBCBCB,0xCCCCCCCC,0xCBCBCBCB,0xCCBCCCBC,0xCBCBCBCB,
    0x82999928,0x22888822,0xD288882D,0xDC2222DC,0xDDDEDDDD,0xDCDCDCDC,0xDECDDDCD,0xDCDCDCDC,
    0x88888888,0x22222222,0xDECEDECD,0xECDCDCDC,0xDEDEDEDE,0xECECDCDC,0xDECEDECD,0xECDCDCDC,
    0x88888888,0x22222222,0xEECEDEED,0xECECECFC,0xEEEEDEED,0x2CECECFC,0x2ECEEEED,0x2CECECFC,
    0x77776288,0x47767622,0x4477772F,0x44767662,0x34477762,0x43477676,0x34447767,0x43447676,
    0x88298999,0x38828898,0x33822989,0x33382288,0x34338289,0x43338228,0x34333829,0x43333322,
    0x34343434,0x43434333,0x44443434,0x77777343,0x77777744,0x77777773,0x77777774,0x77777773,
    0x44444444,0x44444444,0x43333344,0x44444437,0x45454577,0x54545777,0x55555777,0x55545777,
    0x44444444,0x43444444,0x44333334,0x33444444,0x45454545,0x44545454,0x45455555,0x54545554,
    0x34343444,0x33434343,0x34344444,0x43434344,0x34444443,0x43444334,0x44443345,0x43433444,
    0xABAAA288,0xAAAA2883,0xABA22833,0xAA228333,0xAA283334,0xA2283343,0xA2833434,0x22333343,
    0x882AAAAB,0x22AAAABA,0xE29AABAB,0x29A9AABA,0x2AAAABBB,0x99AAAABA,0x9AAABBAB,0xA9AABABA,
    0x88888888,0x22222222,0xDECEEECE,0xECECECEC,0xDEEEEEEE,0xECECECE2,0xDECEEED2,0xECECECE2,
    0x88888888,0x22222222,0xDECEDEED,0xDCDCDCEC,0xDEDEDEED,0xDCDCDCFC,0xDECEDEED,0xDCDCECEC,
    0x88888888,0x22222222,0xDDCDDDCD,0xDCDCDCDC,0xDDDEDDDE,0xDCDCDCDC,0xDDCDDECD,0xDCDCDCDC,
    0x55555574,0x54545474,0x55555574,0x54545474,0x57855574,0x54755474,0x55555574,0x54545474,
    0x55555555,0x54545454,0x55555555,0x54545454,0x55555555,0x54555455,0x55555555,0x54545454,
    0x55555555,0x54545454,0x55555555,0x54545454,0x55785555,0x54475455,0x55555555,0x54545454,
    0xDDDEDDDD,0xDCDCDCDC,0xDEDDDDDD,0xDCDCDCDC,0xDDDEDDDD,0xDCDDDCDD,0xDEDDDDDD,0xDCDCDCDC,
    0xDEDEDEDE,0xECECDCDC,0xDEDEDEDD,0xECDCDCDC,0xDEEFDEDE,0xECDEDCDD,0xDEDEDEDE,0xECDCECDC,
    0xB2EEEEFD,0xB2ECECFC,0xB2EEEEED,0xB2ECECFC,0xBB2EEEFD,0xBB2DECFC,0xBB2EEEED,0xBB2CECFC,
    0x34447777,0x23444676,0x24457767,0x23435676,0x24444777,0x22444476,0x32444567,0x32434476,
    0x44343382,0x43433382,0x44343438,0x43433338,0x44443438,0x43434333,0x44343433,0x44434333,
    0x77777774,0x77777774,0x77777774,0x77777734,0x77777543,0x55545443,0x55554543,0x55545443,
    0x55555777,0x55555777,0x54445777,0x65654577,0x66665457,0x66656545,0x66666654,0x66666563,
    0x55555556,0x54555555,0x55554446,0x55536565,0x56465666,0x54656566,0x46566666,0x45656666,
    0x44434545,0x44344454,0x43454545,0x43445454,0x35454555,0x34545455,0x35455555,0x34445555,
    0x28343444,0x28333343,0x83343434,0x83334343,0x83343444,0x33334344,0x34343444,0x33334344,
    0x45556656,0x54566562,0x45576652,0x54356562,0x45576652,0x44766522,0x45666623,0x44666523,
    0xDEEEEE2A,0xECECEC29,0xDEDEEE2A,0xECECED29,0xDEFFE29A,0xECDEE299,0xEEEEE299,0xECECE299,
    0x5C5C5C75,0x54C45474,0x5C5C5C75,0x5454C474,0x578C5C75,0x5475C474,0x5C5C5C75,0x5454C474,
    0xDDDEDDDE,0xDCDCDCDC,0xDDDDDEDD,0xDCDCDCDC,0xDDDEDDDE,0xDCDDDCDD,0xDDDDDEDE,0xDCDCDCDC,
    0x55555574,0x54555474,0x55555574,0x55545574,0x55555574,0x55555574,0x55555574,0x55545574,
    0x55555555,0x54555455,0x55555555,0x55545554,0x55555555,0x55555555,0x55555555,0x55545554,
    0xDEDEDDDD,0xDCDDDCDD,0xDEDDDDDD,0xDDDCDDDC,0xDEDEDDDD,0xDDDDDDDD,0xDEDDDDDD,0xDDDCDDDC,
    0xDEDEDEDE,0xECEDDCDD,0xDEDEDEDE,0xEDDCEDDC,0xDEDEDEDE,0xEDEDDDDD,0xDEDEDEDE,0xEDDCEDDC,
    0xBB2EEEFD,0xBB2EECFC,0xBB2EEEED,0xBA2CEDFC,0xBB2EEEFD,0xBA2DEDFC,0xBB2EEEED,0xBA2CEDFC,
    0x32444567,0x32444476,0x32444567,0x32444466,0x32454567,0x32445466,0x22454566,0x24445665,
    0x44443433,0x43434333,0x44443433,0x44434333,0x44443433,0x43434333,0x44343433,0x43434338,
    0x55554543,0x55545454,0x55555544,0x55545443,0x55554543,0x55545443,0x55554543,0x55545443,
    0x67676664,0x76766565,0x77666656,0x76666564,0x67666654,0x66666564,0x66666645,0x65656455,
    0x46666767,0x65666676,0x56666767,0x45656666,0x46666667,0x45656666,0x54566666,0x55456565,
    0x35455556,0x44545555,0x45455556,0x34445555,0x35455556,0x34545455,0x35455555,0x34445455,
    0x34343444,0x33434344,0x34344444,0x33334344,0x34343444,0x33434344,0x34343444,0x83334343,
    0x45676623,0x44766523,0x45676623,0x44766623,0x45776623,0x44766623,0x45676722,0x44467662,
    0xDEEEE29A,0xECEEE299,0xEEEEE299,0xEDECE299,0xDEEEE299,0xEDEDE299,0xEEEEE289,0xEDECE298,
    0xDEDEDEFD,0xDCEDECFC,0xDEDEDEED,0xDDDCEDFC,0xDEDEDEFD,0xDDEDEDFC,0xDEDEDEED,0xDDDCEDFC,
    0xDDDEDEDE,0xDCDDDCDD,0xDDDDDEDE,0xDDDCDDDC,0xDDDEDEDE,0xDDDDDDDD,0xDDDDDEDE,0xDDDCDDDC,
    0x55555574,0x55555574,0x57855574,0x54755574,0x55555574,0x55555574,0x55555574,0x55555574,
    0x55555555,0x55555555,0x55555555,0x55555555,0x55555555,0x55555555,0x55555555,0x55555555,
    0x55555555,0x55555555,0x55785555,0x55475555,0x55555555,0x55555555,0x55555555,0x55555555,
    0xDDDEDDDD,0xDDDDDDDD,0xDEDDDDDD,0xDDDDDDDD,0xDDDEDDDD,0xDDDDDDDD,0xDEDDDDDD,0xDDDDDDDD,
    0xDEDEDEDE,0xEDEDDDDD,0xDEEFDEDD,0xEDCEDDDD,0xDEDEDEDE,0xEDEDDDDD,0xDEDEDEDD,0xEDDDDDDD,
    0xB2EEEEFD,0xB2EDEDFC,0xA2FEEEED,0xB2FDEDFC,0x2EEEEEFD,0x2DEDEDFC,0xA22EEEED,0xA9A2EDFC,
    0x25455766,0x24557665,0x25435666,0x54546665,0x45556666,0x54522222,0x52255555,0x24545555,
    0x44443438,0x43433338,0x44343482,0x43333382,0x34343322,0x43433829,0x3433822A,0x433382A9,
    0x55554534,0x54544434,0x55454344,0x54443443,0x45433444,0x44334343,0x43344434,0x34434343,
    0x56564655,0x64445555,0x56555555,0x55555554,0x55555555,0x54545454,0x55454545,0x54445444,
    0x55545666,0x55554445,0x55555656,0x54545555,0x45555555,0x54545454,0x45454545,0x44445444,
    0x43454555,0x43445455,0x44354545,0x44434454,0x44433545,0x43443344,0x34444335,0x43434443,
    0x83343444,0x83334344,0x28343434,0x28333343,0x22343434,0xB2833343,0xB2283434,0x7B283333,
    0x44476762,0x44577662,0x44357762,0x43447666,0x34457767,0x22222676,0x55555227,0x55555452,
    0xDEEEEE29,0xEDEDED28,0xDEEFEE29,0xEDDEED28,0xDEEEEEE2,0xEDEDEDE2,0xDEDEE22A,0xEDED29A9,
    0x5C5C5C75,0x55C5C574,0x578C5C75,0x5475C574,0x5C5C5C75,0x55C55574,0x5C5C5C75,0x5555C574,
    0xDDDEDDDE,0xDDDDDDDD,0xDDDDDEDD,0xDDDDDDDD,0xDDDEDDDE,0xDDDDDDDD,0xDDDDDEDD,0xDDDDDDDD,
    0x55565574,0x55555574,0x55555574,0x55555574,0x55565574,0x55555574,0x56555674,0x55555574,
    0x55565556,0x55555555,0x55555555,0x55555555,0x55565556,0x55555555,0x56555655,0x55555555,
    0x555C5556,0x55555555,0x55555555,0x55555555,0x55565556,0x55555555,0x56555655,0x55555555,
    0xDEDEDEDE,0xDDEDDDDD,0xDEDEDEDD,0xEDDDDDDD,0xDEDEDEDE,0xDDDDDDDD,0xDEDDDEDD,0xDDDDDDDD,
    0xAAA2DEED,0x2AA92DFC,0x3A9A2EED,0x32A92DEC,0x329A2EED,0x39A92DFC,0x2A992EED,0x9992EDEC,
    0x2AABA22B,0x99A23333,0x9AA33333,0x99233333,0x9A233333,0x99A33333,0x99923333,0x2899A229,
    0x343822AA,0x338229A2,0x3882AAA2,0x882AAAA2,0x82ABABA2,0x2AAABAB2,0xABABABA2,0xBABAA7AA,
    0x44444434,0x43434343,0x44343433,0x43433333,0x34343338,0x33333382,0x34338822,0x3338222A,
    0x45454533,0x43333344,0x44444444,0x44434343,0x44444444,0x43434343,0x34343434,0x33333333,
    0x33454545,0x44333334,0x44444444,0x43434443,0x34444444,0x43434343,0x34343434,0x33333333,
    0x34444444,0x33434344,0x34343434,0x33334343,0x83343434,0x28333343,0x22883434,0x72228333,
    0xB7228334,0x2B722833,0x27B72883,0x277B7288,0x2777B728,0x27777B72,0x297777B7,0x9A77777B,
    0xA22BAAA2,0x33332AA9,0x33333A9A,0x333332A9,0x3333329A,0x333339A9,0x33332A99,0xA2299992,
    0xDEEE2AAB,0xEDE299A2,0xDED29AA3,0xEDE29923,0xDED29A23,0xDDE299A3,0xDED29992,0xEDDD2899,
    0xDEDEDEED,0xDDDDDDFC,0xDEDEDEED,0xDDDDDDEC,0xDEDEDEED,0xDDDDDDFC,0xDEDDDEED,0xDDDDDDEC,
    0x555C555C,0x55555555,0x55555555,0x55555555,0x5556555C,0x55555555,0x56555655,0x55555555,
    0x57865674,0x54755574,0x56555674,0x55555574,0x56565674,0x55555574,0x56565674,0x55555574,
    0x56565656,0x55555555,0x56555655,0x55555555,0x56565656,0x55555555,0x56565656,0x55555555,
    0x56785656,0x55475555,0x56555655,0x55555555,0x56565656,0x55555555,0x56565656,0x55555555,
    0xDEEFDDDE,0xDDCEDDDD,0xDEDDDDDD,0xDDDDDDDD,0xDDDEDDDD,0xDDDDDDDD,0xDEDDDDDD,0xDDDDDDDD,
    0x9982DEED,0x822DDDFC,0x2EDEDEED,0xEDDDDDEC,0xDEDEDEED,0xDDEDDDEC,0xDEDEDEEC,0xDDDDDDEC,
    0x29899999,0xA2288898,0x2BA22222,0xAAB92DED,0x9BBA2EDE,0x99BAA2ED,0x8AABA2DE,0x99AAA2DD,
    0xABBB8AAA,0xBABAA9A9,0xBAAAAA9A,0xA9A9A922,0xAAAA9289,0xA9A92D28,0x9A92EE28,0x922DED28,
    0x33222656,0x22256565,0x26666666,0x66656666,0x66676755,0x66765454,0x65454545,0x54444444,
    0x34343333,0x33333888,0x88882222,0x22222BBA,0xB7B7BBB7,0xBB7BBB7B,0xB7B7B7A7,0x7B7B798A,
    0x33343434,0x88833333,0x22228888,0x7BB22222,0xB7B7B7B7,0x7B7B7B7B,0x777777B7,0xA997777B,
    0x77622233,0x76767222,0x77777762,0x77767676,0x44777777,0x43447777,0x34344445,0x33334343,
    0x33547777,0x33434777,0x34344447,0x22334343,0x65243434,0x52F23343,0x52FF2434,0x52FCF223,
    0x99999982,0x88988228,0x22222882,0xEDE2889A,0xDEE2899B,0xED2899BA,0xDE288AAB,0xED2899AA,
    0xDEEF2989,0xDDDEE228,0xDEDEDED2,0xDDDDEDDD,0xDEDEDEDE,0xDDDDDDED,0xDEDEDEDE,0xDDDDDDDD,
    0x578C5C75,0x54755574,0x56555C75,0x55555574,0x565C5675,0x55555574,0x56565C74,0x55555574,
    0x5656565C,0x55555555,0x56555655,0x55555555,0x56565656,0x55555555,0x56565656,0x55555555,
    0x56565674,0x55655574,0x56565674,0x55555574,0x56565674,0x55655574,0x57865674,0x64756574,
    0x56565656,0x55655565,0x56565656,0x55555555,0x56565656,0x55655565,0x56565656,0x65556555,
    0x56565656,0x55655565,0x56565656,0x55555555,0x56565656,0x55655565,0x56785656,0x65476555,
    0x56565656,0x55655565,0x56565656,0x55555555,0x26565656,0x25655565,0x26785656,0x25476555,
    0xCFCFCDFC,0xCCDCCCFB,0xCFCDCFFB,0x22222222,0x66666666,0x54545454,0x45444444,0x44444443,
    0x899BBA2E,0x88AAB92D,0x288AABA2,0x22222222,0xBBBBBBBB,0xAAAAA9A9,0x2A9A9A9A,0x29A9A999,
    0x2EEEDEE2,0xEDEDEDE2,0xEEDEDEDE,0x22222222,0xBBBBBBBB,0xBABAAAAA,0x22222222,0x88888888,
    0x9A9A9992,0x9999922D,0x99222EDE,0x22222222,0xBBBBBBBB,0xBABBBABA,0x22222222,0x88888888,
    0x44454545,0x44444444,0x44444444,0x22222222,0x66666666,0x55656565,0x52222222,0x52333333,
    0x44444445,0x43434344,0x34343434,0x22222222,0x66666666,0x54555555,0x22222225,0x33333324,
    0x29898999,0xE2288898,0xEED22289,0x22222222,0xBBBBBBBB,0x99A9A9A9,0x22222222,0x88888888,
    0x2EEEEEE2,0x2DEDEDED,0xDEDEDEDE,0x22222222,0xBBBBBBBB,0x98999999,0x22222222,0x88888888,
    0xC2344665,0xC2334564,0x23355652,0x22222222,0x66666666,0x33434343,0x33333432,0x33333332,
    0xDDDEDEDE,0xDDDDDDDD,0xDEDDDEDE,0x22222222,0xBBBBBBBB,0x88988898,0x88888888,0x88888888,
    0xDDDDDDED,0xDDDDDDEC,0xDDDDDDEC,0xDDDDDDE2,0xDDDDDD2B,0xDDDDDD28,0xDEFDDD28,0xDCEDDD28,
    0x56565674,0x55655574,0x56565674,0x65556574,0x56565674,0x65656574,0x56565674,0x65656574,
    0x56565656,0x55655565,0x56565656,0x65556555,0x56565656,0x65656565,0x56565656,0x65656565,
    0x26565656,0x25655565,0x26565656,0x25556555,0x26565656,0x25656565,0x26565656,0x25656565,
    0x45574444,0x44354444,0x45444444,0x44444443,0x45454444,0x44444444,0x45444444,0x44444443,
    0x25554545,0x24545454,0x25454545,0x24545444,0x25554545,0x24545454,0x25454545,0x24545444,
    0x3,0x3,0x3,0x3,0x3,0x3,0x3,0x3,
    0x0,0x0,0x0,0x0,0x0,0x0,0x0,0x0,
    0xF2D00000,0xF2D00000,0xF2D00000,0xF2D00000,0xF2D00000,0xF2D00000,0x22D00000,0x62D00000,
    0xD2F,0xD2F,0xD2F,0xD2E,0xD2F,0xD2F,0xD22,0xD26,
    0x30000000,0x30000000,0x30000000,0x30000000,0x30000000,0x30000000,0x30000000,0x30000000,
    0x33343432,0x33333342,0x33333432,0x33333332,0x33343432,0x33333342,0x33333432,0x33333332,
    0x33357333,0x33335333,0x33333333,0x33333333,0x33333333,0x33333333,0x33333333,0x33333333,
    0xCDCDCD23,0xCCDCCC23,0xCDCDCD23,0xDCCCDC23,0xCDCDCD23,0xDCDCDC23,0xCDCDCD23,0xDCDCDC23,
    0x56565674,0x65656574,0x56565674,0x65656574,0x57865674,0x64756574,0x56565674,0x65656574,
    0x56565656,0x65656565,0x56565656,0x65656565,0x56665666,0x65656565,0x56565656,0x65656565,
    0x56565656,0x65656565,0x56565656,0x65656565,0x56785666,0x65476565,0x56565656,0x65656565,
    0x26565656,0x25656565,0x26565656,0x25656565,0x26785666,0x25476565,0x26565656,0x25656565,
    0x45454444,0x44444444,0x45444444,0x44444443,0x45454444,0x44444444,0x45444444,0x44444443,
    0x62D00000,0x62D00000,0x62D00000,0x62D00000,0x62D00000,0x22D00000,0xF2D00000,0xF2D00000,
    0xD26,0xD26,0xD26,0xD26,0xD26,0xD22,0xD2F,0xD2E,
    0xCCCCCC2D,0xCCCCCC2D,0xCCCCCC2D,0xCCCCCC2D,0xC89CCC2D,0xCB8CCC2D,0xCCCCCC2D,0xCCCCCC2D,
    0x56665674,0x65656574,0x66566674,0x77777777,0x44444444,0x65656574,0x66566674,0x65656574,
    0x56665666,0x65656565,0x66566656,0x77777777,0x44444444,0x65656565,0x66566656,0x65656565,
    0x26665666,0x25656565,0x26566656,0x27777777,0x24444444,0x25656565,0x26566656,0x25656565,
    0x45454444,0x44444444,0x45444444,0x44574443,0x45354444,0x44444444,0x45444444,0x44444443,
    0x25554545,0x24545454,0x25454545,0x24545444,0x25554545,0x24545454,0x55454545,0x54545444,
    0x3,0x3,0x3,0x3,0x33333333,0x22222222,0x56555555,0x55555554,
    0x0,0x0,0x0,0x0,0x33333333,0x22222222,0x56565656,0x65656555,
    0x52300000,0x52300000,0x52300000,0x52300000,0x52333333,0x52222222,0x55555656,0x55555555,
    0x325,0x325,0x325,0x324,0x33333325,0x22222225,0x45455555,0x54545454,
    0x0,0x0,0x0,0x0,0x33333333,0x22222222,0x44444545,0x44444444,
    0x30000000,0x30000000,0x30000000,0x30000000,0x33333333,0x22222222,0x34344444,0x43434343,
    0x33343432,0x33333342,0x33333432,0x33333332,0x33343432,0x33333342,0x33333434,0x33333333,
    0x33333333,0x33333333,0x33333333,0x33357333,0x33335333,0x33333333,0x33333333,0x33333333,
    0xCDDDCD23,0xDCDCDC23,0xDDCDDD23,0xFFFFFF23,0xBBBBBB23,0xDCDCDC23,0xDDCDDD23,0xDCDCDC23,
    0x66666674,0x65656574,0x67866674,0x64756574,0x66666674,0x65656574,0x66666674,0x65656574,
    0x66666666,0x65656565,0x66666666,0x65656565,0x66666666,0x65656565,0x66666666,0x65656565,
    0x66666666,0x65656565,0x66786666,0x65476565,0x66666666,0x65656565,0x66666666,0x65656565,
    0xDD2DDDDD,0x228CDCDC,0x88DDDDDD,0xDCDCDCDC,0xDDDDDDDD,0xDCDCDCDC,0xDDDDDDDD,0xDCDCDCDC,
    0xDDDDDDDD,0xDCDCDCDC,0xDDDDDD22,0xDCD22288,0x222888DD,0x888CDCDC,0xDDDDDDDD,0xDCDCDCDC,
    0xDDDDDDDD,0xDCDCDCDC,0xDDDDDDDD,0x22DCDCDC,0x88222222,0xDC888888,0xDDDDDDDD,0xDCDCDCDC,
    0x222DDDDD,0xD8822CDC,0xDDF8822D,0xDCBFD882,0xDDDDDDD8,0xDCDCDCDC,0xDDDDDDDD,0xDCDCDCDC,
    0xDDDDDDDD,0x22222222,0xC89CCC8B,0xCB8CCC8B,0xCCCCCC8B,0xCCCCCC8B,0xCCCCCC8B,0xCCCCCC8B,
    0x33333333,0x22222222,0xDDDDDDDD,0xDCDCDCDC,0xDDDDDDDD,0xDCDCDCDC,0xDDDDDDDD,0xDCDCDCDC,
    0xDDDDDDDD,0x22222222,0xCC89CCCC,0xCCB8CCCC,0xCCCCCCCC,0xCCCCCCCC,0xCCCCCCCC,0xCCCCCCCC,
    0xDDDD2223,0xDC2288F2,0x2288DDFB,0x88FCDCFB,0xDDDDDDFB,0xDCDCDCFB,0xDDDDDDFB,0xDCDCDCFB,
    0xDDDDDDDD,0xDCDCDCDC,0xDDDDDDDD,0xDCDCD222,0x22222888,0x88888CDC,0xDDDDDDDD,0xDCDCDCDC,
    0xDDDDDDDD,0xDCDCDCDC,0x2DDDDDDD,0x8222DCDC,0xD8882222,0xDCDC8888,0xDDDDDDDD,0xDCDCDCDC,
    0xDDDD2DDD,0xDCDC822C,0xDDDDD882,0xDCDCDCD8,0xDDDDDDDD,0xDCDCDCDC,0xDDDDDDDD,0xDCDCDCDC,
    0x22222222,0xDDDDDDDD,0x99999999,0xA9A9A9A9,0x9AAA9AAA,0xA9A9A9A9,0xAA9AAA9A,0xA9A9A9A9,
    0x22222222,0xDDDDDDDD,0x99999999,0xA9A9A9A9,0x9AAA9AAA,0xA9A9A9A9,0xAA9AAA9A,0xA9A999A9,
    0x22222222,0xDDDDDDDD,0x99999999,0xA9A9A9A9,0x9AAA9AAA,0xA999A9A9,0xAA9A9A9A,0xA9A9A999,
    0x22222222,0xDDDDDDDD,0x99999999,0xA9A9A999,0x9AAA9AAA,0xA9A9A9A9,0xAA9AAA9A,0xA9A9A9A9,
    0x22222222,0xDDDDDDDD,0x99999999,0xA999A9A9,0x9AAA9AAA,0xA9A9A9A9,0xAA9AAA99,0xA9A9A9A9,
    0x22222222,0xDDDDDDDD,0x99999999,0xA9A9A999,0x9AAA9AA9,0xA9A9A9A9,0xAA9AAA9A,0xA9A9A9A9,
    0x22222222,0xDDDDDDDD,0x99999999,0xA9A9A9A9,0x9AA99AAA,0xA9A999A9,0xAA9A9A9A,0xA9A9A9A9,
    0x22222222,0xDDDDDDDD,0x99999999,0xA9A9A9A9,0x9AAA9AA9,0xA9A9A9A9,0xAA9AAA99,0xA9A9A9A9,
    0x22222222,0xDDDDDDDD,0x99999999,0xA9A9A9A9,0x9AA99AAA,0xA999A9A9,0xAA9AAA9A,0xA9A9A9A9,
    0x22222222,0xDDDDDDDD,0x99999999,0x99A9A9A9,0x9AAA9AAA,0xA9A9A9A9,0xAA9AAA9A,0xA9A9A9A9,
    0x22222222,0xDDDDDDDD,0x99999999,0xA9A9A9A9,0x9AAA9AA9,0xA9A9A9A9,0xAA9A9A9A,0xA9A9A9A9,
    0x22222222,0xDDDDDDDD,0x99999999,0xA9A999A9,0x9A9A9AAA,0xA9A9A9A9,0xAA9AAA9A,0xA9A9A9A9,
    0x22222222,0xDDDDDDDD,0x99999999,0xA9A9A9A9,0x9AAA9AAA,0xA9A9A9A9,0xAA9AAA99,0xA9A9A9A9,
    0x22222222,0xDDDDDDDD,0x99999999,0xA9A9A9A9,0x9AAA9A9A,0xA9A999A9,0xAA9AAA9A,0x99A9A9A9,
    0x22222222,0xDDDDDDDD,0x99999999,0xA9A9A9A9,0x9A9A9AAA,0xA9A9A9A9,0xAA9AAA9A,0xA9A9A9A9,
    0x22222222,0xDDDDDDDD,0x99999999,0xA9A9A9A9,0x9AAA9AAA,0xA9A9A9A9,0xAA9A9A9A,0xA999A9A9,
    0x99999999,0xCB9CBCCB,0xAAAAA9AA,0xA9A9A9A9,0xAAAAAAAA,0xA9AAA9AA,0xAAAAAAAA,0xAAA9AAA9,
    0x99999999,0xBCCBCCBC,0xAAAAAAAA,0xA9A9A9A9,0xAAAAAAAA,0xA9AAA9AA,0xAAAAAAAA,0x9AA9AAA9,
    0x99999999,0xCCBCCBCC,0xAAAAAAAA,0xA9A9A9A9,0xAA9AAAAA,0xA9AA99AA,0xAAAAAA9A,0xAAA9AAA9,
    0x99999999,0xCBC9BCCB,0xAAAAA9AA,0xA9A9A9A9,0xAAAAAAAA,0xA9AAA9AA,0xAAAAAAAA,0xAAA9AAA9,
    0x99999999,0xBCCBCCBC,0xAAAAAAAA,0xA9A9A9A9,0xAAAAAAAA,0xA9AAA9AA,0xAAAAAAAA,0xAAA9AAA9,
    0x99999999,0xCCBCCBCC,0xAAAAAAAA,0xA9A9A9A9,0xA9AAAAAA,0xA9A9A9AA,0xAAAA9AAA,0xAAA9AA99,
    0x99999999,0xCBCC9CCB,0xAAAAAA9A,0xA9A9A9A9,0xAAAAAAAA,0xA9AAA9AA,0xAAAAAAAA,0xAAA9AAA9,
    0x99999999,0xCCBCCBCC,0xAAAAAAAA,0xA9A9A9A9,0x9AAAAAAA,0xA9AAA9AA,0xAA9AAAAA,0xAAA99AA9,
    0x99999999,0xCBCCB9CB,0xAAAAAA9A,0xA9A9A9A9,0xAAAAAAAA,0xA9AAA9AA,0xAAAAAAAA,0xAAA9AAA9,
    0x99999999,0xCCBCCBCC,0xAAAAAAAA,0xA9A9A9A9,0x9AAAAAAA,0x99AAA9AA,0xA9AAAAAA,0xA9A9AAA9,
    0x99999999,0xCBCCBC9B,0xAAAAAAA9,0xA9A9A9A9,0xAAAAAAAA,0xA9AAA9AA,0xAAAAAAAA,0xAAA9AAA9,
    0x99999999,0xCCBCCBCC,0xAAAAAAAA,0xA9A9A9A9,0xAAAAAAAA,0xA9AAA9AA,0xAAAAAAAA,0xAAA9AAA9,
    0x99999999,0xCBCCBCC9,0xAAAAAAA9,0xA9A9A9A9,0xAAAAAAA9,0xA9AAA9A9,0xAAAAAAA9,0xAAA9AAA9,
    0x99999999,0x9CBCCBCC,0xAAAAAAAA,0xA9A9A9A9,0xAAAAAAAA,0xA9AAA9AA,0xAAAAAAAA,0xAAA9AAA9,
    0x99999999,0xCBCCBCCB,0xAAAAAAA9,0xA9A9A9A9,0xAAAAAA9A,0xA9AAA99A,0xAAAAA9AA,0xAAA9A9A9,
    0x99999999,0xC9BCCBCC,0x9AAAAAAA,0xA9A9A9A9,0xAAAAAAAA,0xA9AAA9AA,0xAAAAAAAA,0xAAA9AAA9,
    0x99999999,0xCBCCBCCB,0xAAAAAAAA,0xA9A9A9A9,0xAAAAAA9A,0xA9AAA9AA,0xAAAA9AAA,0xAA99AAA9,
    0x99999999,0xCC9CCBCC,0x9AAAAAAA,0xA9A9A9A9,0xAAAAAAAA,0xA9AAA9AA,0xAAAAAAAA,0xAAA9AAA9,
    0x99999999,0xCBCCBCCB,0xAAAAAAAA,0xA9A9A9A9,0xAAAAA9AA,0xA9A9A9AA,0xAA9AAAAA,0x9AA9AAA9,
    0x99999999,0xCCB9CBCC,0xA9AAAAAA,0xA9A9A9A9,0xAAAAAAAA,0xA9AAA9AA,0xAAAAAAAA,0xAAA9AAA9,
    0x99999999,0xCBCCBCCB,0xAAAAAAAA,0xA9A9A9A9,0xAAAA9AAA,0xA99AA9AA,0x9AAAAAAA,0xAAA9AAA9,
    0x99999999,0xBCCBCCBC,0xAAAAAAAA,0xA9A9A9A9,0xAAAAAAAA,0xA9AAA9AA,0xAAAAAAAA,0xAAA9AA99,
    0x99999999,0xCCBC9BCC,0xA9AAAAAA,0xA9A9A9A9,0xAAAAAAAA,0xA9AAA9AA,0xAAAAAAAA,0xAAA9AAA9,
    0xAAAAAAAA,0xAAAAAAAA,0x99999999,0xC9CCBCCB,0xAAA9AAAA,0xAAAAA9AA,0xAAAAAAAA,0xAAAAAAAA,
    0xAA9AAAAA,0xAAAAA9AA,0x99999999,0xBCCBCCBC,0xAAAAAAAA,0xAAAAAAAA,0xAAAAAAAA,0xAAAAAAAA,
    0xAAAAAAAA,0xAAAAAAAA,0x99999999,0xCCBCCBCC,0xAAAAAAAA,0xAAAAAAAA,0xAAAAAAAA,0xAAAAAAAA,
    0xAAAAAAAA,0xAAAAAAAA,0x99999999,0xCBCCBCCB,0xAAAAAAAA,0x9AAAAAAA,0xAA9AAAAA,0xAAA9AAAA,
    0x9AAAAAAA,0xA9AAAAAA,0x99999999,0xBCCBC9BC,0xAAAAAA9A,0xAAAAAAAA,0xAAAAAAAA,0xAAAAAAAA,
    0xAAAAAAAA,0xAAAAAAAA,0x99999999,0xCBCCBCCB,0xAAAAAAAA,0xAAAAAAAA,0xAAAAAAAA,0xAAAAAAAA,
    0xAAAAAAAA,0xAAAAAAAA,0x99999999,0x9CCBCCBC,0xA9AAAAAA,0xAA9AAAAA,0xAAA9AAAA,0xAAAA9AAA,
    0xAAAAA9AA,0xAAAAAA9A,0x99999999,0xCCBCCBCC,0xAAAAAAAA,0xAAAAAAAA,0xAAAAAAAA,0xAAAAAAAA,
    0xAAAAAAAA,0xAAAAAAAA,0x99999999,0xBCCBCCBC,0xAAAAAAAA,0xAAAAAAAA,0xAAAAAAAA,0xAAAAAAAA,
    0xAA9AAAAA,0xAA9AAAAA,0x99999999,0xCCBC9BCC,0xAAAA9AAA,0xAAAAA9AA,0xAAAAA9AA,0xAAAAAA9A,
    0xAAAAAAA9,0xAAAAAAA9,0x99999999,0xCBCCBCC9,0xAAAAAAA9,0xAAAAAAA9,0xAAAAAAA9,0xAAAAAAA9,
    0xAAAA9AAA,0xAAAA9AAA,0x99999999,0xCB9CBCCB,0xAA9AAAAA,0xA9AAAAAA,0xA9AAAAAA,0x9AAAAAAA,
    0xA9AAAAAA,0x9AAAAAAA,0x99999999,0xCBCCBCCB,0xAAAAAAAA,0xAAAAAAAA,0xAAAAAAAA,0xAAAAAAAA,
    0xAAAAAAAA,0xAAAAAAAA,0x99999999,0xBCCBCC9C,0xAAAAA9AA,0xAAAA9AAA,0xAAA9AAAA,0xAA9AAAAA,
    0xAAAAAA9A,0xAAAAA9AA,0x99999999,0xB9CBCCBC,0x9AAAAAAA,0xAAAAAAAA,0xAAAAAAAA,0xAAAAAAAA,
    0xAAAAAAAA,0xAAAAAAAA,0x99999999,0xCCBCCBCC,0xAAAAAAAA,0xAAAAAA9A,0xAAAA9AAA,0xAAA9AAAA,
    0xAAAA9AAA,0xA9AAAAAA,0x99999999,0xBCCBCCBC,0xAAAAAAAA,0xAAAAAAAA,0xAAAAAAAA,0xAAAAAAAA,
    0xAAAAAAAA,0xAAAAAAAA,0x99999999,0xCCBCC9CC,0xAAA9AAAA,0xA9AAAAAA,0xAAAAAAAA,0xAAAAAAAA,
    0xAAABAAAB,0xAAAAAAAA,0xABAAABAA,0xAAAAAAAA,0xABABABAB,0xAAAAAAAA,0x99999999,0xCBCCBCCB,
    0xAAABAAAB,0xAAAAAAAA,0xABAAABAA,0xAAAAAAAA,0xABABABAB,0xAAAAAAAA,0x99999999,0x9CCBCCBC,
    0xAAABAAAB,0xAAAAAAAA,0x9BAAABAA,0xAA9AAAAA,0xABA9ABAB,0xAAAAA9AA,0x99999999,0xCCBCCBCC,
    0xAAABA9AB,0xAAAAAA9A,0xABAAABAA,0xAAAAAAAA,0xABABABAB,0xAAAAAAAA,0x99999999,0xCBCCBCCB,
    0xAAABAAAB,0xAAAAAAAA,0xABAAABAA,0xAAAAAAAA,0xABABABAB,0xAAAAAAAA,0x99999999,0xBCCBCCBC,
    0xAAABAAAB,0xAAAAAAAA,0xABAAABAA,0xAAAAAAAA,0xABABABAB,0xAAAAAAAA,0x99999999,0xCCBCCBCC,
    0xAAABAAAB,0xAAAAAAAA,0x9BAAABAA,0xA9AAAAAA,0xAB9BABAB,0xAAA9AAAA,0x99999999,0xCBCCB9CB,
    0xAAABAA9B,0xAAAAAAA9,0xABAAABAA,0xAAAAAAAA,0xABABABAB,0xAAAAAAAA,0x99999999,0xBCCBCCBC,
    0xAAABAAAB,0xAAAAAAAA,0xABAAABAA,0x9AAAAAAA,0x9BABABAB,0xA9AAAAAA,0x99999999,0xBC9BCCBC,
    0xAAABAA9B,0xAAAAAAA9,0xABAAABA9,0xAAAAAAAA,0xABABABAB,0xAAAAAAAA,0x99999999,0xCCBCCBCC,
    0xAAABAAA9,0xAAAAAAA9,0xABAAABA9,0xAAAAAAA9,0xABABABA9,0xAAAAAAA9,0x99999999,0xCBCCBCC9,
    0x9AABAAAB,0xAAAAAAAA,0xABAAABAA,0xAAAAAAAA,0xABABABAB,0xAAAAAAAA,0x99999999,0xCBCCBCCB,
    0xAAABAAAB,0xAAAAAAA9,0xABAAABA9,0xAAAAAA9A,0xABABAB9B,0xAAAAA9AA,0x99999999,0xBCCB9CBC,
    0x9AABAAAB,0xAAAAAAAA,0xABAAABAA,0xAAAAAAAA,0xABABABAB,0xAAAAAAAA,0x99999999,0xBCCBCCBC,
    0xAAABAAAB,0xAAAAAAA9,0xABAAAB9A,0xAAAAA9AA,0xABAB9BAB,0xAAA9AAAA,0x99999999,0xC9BCCBCC,
    0xA9ABAAAB,0x9AAAAAAA,0xABAAABAA,0xAAAAAAAA,0xABABABAB,0xAAAAAAAA,0x99999999,0xCCBCCBCC,
    0xAAABAAAB,0xAAAAAAAA,0xABAAAB9A,0xAAAA9AAA,0xABA9ABAB,0xA9AAAAAA,0x99999999,0xCBCCBCCB,
    0xAAABAAAB,0xAAAAAAAA,0xABAAABAA,0xAAAAAAAA,0xABABABAB,0xAAAAAAAA,0x99999999,0xBCCBCC9C,
    0xABABABAB,0xAABAAABA,0xABABABAB,0xBAAABAAA,0xA9ABABAB,0xBA9ABABA,0xABAB9BAB,0xBABABA9A,
    0xAB9BABAB,0xAABA9ABA,0xABABA9AB,0xBAAABAA9,0xABABABAB,0xBABABABA,0xABABABAB,0xBABABABA,
    0xABABABAB,0xAABAAABA,0xABABABAB,0xBAAABAAA,0xABABABAB,0xBABABABA,0xABABABAB,0xBABABABA,
    0xABABABAB,0x9ABAAABA,0xA9ABABAB,0xBA9ABAAA,0xABA9ABAB,0xBABA9ABA,0xABABA9AB,0xBABABA9A,
    0xABABAB9B,0xAABAAABA,0xABABABAB,0xBAAABAAA,0xABABABAB,0xBABABABA,0xABABABAB,0xBABABABA,
    0xABA9ABAB,0xAAB9AABA,0xABAB9BAB,0xBAAA9AAA,0xABABA9AB,0xBABAB9BA,0xABABAB9B,0xBABABAB9,
    0xABABABA9,0xAABAAAB9,0xABABABA9,0xBAAABAA9,0xABABABA9,0xBABABAB9,0xABABABA9,0xBABABAB9,
    0xABA9ABAB,0xAAB9AABA,0xAB9BABAB,0xBA9ABAAA,0xA9ABABAB,0xB9BABABA,0x9BABABAB,0xBABABABA,
    0xABABABAB,0xAABAAABA,0xABABABAB,0xBAAABAAA,0xABABABAB,0xBABABABA,0xABABABAB,0xBABABAB9,
    0x9BABABAB,0xAABAAABA,0xABABABAB,0xBAAABAAA,0xABABABAB,0xBABABABA,0xABABABAB,0xBABABABA,
    0xABABABAB,0xAABAAA9A,0xABABA9AB,0xBAAA9AAA,0xABA9ABAB,0xBA9ABABA,0xA9ABABAB,0x9ABABABA,
    0xABAB9BAB,0xAA9AAABA,0xA9ABABAB,0xBAAABAAA,0xABABABAB,0xBABABABA,0xABABABAB,0xBABABABA,
    0xABABABAB,0xAABAAABA,0xABABABAB,0xBAAABAA9,0xABABA9AB,0xBABA9ABA,0xAB9BABAB,0x9ABABABA,
    0xABABABA9,0xBABABABA,0xABABABAB,0xBABABABA,0x99999999,0xCBCCBCCB,0xBBABBBAB,0xBABABABA,
    0xABABABAB,0xBABABABA,0xABABABAB,0xBABABABA,0x99999999,0xBCCBCCBC,0xBBABBBAB,0xBABABABA,
    0xABABABAB,0xBABABABA,0xABABABAB,0xBABABABA,0x99999999,0xCCBCCBCC,0xBBABBBAB,0xBABABABA,
    0xABABABAB,0xBABABABA,0xABABABAB,0xBABABABA,0x99999999,0xCBCCBCCB,0xBBABBBAB,0xBABABABA,
    0xABABABAB,0x9ABABABA,0xA9ABABAB,0xBAB9BABA,0x99999999,0xBCCBC9BC,0xBBABBB9B,0xBABABAB9,
    0xABABABA9,0xBABABABA,0xABABABAB,0xBABABABA,0x99999999,0xCCBCCBCC,0xBBABBBAB,0xBABABABA,
    0xABABABAB,0x9ABABABA,0x9BABABAB,0xB9BABABA,0x99999999,0xCB9CBCCB,0xBB9BBBAB,0xBAB9BABA,
    0xABABABA9,0xBABABABA,0xABABABAB,0xBABABABA,0x99999999,0xBCCBCCBC,0xBBABBBAB,0xBABABABA,
    0xABABABA9,0xBABABAB9,0xABABABA9,0xBABABAB9,0x99999999,0xCBCCBCC9,0xBBABBBA9,0xBABABAB9,
    0xABABABA9,0xBABABA9A,0xABABAB9B,0xBABAB9BA,0x99999999,0xCCBC9BCC,0xBBAB9BAB,0xBAB9BABA,
    0xABABABA9,0xBABABA9A,0xABABA9AB,0xBAB9BABA,0x99999999,0xB9CBCCBC,0x9BABBBAB,0xBABABABA,
    0xABABABAB,0xBABABABA,0xABABABAB,0xBABABABA,0x99999999,0xCCBCCBCC,0xBBABBBAB,0xBABABAB9,
};
static const u16 fz_scene_loom_map[600] GFX_FUSION_UNUSED = {
    0x3000,0x3000,0x3000,0x3000,0x3000,0x3000,0x3000,0x3000,0x3000,0x3000,0x3000,0x3000,0x3000,0x3000,0x5001,
    0x5002,0x3000,0x3000,0x3000,0x3000,0x3000,0x3000,0x3000,0x3000,0x3000,0x3000,0x3000,0x3000,0x3000,0x3000,
    0x4003,0x4004,0x4003,0x4004,0x4003,0x4004,0x4003,0x4004,0x4003,0x4004,0x4003,0x4004,0x4005,0x4006,0x4007,
    0x4008,0x4009,0x400A,0x4003,0x4004,0x4003,0x4004,0x4003,0x4004,0x4003,0x4004,0x4003,0x4004,0x4003,0x4004,
    0x400B,0x400C,0x400D,0x400D,0x400D,0x400B,0x400D,0x400D,0x400C,0x400E,0x400F,0x4010,0x4011,0x5012,0x5013,
    0x5014,0x5015,0x4016,0x4017,0x4018,0x4019,0x400D,0x400C,0x400D,0x400D,0x400B,0x400D,0x400D,0x400D,0x400C,
    0x401A,0x401B,0x401C,0x401C,0x401C,0x401A,0x401C,0x401C,0x501D,0x501E,0x501F,0x4020,0x5021,0x5022,0x5023,
    0x5024,0x5025,0x5026,0x5027,0x5028,0x5029,0x502A,0x401B,0x401C,0x401C,0x401A,0x401C,0x401C,0x401C,0x401B,
    0x302B,0x302C,0x302C,0x302C,0x302D,0x302B,0x302C,0x302C,0x502E,0x502F,0x5030,0x4031,0x5032,0x5033,0x5034,
    0x5035,0x5036,0x5037,0x4038,0x5039,0x303A,0x503B,0x302C,0x302C,0x302D,0x302B,0x302C,0x302C,0x302C,0x302C,
    0x303C,0x303D,0x303D,0x303D,0x303D,0x303C,0x303D,0x303D,0x503E,0x503F,0x5040,0x4041,0x5042,0x5043,0x5044,
    0x5045,0x5046,0x5047,0x4048,0x5049,0x504A,0x504B,0x303D,0x303D,0x303D,0x303C,0x303D,0x303D,0x303D,0x303D,
    0x304C,0x304D,0x304D,0x304D,0x304E,0x304C,0x304D,0x304D,0x504F,0x5050,0x5051,0x4052,0x5053,0x5054,0x5055,
    0x5056,0x5057,0x5058,0x4059,0x505A,0x305B,0x505C,0x304D,0x304D,0x304E,0x304C,0x304D,0x304D,0x304D,0x304D,
    0x305D,0x305E,0x305E,0x305E,0x305E,0x305D,0x305E,0x305E,0x305F,0x5060,0x5061,0x5062,0x5063,0x5064,0x5065,
    0x5066,0x5067,0x5068,0x5069,0x506A,0x506B,0x306C,0x305E,0x305E,0x305E,0x305D,0x305E,0x305E,0x305E,0x305E,
    0x306D,0x306E,0x306E,0x306E,0x306F,0x306D,0x306E,0x306E,0x306E,0x5070,0x5071,0x5072,0x5073,0x4074,0x5075,
    0x5076,0x4077,0x4078,0x5079,0x507A,0x307B,0x307C,0x306E,0x306E,0x306F,0x306D,0x306E,0x306E,0x306E,0x306E,
    0x307D,0x307E,0x307E,0x307E,0x307F,0x307D,0x307E,0x307E,0x307E,0x3080,0x4081,0x5082,0x5083,0x5084,0x4085,
    0x4086,0x5087,0x5088,0x4089,0x508A,0x508B,0x307E,0x307E,0x307E,0x307F,0x307D,0x307E,0x307E,0x307E,0x307E,
    0x308C,0x308D,0x308D,0x308D,0x308D,0x308C,0x308D,0x308D,0x308D,0x308E,0x408F,0x4090,0x4091,0x3092,0x7093,
    0x7094,0x3092,0x4095,0x4096,0x4097,0x4098,0x308D,0x308D,0x308D,0x308D,0x308C,0x308D,0x308D,0x308D,0x308D,
    0x3099,0x309A,0x309A,0x309A,0x309B,0x3099,0x309A,0x309A,0x309A,0x309C,0x409D,0x4090,0x4091,0x3092,0x709E,
    0x709F,0x3092,0x4095,0x4096,0x4000,0x70A0,0x309A,0x309A,0x309A,0x309B,0x3099,0x309A,0x309A,0x309A,0x309A,
    0x30A1,0x30A2,0x30A2,0x30A2,0x30A2,0x30A1,0x30A2,0x30A2,0x30A2,0x30A3,0x40A4,0x40A5,0x40A6,0x40A7,0x40A8,
    0x40A9,0x40AA,0x40AB,0x40AC,0x40AD,0x40AE,0x30A2,0x30A2,0x30A2,0x30A2,0x30A1,0x30A2,0x30A2,0x30A2,0x30A2,
    0x30AF,0x30B0,0x30B0,0x30B0,0x30B1,0x30AF,0x40B2,0x40B3,0x40B4,0x40B5,0x70B6,0x40B7,0x40B7,0x40B7,0x70B8,
    0x70B6,0x40B7,0x40B7,0x40B7,0x70B8,0x40B9,0x40BA,0x40BB,0x40BC,0x30B1,0x30AF,0x30B0,0x30B0,0x30B0,0x30B0,
    0x30BD,0x30BE,0x30BD,0x30BD,0x30BF,0x30C0,0x30BD,0x30C1,0x30BD,0x30BD,0x30C2,0x30BD,0x30C3,0x30BD,0x30BD,
    0x30C4,0x30BD,0x30C5,0x30BD,0x30C6,0x30C7,0x30BD,0x30C8,0x30C9,0x30C6,0x30CA,0x30BD,0x30CB,0x30CC,0x30BD,
    0x30CD,0x30CE,0x30CF,0x30D0,0x30D1,0x30D2,0x30D3,0x30D1,0x30D4,0x30D5,0x30D1,0x30D6,0x30D7,0x30D1,0x30D8,
    0x30D9,0x30D1,0x30DA,0x30DB,0x30D1,0x30DC,0x30DD,0x30D1,0x30DE,0x30DF,0x30D1,0x30E0,0x30E1,0x30E2,0x30E3,
    0x30E4,0x30E5,0x30E6,0x30E7,0x30E8,0x30E6,0x30E9,0x30EA,0x30EB,0x30E9,0x30EC,0x30ED,0x30E9,0x30EC,0x30E6,
    0x30EE,0x30EC,0x30E6,0x30EF,0x30EC,0x30E6,0x30F0,0x30F1,0x30E6,0x30E9,0x30F2,0x30F3,0x30E9,0x30F4,0x30F5,
    0x30F6,0x30F7,0x30F8,0x30F9,0x30FA,0x30FB,0x30FC,0x30FD,0x30FB,0x30F6,0x30FE,0x30FF,0x30F6,0x30FA,0x30FB,
    0x3100,0x30FA,0x30FB,0x3101,0x3102,0x30FB,0x30F6,0x3103,0x3104,0x30F6,0x30FA,0x3105,0x3106,0x3107,0x30FB,
    0x3108,0x3109,0x310A,0x310A,0x310A,0x310B,0x310C,0x310A,0x310A,0x310A,0x310D,0x310A,0x310A,0x310A,0x310A,
    0x310E,0x310A,0x310A,0x310A,0x310F,0x3110,0x310A,0x310A,0x3111,0x3112,0x310A,0x310A,0x310A,0x3113,0x3114,
    0x3115,0x3116,0x3117,0x3118,0x3119,0x311A,0x3118,0x3116,0x3117,0x311B,0x311C,0x3117,0x3118,0x3116,0x3117,
    0x311D,0x3116,0x3117,0x3118,0x3116,0x311E,0x3118,0x3116,0x3117,0x3118,0x311F,0x3120,0x3118,0x3116,0x3117,
};
static const u32 fz_scene_tuner_tiles[195 * 8] GFX_FUSION_UNUSED = {
    0x33333333,0x33333333,0x33333333,0x33333333,0x33333333,0x33333333,0x33333333,0x33333333,
    0x22222222,0x22222222,0x22222222,0x22222222,0x22222222,0x22222222,0x55555556,0x33333333,
    0x22222222,0x22222222,0x22222222,0x22222222,0x22222222,0x22222222,0x55555555,0x33333333,
    0x22222222,0x54545454,0x45454545,0x22225454,0xFFFF2555,0xEEFE2454,0xEFEF2545,0x1EEE2454,
    0x22222222,0x54545454,0x45454545,0x22222222,0xFFFFFFFF,0xEEFEEEFE,0xEFEFEFEF,0x2EEEFEEE,
    0x22222222,0x54545454,0x45454545,0x22222222,0xFFFFFFFF,0xEEFEEEFE,0xEFEFEFEF,0x22222222,
    0x22222222,0x74545454,0x74454545,0x22222222,0xFFFFFFFF,0xEEFEEEFE,0xEFEFEFEF,0x22222222,
    0x22222222,0x54545454,0x45454545,0x22222222,0xFFFFFFFF,0xEEFEEEFE,0xEFEFEFEF,0xFEEEFEE2,
    0x22222222,0x54545454,0x45454545,0x22222222,0xFFFFFFFF,0xEEFEEEFE,0xEFEFEFEF,0x2222FEEE,
    0x22222222,0x74545454,0x74454545,0x22222222,0xFFFFFFFF,0xEEFEEEFE,0xEFEFEFEF,0xFEEE2222,
    0x22222222,0x54545454,0x45454545,0x22222222,0xFFFFFFFF,0xEEFEEEFE,0xEFEFEFEF,0x1EEEFEEE,
    0x22222222,0x54545454,0x45454545,0x54542222,0x4552FFFF,0x5452EEFE,0x5542EFEF,0x5452FEEE,
    0xEFEF2555,0xEEFE2454,0xEFEF2545,0xFEEE2454,0xEFEF2555,0xEEFE2454,0xEFEF2545,0xEEEE2454,
    0x2FEFEFED,0x2EFEEEFE,0x2FEFEFEF,0x2EEEFEEE,0x2222EFEF,0xDDD2EEFE,0xDDD2EFEF,0xDDD2EEEE,
    0xAAAAAAAA,0xAAAAAAAA,0xAAAAAAAA,0xAAAAAAAA,0x22222222,0xDDDDDDDD,0xDDDDDDDD,0xDDDDDDDD,
    0xEFEFEFE2,0xEEFEEEF2,0xEFEFEFE2,0xFEEEFEE2,0xEFEF2222,0xEEFE2DDD,0xEFEF2DDD,0xEEEE2DDD,
    0xBBBB25F5,0xA9A92F5F,0x9A9925F5,0xA9982FFF,0x888825F5,0x2222FF5F,0xEE25F5F5,0xEE2FFFFF,
    0x66666666,0x55666565,0x56565655,0x55556554,0x33333333,0x22222222,0xFFFFFFFF,0xFFFFFFFF,
    0x66666666,0x43445455,0x34344545,0x33434454,0x33333333,0x22222222,0xFFFFFFFF,0xFFFFFFFF,
    0xEFE26666,0xEEF27777,0xEFE27777,0xFEE27777,0xEFE27777,0xEEFE2222,0xEFEFE2DD,0xEEEEE2DD,
    0xEFEFEFEF,0xEEFEEEFE,0xEFEFEFEF,0xFEEEFEEE,0xEFEFEFEF,0xEEFEEEFE,0xEFEFEFEF,0xEEEEEEEE,
    0x4552EFED,0x5452EEFE,0x5542EFEF,0x5452FEEE,0x5552EFEF,0x5452EEFE,0x5542EFEF,0x5452EEEE,
    0xEFEF2555,0xEEFE2454,0xEFEF2555,0xEEEE2454,0xEFEF2555,0xEEEE2455,0xEFEF2555,0xEEEE2454,
    0xDDD2EFEF,0xDDD2EEFE,0xDDD2EFEF,0xDDD2EEEE,0xDDD2EFEF,0xDDD2EEEE,0xDDD2EFEF,0xDDD2EEEE,
    0xEFEF2DDD,0xEEFE2DDD,0xEFEF2DDD,0xEEEE2DDD,0xEFEF2DDD,0xEEEE2DDD,0xEFEF2DDD,0xEEEE2DDD,
    0xDD2FEFEF,0xDD2EEEFE,0xDD2FEFEF,0xDD2EEEEE,0xDD2FEFEF,0xDD2EEEEE,0xDD2FEFEF,0xDD2EEEEE,
    0xAAAAAAAA,0xAAAAAAAA,0xAAAAAAAA,0xAAAAAAAA,0xAAAAAAAA,0xAAAAAAAA,0xAAAAAAAA,0xAAAAAAAA,
    0xEFEFE2DD,0xEEFEE2DD,0xEFEFE2DD,0xEEEEE2DD,0xEFEFE2DD,0xEEEEE2DD,0xEFEFE2DD,0xEEEEE2DD,
    0xEFEFEFEF,0xEEFEEEFE,0xEFEFEFEF,0xEEEEEEEE,0xEFEFEFEF,0xEEEEEEEE,0xEFEFEFEF,0xEEEEEEEE,
    0x5552EFEF,0x5452EEFE,0x5552EFEF,0x5452EEEE,0x5552EFEF,0x5452EEEE,0x5552EFEF,0x5452EEEE,
    0xEFEF2555,0xEEEE2455,0xEFEF2555,0xEEEE2554,0xEFEF2555,0xEEEE2555,0xEFEE2555,0xEEEE2554,
    0xDDD2EFEF,0xDDD2EEEE,0xDDD2EFEF,0xDDD2EEEE,0xDDD2EFEF,0xDDD2EEEE,0xDDD2EFEE,0xDDD2EEEE,
    0xEFEF2DDD,0xEEEE2DDD,0xEFEF2DDD,0xEEEE2DDD,0xEFEF2DDD,0xEEEE2DDD,0xEFEE2DDD,0xEEEE2DDD,
    0xDD2FEFEF,0xDD2EEEEE,0xDD2FEFEF,0xDD2EEEEE,0xDD2FEFEF,0xDD2EEEEE,0xDD2EEFEE,0xDD2EEEEE,
    0xEFEFE2DD,0xEEEEE2DD,0xEFEFE2DD,0xEEEEE2DD,0xEFEFE2DD,0xEEEEE2DD,0xEFEEE2DD,0xEEEEE2DD,
    0xEFEFEFEF,0xEEEEEEEE,0xEFEFEFEF,0xEEEEEEEE,0xEFEFEFEF,0xEEEEEEEE,0xEFEEEFEE,0xEEEEEEEE,
    0x5552EFEF,0x5452EEEE,0x5552EFEF,0x5552EEEE,0x5552EFEF,0x5552EEEE,0x5552EFEE,0x5552EEEE,
    0xEFEF2555,0xEEEE2555,0xEFEE2555,0xEEEE2555,0xEFEF2555,0xEEEE2555,0xEFEE2555,0xEEEE2555,
    0xDDD2EFEF,0xDDD2EEEE,0xDDD2EFEE,0xDDD2EEEE,0xDDD2EFEF,0xDDD2EEEE,0xDDD2EFEE,0xDDD2EEEE,
    0xEFEF2DDD,0xEEEE2DDD,0xEFEE2DDD,0xEEEE2DDD,0xEFEF2DDD,0xEEEE2DDD,0xEFEE2DDD,0xEEEE2DDD,
    0xDD2FEFEF,0xDD2EEEEE,0xDD2EEFEE,0xDD2EEEEE,0xDD2FEFEF,0xDD2EEEEE,0xDD2EEFEE,0xDD2EEEEE,
    0xEFEFE2DD,0xEEEEE2DD,0xEFEEE2DD,0xEEEEE2DD,0xEFEFE2DD,0xEEEEE2DD,0xEFEEE2DD,0xEEEEE2DD,
    0xEFEFEFEF,0xEEEEEEEE,0xEFEEEFEE,0xEEEEEEEE,0xEFEFEFEF,0xEEEEEEEE,0xEFEEEFEE,0xEEEEEEEE,
    0x5552EFEF,0x5552EEEE,0x5552EFEE,0x5552EEEE,0x5552EFEF,0x5552EEEE,0x5552EFEE,0x5552EEEE,
    0xEEEF2556,0xEEEE2555,0xEFEE2555,0xEEEE2555,0xEEEF2556,0xEEEE2555,0xEFEE2655,0xEEEE2555,
    0xDDD2EEEF,0xDDD2EEEE,0xDDD2EFEE,0xDDD2EEEE,0xDDD2EEEF,0xDDD2EEEE,0xDDD2EFEE,0xDDD2EEEE,
    0xEEEF2DDD,0xEEEE2DDD,0xEFEE2DDD,0xEEEE2DDD,0xEEEF2DDD,0xEEEE2DDD,0xEFEE2DDD,0xEEEE2DDD,
    0xDD2FEEEF,0xDD2EEEEE,0xDD2EEFEE,0xDD2EEEEE,0xDD2FEEEF,0xDD2EEEEE,0xDD2EEFEE,0xDD2EEEEE,
    0xEEEFE2DD,0xEEEEE2DD,0xEFEEE2DD,0xEEEEE2DD,0xEEEFE2DD,0xEEEEE2DD,0xEFEEE2DD,0xEEEEE2DD,
    0xEEEFEEEF,0xEEEEEEEE,0xEFEEEFEE,0xEEEEEEEE,0xEEEFEEEF,0xEEEEEEEE,0xEFEEEFEE,0xEEEEEEEE,
    0x5552EEEF,0x5552EEEE,0x5552EFEE,0x5552EEEE,0x5552EEEF,0x5552EEEE,0x5652EFEE,0x5552EEEE,
    0xEEEF2656,0xEEEE2555,0xEEEE2655,0xEEEE2555,0xEEEF2656,0xEEEE2555,0xEEEE2656,0xEEEE2555,
    0xDDD2EEEF,0xDDD2EEEE,0xDDD2EEEE,0xDDD2EEEE,0xDDD2EEEF,0xDDD2EEEE,0xDDD2EEEE,0xDDD2EEEE,
    0xEEEF2DDD,0xEEEE2DDD,0xEEEE2DDD,0xEEEE2DDD,0xEEEF2DDD,0xEEEE2DDD,0xEEEE2DDD,0xEEEE2DDD,
    0xDD2FEEEF,0xDD2EEEEE,0xDD2EEEEE,0xDD2EEEEE,0xDD2FEEEF,0xDD2EEEEE,0xDD2EEEEE,0xDD2EEEEE,
    0xEEEFE2DD,0xEEEEE2DD,0xEEEEE2DD,0xEEEEE2DD,0xEEEFE2DD,0xEEEEE2DD,0xEEEEE2DD,0xEEEEE2DD,
    0xEEEFEEEF,0xEEEEEEEE,0xEEEEEEEE,0xEEEEEEEE,0xEEEFEEEF,0xEEEEEEEE,0xEEEEEEEE,0xEEEEEEEE,
    0x5652EEEF,0x5552EEEE,0x5652EEEE,0x5552EEEE,0x5652EEEF,0x5552EEEE,0x5652EEEE,0x5552EEEE,
    0xEEEE2656,0xEEEE2565,0xEEEE2656,0xEEEE2555,0xEEEE2656,0xEEEE2565,0xEEEE2656,0xEEEE2555,
    0xDDD2EEEE,0xDDD2EEEE,0xDDD2EEEE,0xDDD2EEEE,0xDDD2EEEE,0xDDD2EEEE,0xDDD2EEEE,0xDDD2EEEE,
    0xEEEE2DDD,0xEEEE2DDD,0xEEEE2DDD,0xEEEE2DDD,0xEEEE2DDD,0xEEEE2DDD,0xEEEE2DDD,0xEEEE2DDD,
    0xDD2EEEEE,0xDD2EEEEE,0xDD2EEEEE,0xDD2EEEEE,0xDD2EEEEE,0xDD2EEEEE,0xDD2EEEEE,0xDD2EEEEE,
    0xEEEEE2DD,0xEEEEE2DD,0xEEEEE2DD,0xEEEEE2DD,0xEEEEE2DD,0xEEEEE2DD,0xEEEEE2DD,0xEEEEE2DD,
    0xEEEEEEEE,0xEEEEEEEE,0xEEEEEEEE,0xEEEEEEEE,0xEEEEEEEE,0xEEEEEEEE,0xEEEEEEEE,0xEEEEEEEE,
    0x5652EEEE,0x5562EEEE,0x5652EEEE,0x5552EEEE,0x5652EEEE,0x5562EEEE,0x5652EEEE,0x6552EEEE,
    0xEEEE2656,0xEEEE2565,0xEEEE2656,0xEEED2555,0xEEEE2656,0xEEEE2565,0xEEEE2656,0xEEED2565,
    0xDDD2EEEE,0xDDD2EEEE,0xDDD2EEEE,0xDDD2EEED,0xDDD2EEEE,0xDDD2EEEE,0xDDD2EEEE,0xDDD2EEED,
    0xEEEE2DDD,0xEEEE2DDD,0xEEEE2DDD,0xEEED2DDD,0xEEEE2DDD,0xEEEE2DDD,0xEEEE2DDD,0xEEED2DDD,
    0xDD2EEEEE,0xDD2EEEEE,0xDD2EEEEE,0xDD2DEEED,0xDD2EEEEE,0xDD2EEEEE,0xDD2EEEEE,0xDD2DEEED,
    0xEEEEE2DD,0xEEEEE2DD,0xEEEEE2DD,0xEEEDE2DD,0xEEEEE2DD,0xEEEEE2DD,0xEEEEE2DD,0xEEEDE2DD,
    0xEEEEEEEE,0xEEEEEEEE,0xEEEEEEEE,0xEEEDEEED,0xEEEEEEEE,0xEEEEEEEE,0xEEEEEEEE,0xEEEDEEED,
    0x5652EEEE,0x5562EEEE,0x5652EEEE,0x6552EEED,0x5652EEEE,0x6562EEEE,0x5652EEEE,0x6562EEED,
    0xEEEE2656,0xEEEE2565,0xEEEE2656,0xEEED2565,0xEEEE2666,0xEDEE2565,0xEEEE2656,0xEEED2565,
    0xDDD2EEEE,0xDDD2EEEE,0xDDD2EEEE,0xDDD2EEED,0xDDD2EEEE,0xDDD2EDEE,0xDDD2EEEE,0xDDD2EEED,
    0xEEEE2DDD,0xEEEE2DDD,0xEEEE2DDD,0xEEED2DDD,0xEEEE2DDD,0xEDEE2DDD,0xEEEE2DDD,0xEEED2DDD,
    0xDD2EEEEE,0xDD2EEEEE,0xDD2EEEEE,0xDD2DEEED,0xDD2EEEEE,0xDD2EEDEE,0xDD2EEEEE,0xDD2DEEED,
    0xEEEEE2DD,0xEEEEE2DD,0xEEEEE2DD,0xEEEDE2DD,0xEEEEE2DD,0xEDEEE2DD,0xEEEEE2DD,0xEEEDE2DD,
    0xEEEEEEEE,0xEEEEEEEE,0xEEEEEEEE,0xEEEDEEED,0xEEEEEEEE,0xEDEEEDEE,0xEEEEEEEE,0xEEEDEEED,
    0x5652EEEE,0x6562EEEE,0x5652EEEE,0x6562EEED,0x5662EEEE,0x6562EDEE,0x5652EEEE,0x6562EEED,
    0xEEEE2666,0xEDEE2565,0xEEEE2656,0xEDED2777,0xEEEE2444,0xEDEE2565,0xEEEE2656,0xEDED2565,
    0xDDD2EEEE,0xDDD2EDEE,0xDDD2EEEE,0x2222EDED,0xEEEEEEEE,0xEDEEEDEE,0xEEEEEEEE,0xEDEDEDED,
    0xDDDDDDDD,0xDDDDDDDD,0xDDDDDDDD,0x22222222,0xEEEEEEEE,0xEDEEEDEE,0xEEEEEEEE,0xEDEDEDED,
    0xDDDDDDDD,0xDDDDDDDD,0xDDDDDDDD,0x22222222,0xEEEEEEEE,0x2DEEEDEE,0x2EEEEEEE,0xC2EDEDED,
    0xFFFFFFFF,0x222FFFFF,0x67622FFF,0x66556222,0x67666772,0x66666675,0x66666756,0x66666665,
    0xFFFFFFFF,0xFFFFF222,0xFFF22555,0x22256655,0x25456666,0x55556566,0x56565656,0x55556565,
    0xDDDDDDDD,0xDDDDDDDD,0xDDDDDDDD,0x22222222,0xEEEEEEEE,0xEDEEEDE2,0xEEEEEEE2,0xEDEDED2B,
    0xEEEE2DDD,0xEDEE2DDD,0xEEEE2DDD,0xEDED2222,0xEEEEEEEE,0xEDEEEDEE,0xEEEEEEEE,0xEDEDEDED,
    0xEE2FFFFF,0xEE2FFEFF,0x2222FFFF,0xBBBB2EFE,0xAA9A2FFF,0xA9992EFF,0x9A992FFF,0x88882EFE,
    0xFFFFFFFF,0xFFFFFFFF,0x22222222,0x66666666,0x56666656,0x55655554,0x56565655,0x33333333,
    0xFFFFFFFF,0xFFFFFFFF,0x22222222,0x66666666,0x44454556,0x33444454,0x34344545,0x33333333,
    0xFFFFF2EE,0xFEFFF2EE,0xFFFF2222,0xFEF2BBBB,0xFFF28989,0xFEF28888,0xFFF28888,0xFEF28888,
    0xEEEEEEEE,0xEDEEEDEE,0xEEEEEEEE,0xEDEDEDED,0xEEEEEEEE,0xEDEEEDEE,0xEEEEEEEE,0xEDEDEDED,
    0x5662EEEE,0x6562EDEE,0x6652EEEE,0x7772EDED,0x4442EEEE,0x6562EDEE,0x6652EEEE,0x6562EDED,
    0xEEEE2666,0xEDEE2565,0xEEEE2666,0xEDED2565,0xEEEE2666,0xEDED2565,0xEEEE2666,0xEDED2565,
    0xEEEEEEEE,0xEDEEEDEE,0xEEEEEEEE,0xEDEDEDED,0xEEEEEEEE,0xEDEDEDED,0xEEEEEEEE,0xEDEDEDED,
    0x62FFFFFF,0x652FFFFF,0x562FFFFF,0x552FFFFF,0x672FFFFF,0x662FFFFF,0x562FFFFF,0x52FFFFFF,
    0x66666767,0x65666666,0x56566666,0x65656666,0x56566666,0x55656566,0x56565656,0x55556564,
    0x45565656,0x54555565,0x55555656,0x54545555,0x45555556,0x44545455,0x45455555,0x44445454,
    0xFFFFFF29,0xFEFFF2A8,0xFFFFF29A,0xFEFEF299,0xFFFFF289,0xFEFEF288,0xFFFFF289,0xFEFEFE29,
    0x2222EEEE,0xEDEEEDEE,0xEEEEEEEE,0xEDEDEDED,0xEEEEEEEE,0xEDEDEDED,0xEEEEEEEE,0xEDEDEDED,
    0x22222222,0xEDEEEDEE,0xEEEEEEEE,0xEDEDEDED,0xEEEEEEEE,0xEDEDEDED,0xEEEEEEEE,0xEDEDEDED,
    0xEEEE2222,0xEDEEEDEE,0xEEEEEEEE,0xEDEDEDED,0xEEEEEEEE,0xEDEDEDED,0xEEEEEEEE,0xEDEDEDED,
    0x6662EEEE,0x6562EDEE,0x6662EEEE,0x6562EDED,0x6662EEEE,0x6562EDED,0x6662EEEE,0x6562EDED,
    0xEEEE2222,0xEDED2DDD,0x1EEE2999,0xEDED29A9,0xEEEE2AAA,0xEDED29A9,0xDDDD2A9A,0x2222A9A9,
    0xEEEEEEEE,0xEDEDEDED,0xEEEEEEEE,0xEDEDEDED,0xEEEEEEEE,0xEDEDEDED,0xDDDDDDDD,0x22222222,
    0xB2FFFFFF,0x23F3F3F3,0x2FFFFFFF,0xF3F3F3F3,0xFFFFFFFF,0xF3F3F3F3,0x33333333,0x22222222,
    0xAAABABAB,0xA9AAAABA,0xAAAAAAAB,0xA9A99992,0x89AAA22F,0x88922EFE,0x222EEEEE,0x22222222,
    0x8A9A9AAA,0x889999A9,0x89999A9A,0x29998999,0xF228899A,0xFEF22999,0xEEEEE222,0x22222222,
    0xEEEEEE27,0xEDEDEDE2,0xEEEEEEE2,0xEDEDEDED,0xEEEEEEEE,0xEDEDEDED,0xDDDDDDDD,0x22222222,
    0xEEEEEEEE,0xEDEDEDED,0x1EEEEEEE,0xEDEDEDED,0xEEEEEEEE,0xEDEDEDED,0xDDDDDDDD,0x22222222,
    0x2222EEEE,0xDDD2EDED,0x9992EEEE,0xA9A2EDED,0x9AA2EEEE,0xA9A2EDED,0xAA92DDDD,0xA9A92222,
    0x99999999,0xCB9CBCCB,0xAAAAA9AA,0xA9A9A9A9,0xAAAAAAAA,0xA9AAA9AA,0xAAAAAAAA,0xAAA9AAA9,
    0x99999999,0xBCCBCCBC,0xAAAAAAAA,0xA9A9A9A9,0xAAAAAAAA,0xA9AAA9AA,0xAAAAAAAA,0x9AA9AAA9,
    0x99999999,0xCCBCCBCC,0xAAAAAAAA,0xA9A9A9A9,0xAA9AAAAA,0xA9AA99AA,0xAAAAAA9A,0xAAA9AAA9,
    0x99999999,0xCBC9BCCB,0xAAAAA9AA,0xA9A9A9A9,0xAAAAAAAA,0xA9AAA9AA,0xAAAAAAAA,0xAAA9AAA9,
    0x99999999,0xBCCBCCBC,0xAAAAAAAA,0xA9A9A9A9,0xAAAAAAAA,0xA9AAA9AA,0xAAAAAAAA,0xAAA9AAA9,
    0x99999999,0xCCBCCBCC,0xAAAAAAAA,0xA9A9A9A9,0xA9AAAAAA,0xA9A9A9AA,0xAAAA9AAA,0xAAA9AA99,
    0x99999999,0xCBCC9CCB,0xAAAAAA9A,0xA9A9A9A9,0xAAAAAAAA,0xA9AAA9AA,0xAAAAAAAA,0xAAA9AAA9,
    0x99999999,0xCCBCCBCC,0xAAAAAAAA,0xA9A9A9A9,0x9AAAAAAA,0xA9AAA9AA,0xAA9AAAAA,0xAAA99AA9,
    0x99999999,0xCBCCB9CB,0xAAAAAA9A,0xA9A9A9A9,0xAAAAAAAA,0xA9AAA9AA,0xAAAAAAAA,0xAAA9AAA9,
    0x99999999,0xCCBCCBCC,0xAAAAAAAA,0xA9A9A9A9,0x9AAAAAAA,0x99AAA9AA,0xA9AAAAAA,0xA9A9AAA9,
    0x99999999,0xCBCCBC9B,0xAAAAAAA9,0xA9A9A9A9,0xAAAAAAAA,0xA9AAA9AA,0xAAAAAAAA,0xAAA9AAA9,
    0x99999999,0xCCBCCBCC,0xAAAAAAAA,0xA9A9A9A9,0xAAAAAAAA,0xA9AAA9AA,0xAAAAAAAA,0xAAA9AAA9,
    0x99999999,0xCBCCBCC9,0xAAAAAAA9,0xA9A9A9A9,0xAAAAAAA9,0xA9AAA9A9,0xAAAAAAA9,0xAAA9AAA9,
    0x99999999,0x9CBCCBCC,0xAAAAAAAA,0xA9A9A9A9,0xAAAAAAAA,0xA9AAA9AA,0xAAAAAAAA,0xAAA9AAA9,
    0x99999999,0xCBCCBCCB,0xAAAAAAA9,0xA9A9A9A9,0xAAAAAA9A,0xA9AAA99A,0xAAAAA9AA,0xAAA9A9A9,
    0x99999999,0xC9BCCBCC,0x9AAAAAAA,0xA9A9A9A9,0xAAAAAAAA,0xA9AAA9AA,0xAAAAAAAA,0xAAA9AAA9,
    0x99999999,0xCBCCBCCB,0xAAAAAAAA,0xA9A9A9A9,0xAAAAAA9A,0xA9AAA9AA,0xAAAA9AAA,0xAA99AAA9,
    0x99999999,0xCC9CCBCC,0x9AAAAAAA,0xA9A9A9A9,0xAAAAAAAA,0xA9AAA9AA,0xAAAAAAAA,0xAAA9AAA9,
    0x99999999,0xCBCCBCCB,0xAAAAAAAA,0xA9A9A9A9,0xAAAAA9AA,0xA9A9A9AA,0xAA9AAAAA,0x9AA9AAA9,
    0x99999999,0xCCB9CBCC,0xA9AAAAAA,0xA9A9A9A9,0xAAAAAAAA,0xA9AAA9AA,0xAAAAAAAA,0xAAA9AAA9,
    0x99999999,0xCBCCBCCB,0xAAAAAAAA,0xA9A9A9A9,0xAAAA9AAA,0xA99AA9AA,0x9AAAAAAA,0xAAA9AAA9,
    0x99999999,0xBCCBCCBC,0xAAAAAAAA,0xA9A9A9A9,0xAAAAAAAA,0xA9AAA9AA,0xAAAAAAAA,0xAAA9AA99,
    0x99999999,0xCCBC9BCC,0xA9AAAAAA,0xA9A9A9A9,0xAAAAAAAA,0xA9AAA9AA,0xAAAAAAAA,0xAAA9AAA9,
    0xAAAAAAAA,0xAAAAAAAA,0x99999999,0xC9CCBCCB,0xAAA9AAAA,0xAAAAA9AA,0xAAAAAAAA,0xAAAAAAAA,
    0xAA9AAAAA,0xAAAAA9AA,0x99999999,0xBCCBCCBC,0xAAAAAAAA,0xAAAAAAAA,0xAAAAAAAA,0xAAAAAAAA,
    0xAAAAAAAA,0xAAAAAAAA,0x99999999,0xCCBCCBCC,0xAAAAAAAA,0xAAAAAAAA,0xAAAAAAAA,0xAAAAAAAA,
    0xAAAAAAAA,0xAAAAAAAA,0x99999999,0xCBCCBCCB,0xAAAAAAAA,0x9AAAAAAA,0xAA9AAAAA,0xAAA9AAAA,
    0x9AAAAAAA,0xA9AAAAAA,0x99999999,0xBCCBC9BC,0xAAAAAA9A,0xAAAAAAAA,0xAAAAAAAA,0xAAAAAAAA,
    0xAAAAAAAA,0xAAAAAAAA,0x99999999,0xCBCCBCCB,0xAAAAAAAA,0xAAAAAAAA,0xAAAAAAAA,0xAAAAAAAA,
    0xAAAAAAAA,0xAAAAAAAA,0x99999999,0x9CCBCCBC,0xA9AAAAAA,0xAA9AAAAA,0xAAA9AAAA,0xAAAA9AAA,
    0xAAAAA9AA,0xAAAAAA9A,0x99999999,0xCCBCCBCC,0xAAAAAAAA,0xAAAAAAAA,0xAAAAAAAA,0xAAAAAAAA,
    0xAAAAAAAA,0xAAAAAAAA,0x99999999,0xBCCBCCBC,0xAAAAAAAA,0xAAAAAAAA,0xAAAAAAAA,0xAAAAAAAA,
    0xAA9AAAAA,0xAA9AAAAA,0x99999999,0xCCBC9BCC,0xAAAA9AAA,0xAAAAA9AA,0xAAAAA9AA,0xAAAAAA9A,
    0xAAAAAAA9,0xAAAAAAA9,0x99999999,0xCBCCBCC9,0xAAAAAAA9,0xAAAAAAA9,0xAAAAAAA9,0xAAAAAAA9,
    0xAAAA9AAA,0xAAAA9AAA,0x99999999,0xCB9CBCCB,0xAA9AAAAA,0xA9AAAAAA,0xA9AAAAAA,0x9AAAAAAA,
    0xA9AAAAAA,0x9AAAAAAA,0x99999999,0xCBCCBCCB,0xAAAAAAAA,0xAAAAAAAA,0xAAAAAAAA,0xAAAAAAAA,
    0xAAAAAAAA,0xAAAAAAAA,0x99999999,0xBCCBCC9C,0xAAAAA9AA,0xAAAA9AAA,0xAAA9AAAA,0xAA9AAAAA,
    0xAAAAAA9A,0xAAAAA9AA,0x99999999,0xB9CBCCBC,0x9AAAAAAA,0xAAAAAAAA,0xAAAAAAAA,0xAAAAAAAA,
    0xAAAAAAAA,0xAAAAAAAA,0x99999999,0xCCBCCBCC,0xAAAAAAAA,0xAAAAAA9A,0xAAAA9AAA,0xAAA9AAAA,
    0xAAAA9AAA,0xA9AAAAAA,0x99999999,0xBCCBCCBC,0xAAAAAAAA,0xAAAAAAAA,0xAAAAAAAA,0xAAAAAAAA,
    0xAAAAAAAA,0xAAAAAAAA,0x99999999,0xCCBCC9CC,0xAAA9AAAA,0xA9AAAAAA,0xAAAAAAAA,0xAAAAAAAA,
    0xAAABAAAB,0xAAAAAAAA,0xABAAABAA,0xAAAAAAAA,0xABABABAB,0xAAAAAAAA,0x99999999,0xCBCCBCCB,
    0xAAABAAAB,0xAAAAAAAA,0xABAAABAA,0xAAAAAAAA,0xABABABAB,0xAAAAAAAA,0x99999999,0x9CCBCCBC,
    0xAAABAAAB,0xAAAAAAAA,0x9BAAABAA,0xAA9AAAAA,0xABA9ABAB,0xAAAAA9AA,0x99999999,0xCCBCCBCC,
    0xAAABA9AB,0xAAAAAA9A,0xABAAABAA,0xAAAAAAAA,0xABABABAB,0xAAAAAAAA,0x99999999,0xCBCCBCCB,
    0xAAABAAAB,0xAAAAAAAA,0xABAAABAA,0xAAAAAAAA,0xABABABAB,0xAAAAAAAA,0x99999999,0xBCCBCCBC,
    0xAAABAAAB,0xAAAAAAAA,0xABAAABAA,0xAAAAAAAA,0xABABABAB,0xAAAAAAAA,0x99999999,0xCCBCCBCC,
    0xAAABAAAB,0xAAAAAAAA,0x9BAAABAA,0xA9AAAAAA,0xAB9BABAB,0xAAA9AAAA,0x99999999,0xCBCCB9CB,
    0xAAABAA9B,0xAAAAAAA9,0xABAAABAA,0xAAAAAAAA,0xABABABAB,0xAAAAAAAA,0x99999999,0xBCCBCCBC,
    0xAAABAAAB,0xAAAAAAAA,0xABAAABAA,0x9AAAAAAA,0x9BABABAB,0xA9AAAAAA,0x99999999,0xBC9BCCBC,
    0xAAABAA9B,0xAAAAAAA9,0xABAAABA9,0xAAAAAAAA,0xABABABAB,0xAAAAAAAA,0x99999999,0xCCBCCBCC,
    0xAAABAAA9,0xAAAAAAA9,0xABAAABA9,0xAAAAAAA9,0xABABABA9,0xAAAAAAA9,0x99999999,0xCBCCBCC9,
    0x9AABAAAB,0xAAAAAAAA,0xABAAABAA,0xAAAAAAAA,0xABABABAB,0xAAAAAAAA,0x99999999,0xCBCCBCCB,
    0xAAABAAAB,0xAAAAAAA9,0xABAAABA9,0xAAAAAA9A,0xABABAB9B,0xAAAAA9AA,0x99999999,0xBCCB9CBC,
    0x9AABAAAB,0xAAAAAAAA,0xABAAABAA,0xAAAAAAAA,0xABABABAB,0xAAAAAAAA,0x99999999,0xBCCBCCBC,
    0xAAABAAAB,0xAAAAAAA9,0xABAAAB9A,0xAAAAA9AA,0xABAB9BAB,0xAAA9AAAA,0x99999999,0xC9BCCBCC,
    0xA9ABAAAB,0x9AAAAAAA,0xABAAABAA,0xAAAAAAAA,0xABABABAB,0xAAAAAAAA,0x99999999,0xCCBCCBCC,
    0xAAABAAAB,0xAAAAAAAA,0xABAAAB9A,0xAAAA9AAA,0xABA9ABAB,0xA9AAAAAA,0x99999999,0xCBCCBCCB,
    0xAAABAAAB,0xAAAAAAAA,0xABAAABAA,0xAAAAAAAA,0xABABABAB,0xAAAAAAAA,0x99999999,0xBCCBCC9C,
    0xABABABAB,0xAABAAABA,0xABABABAB,0xBAAABAAA,0xA9ABABAB,0xBA9ABABA,0xABAB9BAB,0xBABABA9A,
    0xAB9BABAB,0xAABA9ABA,0xABABA9AB,0xBAAABAA9,0xABABABAB,0xBABABABA,0xABABABAB,0xBABABABA,
    0xABABABAB,0xAABAAABA,0xABABABAB,0xBAAABAAA,0xABABABAB,0xBABABABA,0xABABABAB,0xBABABABA,
    0xABABABAB,0x9ABAAABA,0xA9ABABAB,0xBA9ABAAA,0xABA9ABAB,0xBABA9ABA,0xABABA9AB,0xBABABA9A,
    0xABABAB9B,0xAABAAABA,0xABABABAB,0xBAAABAAA,0xABABABAB,0xBABABABA,0xABABABAB,0xBABABABA,
    0xABA9ABAB,0xAAB9AABA,0xABAB9BAB,0xBAAA9AAA,0xABABA9AB,0xBABAB9BA,0xABABAB9B,0xBABABAB9,
    0xABABABA9,0xAABAAAB9,0xABABABA9,0xBAAABAA9,0xABABABA9,0xBABABAB9,0xABABABA9,0xBABABAB9,
    0xABA9ABAB,0xAAB9AABA,0xAB9BABAB,0xBA9ABAAA,0xA9ABABAB,0xB9BABABA,0x9BABABAB,0xBABABABA,
    0xABABABAB,0xAABAAABA,0xABABABAB,0xBAAABAAA,0xABABABAB,0xBABABABA,0xABABABAB,0xBABABAB9,
    0x9BABABAB,0xAABAAABA,0xABABABAB,0xBAAABAAA,0xABABABAB,0xBABABABA,0xABABABAB,0xBABABABA,
    0xABABABAB,0xAABAAA9A,0xABABA9AB,0xBAAA9AAA,0xABA9ABAB,0xBA9ABABA,0xA9ABABAB,0x9ABABABA,
    0xABAB9BAB,0xAA9AAABA,0xA9ABABAB,0xBAAABAAA,0xABABABAB,0xBABABABA,0xABABABAB,0xBABABABA,
    0xABABABAB,0xAABAAABA,0xABABABAB,0xBAAABAA9,0xABABA9AB,0xBABA9ABA,0xAB9BABAB,0x9ABABABA,
    0xABABABA9,0xBABABABA,0xABABABAB,0xBABABABA,0x99999999,0xCBCCBCCB,0xBBABBBAB,0xBABABABA,
    0xABABABAB,0xBABABABA,0xABABABAB,0xBABABABA,0x99999999,0xBCCBCCBC,0xBBABBBAB,0xBABABABA,
    0xABABABAB,0xBABABABA,0xABABABAB,0xBABABABA,0x99999999,0xCCBCCBCC,0xBBABBBAB,0xBABABABA,
    0xABABABAB,0xBABABABA,0xABABABAB,0xBABABABA,0x99999999,0xCBCCBCCB,0xBBABBBAB,0xBABABABA,
    0xABABABAB,0x9ABABABA,0xA9ABABAB,0xBAB9BABA,0x99999999,0xBCCBC9BC,0xBBABBB9B,0xBABABAB9,
    0xABABABA9,0xBABABABA,0xABABABAB,0xBABABABA,0x99999999,0xCCBCCBCC,0xBBABBBAB,0xBABABABA,
    0xABABABAB,0x9ABABABA,0x9BABABAB,0xB9BABABA,0x99999999,0xCB9CBCCB,0xBB9BBBAB,0xBAB9BABA,
    0xABABABA9,0xBABABABA,0xABABABAB,0xBABABABA,0x99999999,0xBCCBCCBC,0xBBABBBAB,0xBABABABA,
    0xABABABA9,0xBABABAB9,0xABABABA9,0xBABABAB9,0x99999999,0xCBCCBCC9,0xBBABBBA9,0xBABABAB9,
    0xABABABA9,0xBABABA9A,0xABABAB9B,0xBABAB9BA,0x99999999,0xCCBC9BCC,0xBBAB9BAB,0xBAB9BABA,
    0xABABABA9,0xBABABA9A,0xABABA9AB,0xBAB9BABA,0x99999999,0xB9CBCCBC,0x9BABBBAB,0xBABABABA,
    0xABABABAB,0xBABABABA,0xABABABAB,0xBABABABA,0x99999999,0xCCBCCBCC,0xBBABBBAB,0xBABABAB9,
};
static const u16 fz_scene_tuner_map[600] GFX_FUSION_UNUSED = {
    0x3000,0x3000,0x3000,0x3000,0x3000,0x3000,0x3000,0x3000,0x3000,0x3000,0x3000,0x3000,0x3000,0x3000,0x3000,
    0x3000,0x3000,0x3000,0x3000,0x3000,0x3000,0x3000,0x3000,0x3000,0x3000,0x3000,0x3000,0x3000,0x3000,0x3000,
    0x4001,0x4002,0x4001,0x4002,0x4001,0x4002,0x4001,0x4002,0x4001,0x4002,0x4001,0x4002,0x4001,0x4002,0x4001,
    0x4002,0x4001,0x4002,0x4001,0x4002,0x4001,0x4002,0x4001,0x4002,0x4001,0x4002,0x4001,0x4002,0x4001,0x4002,
    0x3003,0x3004,0x3005,0x3006,0x3005,0x3005,0x3005,0x3005,0x3005,0x3005,0x3005,0x3006,0x3005,0x3005,0x3005,
    0x3005,0x3005,0x3005,0x3005,0x3006,0x3005,0x3005,0x3005,0x3007,0x3008,0x3005,0x3005,0x3009,0x300A,0x300B,
    0x300C,0x300D,0x700E,0x700E,0x700E,0x700E,0x700E,0x700E,0x700E,0x700E,0x700E,0x700E,0x700E,0x700E,0x700E,
    0x700E,0x700E,0x700E,0x700E,0x700E,0x700E,0x700E,0x700E,0x300F,0x5010,0x4011,0x4012,0x7013,0x3014,0x3015,
    0x3016,0x3017,0x7000,0x7000,0x7000,0x7000,0x7000,0x7000,0x7000,0x7000,0x7000,0x7000,0x7000,0x7000,0x7000,
    0x7000,0x7000,0x7000,0x7000,0x7000,0x7000,0x7000,0x7000,0x3018,0x3019,0x701A,0x701A,0x301B,0x301C,0x301D,
    0x301E,0x301F,0x7000,0x7000,0x7000,0x7000,0x7000,0x7000,0x7000,0x7000,0x7000,0x7000,0x7000,0x7000,0x7000,
    0x7000,0x7000,0x7000,0x7000,0x7000,0x7000,0x7000,0x7000,0x3020,0x3021,0x701A,0x701A,0x3022,0x3023,0x3024,
    0x3025,0x3026,0x7000,0x7000,0x7000,0x7000,0x7000,0x7000,0x7000,0x7000,0x7000,0x7000,0x7000,0x7000,0x7000,
    0x7000,0x7000,0x7000,0x7000,0x7000,0x7000,0x7000,0x7000,0x3027,0x3028,0x701A,0x701A,0x3029,0x302A,0x302B,
    0x302C,0x302D,0x7000,0x7000,0x7000,0x7000,0x7000,0x7000,0x7000,0x7000,0x7000,0x7000,0x7000,0x7000,0x7000,
    0x7000,0x7000,0x7000,0x7000,0x7000,0x7000,0x7000,0x7000,0x302E,0x302F,0x701A,0x701A,0x3030,0x3031,0x3032,
    0x3033,0x3034,0x7000,0x7000,0x7000,0x7000,0x7000,0x7000,0x7000,0x7000,0x7000,0x7000,0x7000,0x7000,0x7000,
    0x7000,0x7000,0x7000,0x7000,0x7000,0x7000,0x7000,0x7000,0x3035,0x3036,0x701A,0x701A,0x3037,0x3038,0x3039,
    0x303A,0x303B,0x7000,0x7000,0x7000,0x7000,0x7000,0x7000,0x7000,0x7000,0x7000,0x7000,0x7000,0x7000,0x7000,
    0x7000,0x7000,0x7000,0x7000,0x7000,0x7000,0x7000,0x7000,0x303C,0x303D,0x701A,0x701A,0x303E,0x303F,0x3040,
    0x3041,0x3042,0x7000,0x7000,0x7000,0x7000,0x7000,0x7000,0x7000,0x7000,0x7000,0x7000,0x7000,0x7000,0x7000,
    0x7000,0x7000,0x7000,0x7000,0x7000,0x7000,0x7000,0x7000,0x3043,0x3044,0x701A,0x701A,0x3045,0x3046,0x3047,
    0x3048,0x3049,0x7000,0x7000,0x7000,0x7000,0x7000,0x7000,0x7000,0x7000,0x7000,0x7000,0x7000,0x7000,0x7000,
    0x7000,0x7000,0x7000,0x7000,0x7000,0x7000,0x7000,0x7000,0x304A,0x304B,0x701A,0x701A,0x304C,0x304D,0x304E,
    0x304F,0x3050,0x3051,0x3051,0x7052,0x4053,0x4054,0x3055,0x3051,0x3051,0x3051,0x3051,0x3051,0x3051,0x3051,
    0x7052,0x4053,0x4054,0x3055,0x3051,0x3051,0x3051,0x3051,0x3056,0x5057,0x4058,0x4059,0x505A,0x305B,0x305C,
    0x305D,0x305E,0x305E,0x305E,0x405F,0x4060,0x4061,0x5062,0x305E,0x305E,0x305E,0x305E,0x305E,0x305E,0x305E,
    0x405F,0x4060,0x4061,0x5062,0x305E,0x305E,0x305E,0x305E,0x305E,0x3063,0x3064,0x3064,0x3065,0x305E,0x3066,
    0x3067,0x3068,0x3068,0x3068,0x6069,0x506A,0x506B,0x706C,0x3068,0x3068,0x3068,0x3068,0x3068,0x3068,0x3068,
    0x6069,0x506A,0x506B,0x706C,0x3068,0x3068,0x3068,0x3068,0x3068,0x3068,0x3068,0x3068,0x3068,0x306D,0x306E,
    0x306F,0x3070,0x3071,0x3072,0x3073,0x3074,0x3075,0x3073,0x3076,0x3077,0x3073,0x3078,0x3079,0x3073,0x307A,
    0x307B,0x3073,0x307C,0x307D,0x3073,0x307E,0x307F,0x3073,0x3080,0x3081,0x3073,0x3082,0x3083,0x3084,0x3085,
    0x3086,0x3087,0x3088,0x3089,0x308A,0x3088,0x308B,0x308C,0x308D,0x308B,0x308E,0x308F,0x308B,0x308E,0x3088,
    0x3090,0x308E,0x3088,0x3091,0x308E,0x3088,0x3092,0x3093,0x3088,0x308B,0x3094,0x3095,0x308B,0x3096,0x3097,
    0x3098,0x3099,0x309A,0x309B,0x309C,0x309D,0x309E,0x309F,0x309D,0x3098,0x30A0,0x30A1,0x3098,0x309C,0x309D,
    0x30A2,0x309C,0x309D,0x30A3,0x30A4,0x309D,0x3098,0x30A5,0x30A6,0x3098,0x309C,0x30A7,0x30A8,0x30A9,0x309D,
    0x30AA,0x30AB,0x30AC,0x30AC,0x30AC,0x30AD,0x30AE,0x30AC,0x30AC,0x30AC,0x30AF,0x30AC,0x30AC,0x30AC,0x30AC,
    0x30B0,0x30AC,0x30AC,0x30AC,0x30B1,0x30B2,0x30AC,0x30AC,0x30B3,0x30B4,0x30AC,0x30AC,0x30AC,0x30B5,0x30B6,
    0x30B7,0x30B8,0x30B9,0x30BA,0x30BB,0x30BC,0x30BA,0x30B8,0x30B9,0x30BD,0x30BE,0x30B9,0x30BA,0x30B8,0x30B9,
    0x30BF,0x30B8,0x30B9,0x30BA,0x30B8,0x30C0,0x30BA,0x30B8,0x30B9,0x30BA,0x30C1,0x30C2,0x30BA,0x30B8,0x30B9,
};
static const u32 *const fz_scene_tiles[FZ_SCENE_COUNT] GFX_FUSION_UNUSED = {
    fz_scene_works_tiles, fz_scene_extract_tiles, fz_scene_loom_tiles, fz_scene_tuner_tiles,
};
static const u16 *const fz_scene_map[FZ_SCENE_COUNT] GFX_FUSION_UNUSED = {
    fz_scene_works_map, fz_scene_extract_map, fz_scene_loom_map, fz_scene_tuner_map,
};
static const u16 fz_scene_pal[FZ_SCENE_COUNT][5][16] GFX_FUSION_UNUSED = {
    { /* WORKS */
        {0x0,0x7FFF,0x821,0xC21,0x1462,0x20A4,0x28E5,0x3527,0x45AB,0xC42,0x1884,0x20C6,0x2908,0x2D28,0x45CD,0x5EB4},
        {0x0,0x7FFF,0x821,0xCCA,0x1192,0x1E59,0x371D,0x5FBF,0xC8B,0x1534,0x2A1B,0x1462,0x20A4,0x28E5,0xC42,0x2D28},
        {0x0,0x7FFF,0x821,0x348A,0x5113,0x5DBA,0x72BE,0x7F9F,0xCCA,0x1192,0x1E59,0x371D,0x1462,0x20A4,0x30C8,0x3D0C},
        {0x0,0x7FFF,0x821,0x2CE4,0x55E9,0x6ED0,0x7B98,0x2D42,0x4644,0x636D,0x954,0x169D,0x3F7F,0x1462,0x20A4,0x45CD},
        {0x0,0x7FFF,0x821,0xC61,0x1922,0x4B8C,0x18FC,0x106F,0x2D28,0x45CD,0x5EB4,0x1462,0x20A4,0xC42,0x1884,0x1534},
    },
    { /* EXTRACT */
        {0x0,0x7FFF,0x821,0xC21,0x1462,0x20A4,0x28E5,0x3527,0x45AB,0xC42,0x1884,0x20C6,0x2908,0x2D28,0x45CD,0x5EB4},
        {0x0,0x7FFF,0x821,0xCCA,0x1192,0x1E59,0x371D,0x5FBF,0xC8B,0x1534,0x2A1B,0x1462,0x20A4,0x28E5,0xC42,0x2D28},
        {0x0,0x7FFF,0x821,0x348A,0x5113,0x5DBA,0x72BE,0x7F9F,0xCCA,0x1192,0x1E59,0x371D,0x1462,0x20A4,0x30C8,0x3D0C},
        {0x0,0x7FFF,0x821,0x2CE4,0x55E9,0x6ED0,0x7B98,0x2D42,0x4644,0x636D,0x954,0x169D,0x3F7F,0x1462,0x20A4,0x45CD},
        {0x0,0x7FFF,0x821,0x1862,0x2CE4,0x55E9,0x7B98,0xCCA,0x1E59,0x1462,0x4B3F,0x1DFE,0xCF2,0x7E59,0x6D4F,0x3C67},
    },
    { /* LOOM */
        {0x0,0x7FFF,0x821,0xC21,0x1462,0x20A4,0x28E5,0x3527,0x45AB,0xC42,0x1884,0x20C6,0x2908,0x2D28,0x45CD,0x5EB4},
        {0x0,0x7FFF,0x821,0xCCA,0x1192,0x1E59,0x371D,0x5FBF,0xC8B,0x1534,0x2A1B,0x1462,0x20A4,0x28E5,0xC42,0x2D28},
        {0x0,0x7FFF,0x821,0x348A,0x5113,0x5DBA,0x72BE,0x7F9F,0xCCA,0x1192,0x1E59,0x371D,0x1462,0x20A4,0x30C8,0x3D0C},
        {0x0,0x7FFF,0x821,0x2CE4,0x55E9,0x6ED0,0x7B98,0x2D42,0x4644,0x636D,0x954,0x169D,0x3F7F,0x1462,0x20A4,0x45CD},
        {0x0,0x7FFF,0x821,0xC61,0x1922,0x4B8C,0x18FC,0x106F,0x2D28,0x45CD,0x5EB4,0x1462,0x20A4,0xC8B,0x1534,0x2A1B},
    },
    { /* TUNER */
        {0x0,0x7FFF,0x821,0xC21,0x1462,0x20A4,0x28E5,0x3527,0x45AB,0xC42,0x1884,0x20C6,0x2908,0x2D28,0x45CD,0x5EB4},
        {0x0,0x7FFF,0x821,0xCCA,0x1192,0x1E59,0x371D,0x5FBF,0xC8B,0x1534,0x2A1B,0x1462,0x20A4,0x28E5,0xC42,0x2D28},
        {0x0,0x7FFF,0x821,0x348A,0x5113,0x5DBA,0x72BE,0x7F9F,0xCCA,0x1192,0x1E59,0x371D,0x1462,0x20A4,0x30C8,0x3D0C},
        {0x0,0x7FFF,0x821,0x2CE4,0x55E9,0x6ED0,0x7B98,0x2D42,0x4644,0x636D,0x954,0x169D,0x3F7F,0x1462,0x20A4,0x45CD},
        {0x0,0x7FFF,0x821,0x861,0x14C2,0x2144,0x1EDF,0x114F,0x53EF,0x29E5,0x1443,0x5DBA,0x7B3F,0x2D28,0x45CD,0x5EB4},
    },
};

/* Geometry (pixels). EXTRACT: the dome (the kin's portrait sits behind the
 * canvas inside it), the flask mouth and the flask's inner spans; bank 7 of
 * EXTRACT holds the liquid at 10..12 (type A light, fill, dark) and 13..15 (B). */
#define FZ_DOME_CX 56
#define FZ_DOME_CY 60
#define FZ_DOME_R 34
#define FZ_FLASK_MOUTH_X 184
#define FZ_FLASK_MOUTH_Y 20
#define FZ_FLASK_Y0 26
#define FZ_FLASK_ROWS 80
static const u8 fz_flask_span[FZ_FLASK_ROWS][2] GFX_FUSION_UNUSED = {
    {178,189}, {178,189}, {178,189}, {178,189}, {178,189}, {178,189}, {178,189}, {178,189},
    {178,189}, {178,189}, {178,189}, {178,189}, {178,189}, {178,189}, {178,189}, {178,189},
    {178,189}, {178,189}, {178,189}, {178,189}, {178,189}, {175,192}, {172,195}, {170,197},
    {168,199}, {167,200}, {165,202}, {164,203}, {163,204}, {162,205}, {161,206}, {160,207},
    {160,207}, {159,208}, {158,209}, {158,209}, {157,210}, {157,210}, {156,211}, {156,211},
    {156,211}, {155,212}, {155,212}, {155,212}, {155,212}, {154,213}, {154,213}, {154,213},
    {154,213}, {154,213}, {154,213}, {154,213}, {154,213}, {154,213}, {154,213}, {155,212},
    {155,212}, {155,212}, {155,212}, {156,211}, {156,211}, {156,211}, {157,210}, {157,210},
    {158,209}, {158,209}, {159,208}, {160,207}, {160,207}, {161,206}, {162,205}, {163,204},
    {164,203}, {165,202}, {167,200}, {168,199}, {170,197}, {172,195}, {175,192}, {179,188},
};
#define FZ_WORKS_LOOM_X 100
#define FZ_WORKS_LOOM_Y 62
#define FZ_WORKS_DOME_X 30
#define FZ_WORKS_DOME_Y 70
/* WORKS tanks: x, top, bottom, liquid top */
static const u8 fz_works_tank[2][4] GFX_FUSION_UNUSED = {
    {140,50,104,71},
    {156,50,104,61},
};
/* LOOM: ring centre, sockets (angles in 256ths of a turn), reel windows (20x20). */
#define FZ_LOOM_X 120
#define FZ_LOOM_Y 42
#define FZ_LOOM_RING_R 35
static const u8 fz_loom_socket[3][2] GFX_FUSION_UNUSED = { {120,7}, {90,60}, {150,60} };
static const u8 fz_loom_reel[2][2] GFX_FUSION_UNUSED = { {97,80}, {123,80} };
/* TUNER: scope screen, timer bar and meter (bank 7: 3 screen, 4 grid, 5 grid light,
 * 6 target wave, 7 its glow, 8 your wave, 9 its glow, 10 meter back, 11 meter,
 * 12 meter light, 13..15 steel), knob centres. */
#define FZ_CRT_X 16
#define FZ_CRT_Y 32
#define FZ_CRT_W 168
#define FZ_CRT_H 64
#define FZ_TIMER_X 16
#define FZ_TIMER_Y 24
#define FZ_TIMER_W 168
#define FZ_TIMER_H 4
#define FZ_METER_X 200
#define FZ_METER_Y 32
#define FZ_METER_W 16
#define FZ_METER_H 64
static const u8 fz_knob[2][2] GFX_FUSION_UNUSED = { {48,108}, {136,108} };

#endif /* GFX_FUSION_H */
